ISO-10303-21;
HEADER;
FILE_DESCRIPTION (( 'STEP AP214' ),
    '1' );
FILE_NAME ('Same_Sky_SLW-1277545-3A-RA-N-D.step',
    '2025-01-07T19:06:06',
    ( '' ),
    ( '' ),
    'SwSTEP 2.0',
    'SolidWorks 2024',
    '' );
FILE_SCHEMA (( 'AUTOMOTIVE_DESIGN' ));
ENDSEC;

DATA;
#1 = FACE_OUTER_BOUND ( 'NONE', #2469, .T. ) ;
#2 = CARTESIAN_POINT ( 'NONE',  ( 0.06692913385826908257, 0.1181102362204649731, 0.1614173228346456879 ) ) ;
#3 = ORIENTED_EDGE ( 'NONE', *, *, #2946, .T. ) ;
#4 = EDGE_CURVE ( 'NONE', #1391, #3162, #330, .T. ) ;
#5 = ORIENTED_EDGE ( 'NONE', *, *, #3228, .F. ) ;
#6 = LINE ( 'NONE', #1829, #917 ) ;
#7 = PLANE ( 'NONE',  #1610 ) ;
#8 = DIRECTION ( 'NONE',  ( 0.000000000000000000, 0.000000000000000000, 1.000000000000000000 ) ) ;
#9 = EDGE_CURVE ( 'NONE', #2682, #2634, #985, .T. ) ;
#10 = ORIENTED_EDGE ( 'NONE', *, *, #1530, .F. ) ;
#11 = CIRCLE ( 'NONE', #3533, 0.01181102362204594289 ) ;
#12 = DIRECTION ( 'NONE',  ( 1.000000000000000000, 0.000000000000000000, 0.000000000000000000 ) ) ;
#13 = VECTOR ( 'NONE', #839, 39.37007874015748854 ) ;
#14 = ORIENTED_EDGE ( 'NONE', *, *, #2854, .T. ) ;
#15 = EDGE_CURVE ( 'NONE', #2584, #382, #87, .T. ) ;
#16 = VECTOR ( 'NONE', #3450, 39.37007874015748143 ) ;
#17 = VECTOR ( 'NONE', #3729, 39.37007874015748143 ) ;
#18 = EDGE_LOOP ( 'NONE', ( #107, #258, #2352, #2916, #1485, #1570, #1677 ) ) ;
#19 = VECTOR ( 'NONE', #3400, 39.37007874015748143 ) ;
#20 = ORIENTED_EDGE ( 'NONE', *, *, #3651, .T. ) ;
#21 = CARTESIAN_POINT ( 'NONE',  ( -0.1574803149606212593, -0.1437007874015747977, 0.08267716535433072833 ) ) ;
#22 = DIRECTION ( 'NONE',  ( 1.000000000000000000, 6.083413833562569766E-14, 0.000000000000000000 ) ) ;
#23 = CIRCLE ( 'NONE', #3417, 0.01181102362204594289 ) ;
#24 = CARTESIAN_POINT ( 'NONE',  ( -0.1889763779527527665, 0.000000000000000000, 0.000000000000000000 ) ) ;
#25 = CARTESIAN_POINT ( 'NONE',  ( 0.1889763779527613985, 0.03149606299211815674, 0.1771653543307086798 ) ) ;
#26 = ORIENTED_EDGE ( 'NONE', *, *, #1027, .F. ) ;
#27 = AXIS2_PLACEMENT_3D ( 'NONE', #1179, #227, #1124 ) ;
#28 = VERTEX_POINT ( 'NONE', #727 ) ;
#29 = DIRECTION ( 'NONE',  ( 1.000000000000000000, 0.000000000000000000, 0.000000000000000000 ) ) ;
#30 = DIRECTION ( 'NONE',  ( -1.000000000000000000, 0.000000000000000000, 0.000000000000000000 ) ) ;
#31 = CIRCLE ( 'NONE', #3958, 0.01574803149606125718 ) ;
#32 = DIRECTION ( 'NONE',  ( 1.000000000000000000, 0.000000000000000000, 0.000000000000000000 ) ) ;
#33 = VERTEX_POINT ( 'NONE', #2303 ) ;
#34 = VECTOR ( 'NONE', #1900, 39.37007874015748143 ) ;
#35 = EDGE_CURVE ( 'NONE', #933, #939, #3470, .T. ) ;
#36 = CARTESIAN_POINT ( 'NONE',  ( -0.1574803149606212593, -0.01181102362204812864, 0.01574803149606321048 ) ) ;
#37 = LINE ( 'NONE', #3127, #3879 ) ;
#38 = ORIENTED_EDGE ( 'NONE', *, *, #336, .T. ) ;
#39 = VERTEX_POINT ( 'NONE', #409 ) ;
#40 = LINE ( 'NONE', #1559, #3430 ) ;
#41 = EDGE_CURVE ( 'NONE', #3137, #357, #149, .T. ) ;
#42 = ORIENTED_EDGE ( 'NONE', *, *, #161, .F. ) ;
#43 = VERTEX_POINT ( 'NONE', #1066 ) ;
#44 = LINE ( 'NONE', #350, #1754 ) ;
#45 = CARTESIAN_POINT ( 'NONE',  ( -0.1216535433070793371, 0.1141732283464484271, 0.2783464566929090833 ) ) ;
#46 = DIRECTION ( 'NONE',  ( 0.000000000000000000, 0.000000000000000000, -1.000000000000000000 ) ) ;
#47 = DIRECTION ( 'NONE',  ( 1.000000000000000000, 0.000000000000000000, 0.000000000000000000 ) ) ;
#48 = ORIENTED_EDGE ( 'NONE', *, *, #1519, .F. ) ;
#49 = ORIENTED_EDGE ( 'NONE', *, *, #1594, .F. ) ;
#50 = DIRECTION ( 'NONE',  ( 0.000000000000000000, 0.000000000000000000, 1.000000000000000000 ) ) ;
#51 = DIRECTION ( 'NONE',  ( -1.000000000000000000, 0.000000000000000000, 0.000000000000000000 ) ) ;
#52 = DIRECTION ( 'NONE',  ( 0.000000000000000000, 0.9977851578566064861, 0.06651901052381073431 ) ) ;
#53 = EDGE_LOOP ( 'NONE', ( #3703, #3655, #3957, #1198, #2693, #1454, #2845, #3700, #3341 ) ) ;
#54 = CARTESIAN_POINT ( 'NONE',  ( 0.06692913385826908257, 0.07086614173227559488, 0.01574803149606299191 ) ) ;
#55 = LINE ( 'NONE', #1275, #1997 ) ;
#56 = EDGE_CURVE ( 'NONE', #2078, #1419, #2628, .T. ) ;
#57 = ORIENTED_EDGE ( 'NONE', *, *, #305, .T. ) ;
#58 = LINE ( 'NONE', #1854, #1694 ) ;
#59 = VERTEX_POINT ( 'NONE', #1643 ) ;
#60 = EDGE_CURVE ( 'NONE', #3886, #3966, #3495, .T. ) ;
#61 = DIRECTION ( 'NONE',  ( -1.000000000000000000, 0.000000000000000000, 0.000000000000000000 ) ) ;
#62 = CARTESIAN_POINT ( 'NONE',  ( -67.36615085194036112, -5.132990351233639004, 0.1614173228346456879 ) ) ;
#63 = FACE_OUTER_BOUND ( 'NONE', #1344, .T. ) ;
#64 = CARTESIAN_POINT ( 'NONE',  ( -0.1200787401574714419, 0.03149606299211815674, 0.1614173228346456879 ) ) ;
#65 = ORIENTED_EDGE ( 'NONE', *, *, #766, .F. ) ;
#66 = EDGE_CURVE ( 'NONE', #895, #3769, #3178, .T. ) ;
#67 = ORIENTED_EDGE ( 'NONE', *, *, #1795, .F. ) ;
#68 = DIRECTION ( 'NONE',  ( 1.000000000000000000, 0.000000000000000000, 0.000000000000000000 ) ) ;
#69 = DIRECTION ( 'NONE',  ( 1.000000000000000000, 0.000000000000000000, -9.284449574024968172E-17 ) ) ;
#70 = CARTESIAN_POINT ( 'NONE',  ( -0.1377952755905446913, -0.01181102362204812864, 0.01574803149606321048 ) ) ;
#71 = ORIENTED_EDGE ( 'NONE', *, *, #703, .T. ) ;
#72 = LINE ( 'NONE', #1294, #1043 ) ;
#73 = AXIS2_PLACEMENT_3D ( 'NONE', #2050, #2097, #3280 ) ;
#74 = ORIENTED_EDGE ( 'NONE', *, *, #1425, .F. ) ;
#75 = AXIS2_PLACEMENT_3D ( 'NONE', #675, #1889, #376 ) ;
#76 = EDGE_LOOP ( 'NONE', ( #2502, #1817, #437, #1094 ) ) ;
#77 = AXIS2_PLACEMENT_3D ( 'NONE', #1303, #2533, #1001 ) ;
#78 = VECTOR ( 'NONE', #105, 39.37007874015748854 ) ;
#79 = DIRECTION ( 'NONE',  ( -1.000000000000000000, 0.000000000000000000, 0.000000000000000000 ) ) ;
#80 = CYLINDRICAL_SURFACE ( 'NONE', #3421, 0.01181102362204724046 ) ;
#81 = EDGE_CURVE ( 'NONE', #2305, #1391, #3835, .T. ) ;
#82 = DIRECTION ( 'NONE',  ( 0.000000000000000000, 0.9781955605990344527, 0.2076859292882904107 ) ) ;
#83 = AXIS2_PLACEMENT_3D ( 'NONE', #3524, #2561, #3797 ) ;
#84 = CARTESIAN_POINT ( 'NONE',  ( -0.1377952755905446913, 0.000000000000000000, 0.002952755905511810983 ) ) ;
#85 = VECTOR ( 'NONE', #3526, 39.37007874015748143 ) ;
#86 = DIRECTION ( 'NONE',  ( 0.000000000000000000, 1.000000000000000000, 0.000000000000000000 ) ) ;
#87 =( BOUNDED_CURVE ( )  B_SPLINE_CURVE ( 3, ( #1084, #1397, #2932, #124 ),
 .UNSPECIFIED., .F., .F. ) 
 B_SPLINE_CURVE_WITH_KNOTS ( ( 4, 4 ),
 ( 4.712388980384689674, 5.096785754880429842 ),
 .UNSPECIFIED. ) 
 CURVE ( )  GEOMETRIC_REPRESENTATION_ITEM ( )  RATIONAL_B_SPLINE_CURVE ( ( 1.000000000000000000, 0.9877244516659769991, 0.9877244516659769991, 1.000000000000000000 ) ) 
 REPRESENTATION_ITEM ( '' )  );
#88 = ORIENTED_EDGE ( 'NONE', *, *, #1008, .F. ) ;
#89 = AXIS2_PLACEMENT_3D ( 'NONE', #1967, #3198, #128 ) ;
#90 = DIRECTION ( 'NONE',  ( 0.000000000000000000, 0.000000000000000000, -1.000000000000000000 ) ) ;
#91 = EDGE_CURVE ( 'NONE', #1090, #1391, #1683, .T. ) ;
#92 = CARTESIAN_POINT ( 'NONE',  ( -0.1496062992125907487, -0.02362204724409515746, 0.01574803149606321048 ) ) ;
#93 = DIRECTION ( 'NONE',  ( -0.7071067811862999930, 0.000000000000000000, 0.7071067811867950414 ) ) ;
#94 = VECTOR ( 'NONE', #1141, 39.37007874015748143 ) ;
#95 = ORIENTED_EDGE ( 'NONE', *, *, #3079, .T. ) ;
#96 = CIRCLE ( 'NONE', #2979, 0.01181102362204594289 ) ;
#97 = FACE_OUTER_BOUND ( 'NONE', #2159, .T. ) ;
#98 = VECTOR ( 'NONE', #3706, 39.37007874015748143 ) ;
#99 = ORIENTED_EDGE ( 'NONE', *, *, #3096, .T. ) ;
#100 = ORIENTED_EDGE ( 'NONE', *, *, #2034, .F. ) ;
#101 = DIRECTION ( 'NONE',  ( 1.000000000000000000, 0.000000000000000000, 0.000000000000000000 ) ) ;
#102 = DIRECTION ( 'NONE',  ( 0.000000000000000000, 0.000000000000000000, 1.000000000000000000 ) ) ;
#103 = DIRECTION ( 'NONE',  ( 0.000000000000000000, 0.000000000000000000, -1.000000000000000000 ) ) ;
#104 = DIRECTION ( 'NONE',  ( 1.000000000000000000, 0.000000000000000000, 0.000000000000000000 ) ) ;
#105 = DIRECTION ( 'NONE',  ( -0.7071067811863059882, 0.000000000000000000, 0.7071067811867890462 ) ) ;
#106 = EDGE_CURVE ( 'NONE', #2096, #2419, #747, .T. ) ;
#107 = ORIENTED_EDGE ( 'NONE', *, *, #2360, .F. ) ;
#108 = DIRECTION ( 'NONE',  ( 0.000000000000000000, 0.000000000000000000, -1.000000000000000000 ) ) ;
#109 = LINE ( 'NONE', #1049, #141 ) ;
#110 = DIRECTION ( 'NONE',  ( -1.000000000000000000, 0.000000000000000000, 0.000000000000000000 ) ) ;
#111 = EDGE_CURVE ( 'NONE', #3876, #1913, #1704, .T. ) ;
#112 = ORIENTED_EDGE ( 'NONE', *, *, #1912, .F. ) ;
#113 = CARTESIAN_POINT ( 'NONE',  ( 0.2500000000000031641, -0.03149606299213452559, 0.009842519685039369942 ) ) ;
#114 = DIRECTION ( 'NONE',  ( -1.000000000000000000, 0.000000000000000000, 0.000000000000000000 ) ) ;
#115 = EDGE_CURVE ( 'NONE', #1268, #2305, #3153, .T. ) ;
#116 = ORIENTED_EDGE ( 'NONE', *, *, #279, .T. ) ;
#117 = LINE ( 'NONE', #3888, #397 ) ;
#118 = ORIENTED_EDGE ( 'NONE', *, *, #305, .F. ) ;
#119 = ORIENTED_EDGE ( 'NONE', *, *, #1430, .T. ) ;
#120 = DIRECTION ( 'NONE',  ( 1.000000000000000000, 0.000000000000000000, 0.000000000000000000 ) ) ;
#121 = DIRECTION ( 'NONE',  ( 0.000000000000000000, 0.000000000000000000, -1.000000000000000000 ) ) ;
#122 = CARTESIAN_POINT ( 'NONE',  ( -0.2342519685039330668, -0.03149606299213452559, 0.04527559055118110520 ) ) ;
#123 = DIRECTION ( 'NONE',  ( 1.000000000000000000, 0.000000000000000000, 0.000000000000000000 ) ) ;
#124 = CARTESIAN_POINT ( 'NONE',  ( -0.2401574803149515991, 0.1523940915100234494, 0.009842519685039369942 ) ) ;
#125 = ORIENTED_EDGE ( 'NONE', *, *, #3646, .F. ) ;
#126 = DIRECTION ( 'NONE',  ( 0.000000000000000000, 0.000000000000000000, 1.000000000000000000 ) ) ;
#127 = DIRECTION ( 'NONE',  ( 0.000000000000000000, -1.000000000000000000, 0.000000000000000000 ) ) ;
#128 = DIRECTION ( 'NONE',  ( 1.000000000000000000, 0.000000000000000000, 0.000000000000000000 ) ) ;
#129 = EDGE_CURVE ( 'NONE', #369, #3104, #1962, .T. ) ;
#130 = ORIENTED_EDGE ( 'NONE', *, *, #1984, .F. ) ;
#131 = DIRECTION ( 'NONE',  ( 1.000000000000000000, 0.000000000000000000, 0.000000000000000000 ) ) ;
#132 = BREP_WITH_VOIDS ( 'NONE', #2518, ( #2160 ) );
#133 = CARTESIAN_POINT ( 'NONE',  ( 0.2244094488188976555, 0.1377952755905437199, 0.000000000000000000 ) ) ;
#134 = LINE ( 'NONE', #1670, #1615 ) ;
#135 = EDGE_CURVE ( 'NONE', #3903, #1016, #2364, .T. ) ;
#136 = EDGE_LOOP ( 'NONE', ( #3125, #1104, #3973, #321, #1499, #159 ) ) ;
#137 = CARTESIAN_POINT ( 'NONE',  ( -0.1574803149606212593, -0.01181102362204812864, 0.1771653543307086798 ) ) ;
#138 = ADVANCED_FACE ( 'NONE', ( #1102 ), #3289, .T. ) ;
#139 = VERTEX_POINT ( 'NONE', #2022 ) ;
#140 = LINE ( 'NONE', #815, #486 ) ;
#141 = VECTOR ( 'NONE', #1606, 39.37007874015748143 ) ;
#142 = LINE ( 'NONE', #1359, #2974 ) ;
#143 = CARTESIAN_POINT ( 'NONE',  ( 0.2401574803149693349, -0.1259842519685039353, 0.08858267716535433989 ) ) ;
#144 = CARTESIAN_POINT ( 'NONE',  ( 0.2500000000000031641, -0.03149606299213452559, 0.06889763779527559306 ) ) ;
#145 =( CONVERSION_BASED_UNIT ( 'INCH', #2892 ) LENGTH_UNIT ( ) NAMED_UNIT ( #922 ) );
#146 = ORIENTED_EDGE ( 'NONE', *, *, #1556, .F. ) ;
#147 = PLANE ( 'NONE',  #3169 ) ;
#148 = AXIS2_PLACEMENT_3D ( 'NONE', #1134, #535, #1750 ) ;
#149 = CIRCLE ( 'NONE', #3814, 0.01181102362204724046 ) ;
#150 = LINE ( 'NONE', #785, #2578 ) ;
#151 = CARTESIAN_POINT ( 'NONE',  ( -0.1692913385826771699, -0.01181102362204812864, 0.1771653543307086798 ) ) ;
#152 = VECTOR ( 'NONE', #887, 39.37007874015748143 ) ;
#153 = ORIENTED_EDGE ( 'NONE', *, *, #2082, .F. ) ;
#154 = EDGE_CURVE ( 'NONE', #2049, #691, #3252, .T. ) ;
#155 = DIRECTION ( 'NONE',  ( 0.000000000000000000, -1.000000000000000000, 0.000000000000000000 ) ) ;
#156 = LINE ( 'NONE', #713, #2440 ) ;
#157 = AXIS2_PLACEMENT_3D ( 'NONE', #711, #733, #786 ) ;
#158 = LINE ( 'NONE', #1971, #3347 ) ;
#159 = ORIENTED_EDGE ( 'NONE', *, *, #3462, .F. ) ;
#160 = CIRCLE ( 'NONE', #1560, 0.01181102362204594289 ) ;
#161 = EDGE_CURVE ( 'NONE', #2559, #515, #2649, .T. ) ;
#162 = LINE ( 'NONE', #1655, #85 ) ;
#163 = CIRCLE ( 'NONE', #736, 0.009842519685042657243 ) ;
#164 = ORIENTED_EDGE ( 'NONE', *, *, #368, .T. ) ;
#165 = EDGE_CURVE ( 'NONE', #3566, #2513, #802, .T. ) ;
#166 = AXIS2_PLACEMENT_3D ( 'NONE', #2888, #2624, #2929 ) ;
#167 = CARTESIAN_POINT ( 'NONE',  ( -0.1476377952755874023, 0.000000000000000000, 0.09448818897637795144 ) ) ;
#168 = CARTESIAN_POINT ( 'NONE',  ( 0.1377952755905535454, -0.01181102362204812864, 0.1771653543307086798 ) ) ;
#169 = CARTESIAN_POINT ( 'NONE',  ( 0.2500000000000031641, -0.03149606299212689281, 0.1082677165354330728 ) ) ;
#170 =( NAMED_UNIT ( * ) SI_UNIT ( $, .STERADIAN. ) SOLID_ANGLE_UNIT ( ) );
#171 = EDGE_CURVE ( 'NONE', #972, #501, #506, .T. ) ;
#172 = EDGE_LOOP ( 'NONE', ( #3322, #937, #2428, #3701 ) ) ;
#173 = LINE ( 'NONE', #3214, #676 ) ;
#174 = CARTESIAN_POINT ( 'NONE',  ( -0.1181102362204681094, 0.1141732283464484271, 0.2952755905511810774 ) ) ;
#175 = PLANE ( 'NONE',  #1236 ) ;
#176 = ORIENTED_EDGE ( 'NONE', *, *, #2260, .F. ) ;
#177 = CARTESIAN_POINT ( 'NONE',  ( 0.2500000000000031641, 0.1377952755905437199, -0.02952755905511811330 ) ) ;
#178 = LINE ( 'NONE', #2314, #725 ) ;
#179 = ORIENTED_EDGE ( 'NONE', *, *, #814, .F. ) ;
#180 = DIRECTION ( 'NONE',  ( 1.000000000000000000, 0.000000000000000000, 0.000000000000000000 ) ) ;
#181 = ORIENTED_EDGE ( 'NONE', *, *, #2113, .T. ) ;
#182 = EDGE_CURVE ( 'NONE', #2475, #2643, #228, .T. ) ;
#183 = PLANE ( 'NONE',  #2468 ) ;
#184 = DIRECTION ( 'NONE',  ( 0.000000000000000000, 1.000000000000000000, -2.710505431213774890E-16 ) ) ;
#185 = PLANE ( 'NONE',  #1939 ) ;
#186 = EDGE_CURVE ( 'NONE', #895, #3077, #2381, .T. ) ;
#187 = CARTESIAN_POINT ( 'NONE',  ( -0.2342519685039330668, -0.03149606299212689281, 0.1200787401574803237 ) ) ;
#188 = VERTEX_POINT ( 'NONE', #818 ) ;
#189 = CARTESIAN_POINT ( 'NONE',  ( 0.1377952755905535454, 0.03149606299211815674, 0.1742125984251968462 ) ) ;
#190 = CARTESIAN_POINT ( 'NONE',  ( 0.06692913385826908257, 0.05118110236219685499, 0.001968503937007873988 ) ) ;
#191 = CARTESIAN_POINT ( 'NONE',  ( -0.1889763779527527665, 0.03149606299211815674, 0.002952755905511810983 ) ) ;
#192 = EDGE_CURVE ( 'NONE', #2559, #945, #3595, .T. ) ;
#193 = ORIENTED_EDGE ( 'NONE', *, *, #1603, .T. ) ;
#194 = LINE ( 'NONE', #177, #1409 ) ;
#195 = DIRECTION ( 'NONE',  ( 0.000000000000000000, 1.000000000000000000, 0.000000000000000000 ) ) ;
#196 = ORIENTED_EDGE ( 'NONE', *, *, #1984, .T. ) ;
#197 = DIRECTION ( 'NONE',  ( -1.000000000000000000, 0.000000000000000000, 0.000000000000000000 ) ) ;
#198 = ORIENTED_EDGE ( 'NONE', *, *, #3133, .F. ) ;
#199 = DIRECTION ( 'NONE',  ( 0.000000000000000000, 0.000000000000000000, -1.000000000000000000 ) ) ;
#200 = DIRECTION ( 'NONE',  ( 0.000000000000000000, 1.000000000000000000, 0.000000000000000000 ) ) ;
#201 = LINE ( 'NONE', #3594, #356 ) ;
#202 = CARTESIAN_POINT ( 'NONE',  ( 0.2342519685039417543, -0.03149606299212689281, 0.1318897637795275746 ) ) ;
#203 = CIRCLE ( 'NONE', #1796, 0.01181102362204724046 ) ;
#204 = ORIENTED_EDGE ( 'NONE', *, *, #3262, .T. ) ;
#205 = LINE ( 'NONE', #3899, #3296 ) ;
#206 = ADVANCED_FACE ( 'NONE', ( #522 ), #1760, .T. ) ;
#207 = CARTESIAN_POINT ( 'NONE',  ( -0.1574803149606212593, -0.01181102362204812864, 0.1771653543307086798 ) ) ;
#208 = AXIS2_PLACEMENT_3D ( 'NONE', #3517, #2918, #764 ) ;
#209 = DIRECTION ( 'NONE',  ( 0.000000000000000000, 0.000000000000000000, -1.000000000000000000 ) ) ;
#210 = ORIENTED_EDGE ( 'NONE', *, *, #385, .T. ) ;
#211 = VERTEX_POINT ( 'NONE', #2868 ) ;
#212 = VECTOR ( 'NONE', #1718, 39.37007874015748143 ) ;
#213 = PRESENTATION_LAYER_ASSIGNMENT (  '', '', ( #3475 ) ) ;
#214 = EDGE_CURVE ( 'NONE', #2399, #3584, #482, .T. ) ;
#215 = DIRECTION ( 'NONE',  ( 0.000000000000000000, -1.000000000000000000, 0.000000000000000000 ) ) ;
#216 = CARTESIAN_POINT ( 'NONE',  ( -0.1574803149606212593, -0.02362204724409515746, 0.1771653543307086798 ) ) ;
#217 = VECTOR ( 'NONE', #1574, 39.37007874015748143 ) ;
#218 = ORIENTED_EDGE ( 'NONE', *, *, #2065, .T. ) ;
#219 = VECTOR ( 'NONE', #1567, 39.37007874015748143 ) ;
#220 = CARTESIAN_POINT ( 'NONE',  ( -0.03937007874015315684, 0.03543307086613346757, 0.2818897637794882116 ) ) ;
#221 = EDGE_LOOP ( 'NONE', ( #1726, #306, #1934, #3738 ) ) ;
#222 = VECTOR ( 'NONE', #2262, 39.37007874015748143 ) ;
#223 = VERTEX_POINT ( 'NONE', #1095 ) ;
#224 = DIRECTION ( 'NONE',  ( 0.000000000000000000, 0.000000000000000000, -1.000000000000000000 ) ) ;
#225 = VECTOR ( 'NONE', #2147, 39.37007874015748143 ) ;
#226 = PLANE ( 'NONE',  #2319 ) ;
#227 = DIRECTION ( 'NONE',  ( -1.000000000000000000, 0.000000000000000000, 0.000000000000000000 ) ) ;
#228 = LINE ( 'NONE', #2670, #3282 ) ;
#229 = VECTOR ( 'NONE', #3575, 39.37007874015748143 ) ;
#230 = ORIENTED_EDGE ( 'NONE', *, *, #2484, .F. ) ;
#231 = DIRECTION ( 'NONE',  ( 0.000000000000000000, 1.000000000000000000, 0.000000000000000000 ) ) ;
#232 = DIRECTION ( 'NONE',  ( 0.000000000000000000, -1.000000000000000000, 0.000000000000000000 ) ) ;
#233 = DIRECTION ( 'NONE',  ( 0.000000000000000000, -0.9977851578566064861, -0.06651901052381073431 ) ) ;
#234 = EDGE_CURVE ( 'NONE', #2513, #2803, #1973, .T. ) ;
#235 = ORIENTED_EDGE ( 'NONE', *, *, #1031, .F. ) ;
#236 = FACE_OUTER_BOUND ( 'NONE', #2820, .T. ) ;
#237 = DIRECTION ( 'NONE',  ( 1.000000000000000000, 0.000000000000000000, 0.000000000000000000 ) ) ;
#238 = EDGE_CURVE ( 'NONE', #1195, #139, #1037, .T. ) ;
#239 = ORIENTED_EDGE ( 'NONE', *, *, #3795, .T. ) ;
#240 = LINE ( 'NONE', #852, #268 ) ;
#241 = EDGE_CURVE ( 'NONE', #717, #3005, #1714, .T. ) ;
#242 = VERTEX_POINT ( 'NONE', #1333 ) ;
#243 = FACE_OUTER_BOUND ( 'NONE', #1009, .T. ) ;
#244 = CARTESIAN_POINT ( 'NONE',  ( 0.1200787401574889834, 0.03149606299211815674, 0.1742125984251968462 ) ) ;
#245 = ORIENTED_EDGE ( 'NONE', *, *, #1468, .T. ) ;
#246 = LINE ( 'NONE', #1218, #2721 ) ;
#247 = PLANE ( 'NONE',  #3407 ) ;
#248 = LINE ( 'NONE', #1724, #1491 ) ;
#249 = VERTEX_POINT ( 'NONE', #3826 ) ;
#250 = ORIENTED_EDGE ( 'NONE', *, *, #1394, .T. ) ;
#251 = CARTESIAN_POINT ( 'NONE',  ( 0.1377952755905535454, 0.03149606299211815674, 0.1742125984251968462 ) ) ;
#252 = EDGE_CURVE ( 'NONE', #1285, #2068, #3610, .T. ) ;
#253 = LINE ( 'NONE', #2109, #1732 ) ;
#254 = DIRECTION ( 'NONE',  ( 0.000000000000000000, 1.000000000000000000, 0.000000000000000000 ) ) ;
#255 = EDGE_LOOP ( 'NONE', ( #2925, #619, #218, #2757 ) ) ;
#256 = EDGE_CURVE ( 'NONE', #2134, #2819, #117, .T. ) ;
#257 = CARTESIAN_POINT ( 'NONE',  ( -0.1692913385826771699, -0.01181102362204812864, 0.000000000000000000 ) ) ;
#258 = ORIENTED_EDGE ( 'NONE', *, *, #2082, .T. ) ;
#259 = VERTEX_POINT ( 'NONE', #796 ) ;
#260 = DIRECTION ( 'NONE',  ( 0.000000000000000000, 0.000000000000000000, 1.000000000000000000 ) ) ;
#261 = EDGE_CURVE ( 'NONE', #3014, #756, #773, .T. ) ;
#262 = DIRECTION ( 'NONE',  ( -1.000000000000000000, 0.000000000000000000, 0.000000000000000000 ) ) ;
#263 = VERTEX_POINT ( 'NONE', #2886 ) ;
#264 = DIRECTION ( 'NONE',  ( 0.000000000000000000, 1.000000000000000000, 0.000000000000000000 ) ) ;
#265 = CARTESIAN_POINT ( 'NONE',  ( 0.2244094488188976555, 0.03149606299211815674, 0.002952755905511810983 ) ) ;
#266 = CARTESIAN_POINT ( 'NONE',  ( 0.1692913385826848582, -0.02362204724409515746, 0.01574803149606321048 ) ) ;
#267 = DIRECTION ( 'NONE',  ( 0.000000000000000000, -1.000000000000000000, 0.000000000000000000 ) ) ;
#268 = VECTOR ( 'NONE', #1469, 39.37007874015748143 ) ;
#269 = ORIENTED_EDGE ( 'NONE', *, *, #993, .F. ) ;
#270 = DIRECTION ( 'NONE',  ( 0.000000000000000000, 1.000000000000000000, 0.000000000000000000 ) ) ;
#271 = VECTOR ( 'NONE', #2822, 39.37007874015748143 ) ;
#272 = CARTESIAN_POINT ( 'NONE',  ( 0.2322834645669386022, 0.03149606299211815674, 0.1771653543307086798 ) ) ;
#273 = DIRECTION ( 'NONE',  ( 0.7071067811863840369, 0.000000000000000000, -0.7071067811867109976 ) ) ;
#274 = AXIS2_PLACEMENT_3D ( 'NONE', #660, #2177, #2809 ) ;
#275 = EDGE_CURVE ( 'NONE', #1211, #3382, #1059, .T. ) ;
#276 = ORIENTED_EDGE ( 'NONE', *, *, #1995, .F. ) ;
#277 = VECTOR ( 'NONE', #2525, 39.37007874015748143 ) ;
#278 = VERTEX_POINT ( 'NONE', #2279 ) ;
#279 = EDGE_CURVE ( 'NONE', #1258, #1855, #967, .T. ) ;
#280 = ORIENTED_EDGE ( 'NONE', *, *, #1576, .T. ) ;
#281 = VECTOR ( 'NONE', #3808, 39.37007874015748143 ) ;
#282 = FACE_OUTER_BOUND ( 'NONE', #3049, .T. ) ;
#283 = VECTOR ( 'NONE', #3660, 39.37007874015748143 ) ;
#284 = ORIENTED_EDGE ( 'NONE', *, *, #1210, .T. ) ;
#285 = ADVANCED_FACE ( 'NONE', ( #1955 ), #3188, .F. ) ;
#286 = EDGE_LOOP ( 'NONE', ( #3711, #1193, #3237, #2683 ) ) ;
#287 = VECTOR ( 'NONE', #2330, 39.37007874015748143 ) ;
#288 = DIRECTION ( 'NONE',  ( 0.000000000000000000, 0.2076859292882934915, -0.9781955605990337865 ) ) ;
#289 = DIRECTION ( 'NONE',  ( 0.000000000000000000, 1.000000000000000000, 0.000000000000000000 ) ) ;
#290 = CARTESIAN_POINT ( 'NONE',  ( -0.2342519685039330668, -0.03149606299213452559, 0.04527559055118110520 ) ) ;
#291 = FACE_OUTER_BOUND ( 'NONE', #2366, .T. ) ;
#292 = ORIENTED_EDGE ( 'NONE', *, *, #526, .T. ) ;
#293 = AXIS2_PLACEMENT_3D ( 'NONE', #775, #1357, #2261 ) ;
#294 = EDGE_CURVE ( 'NONE', #1905, #571, #162, .T. ) ;
#295 = ORIENTED_EDGE ( 'NONE', *, *, #1716, .T. ) ;
#296 = DIRECTION ( 'NONE',  ( -1.000000000000000000, 0.000000000000000000, 0.000000000000000000 ) ) ;
#297 = VECTOR ( 'NONE', #2504, 39.37007874015748143 ) ;
#298 = LINE ( 'NONE', #2478, #776 ) ;
#299 = FACE_OUTER_BOUND ( 'NONE', #475, .T. ) ;
#300 = ORIENTED_EDGE ( 'NONE', *, *, #1898, .T. ) ;
#301 = CARTESIAN_POINT ( 'NONE',  ( 0.2244094488188976555, 0.000000000000000000, 0.1771653543307086798 ) ) ;
#302 = VERTEX_POINT ( 'NONE', #2926 ) ;
#303 = ORIENTED_EDGE ( 'NONE', *, *, #1676, .T. ) ;
#304 = CARTESIAN_POINT ( 'NONE',  ( 0.2401574803149693349, -0.09055118110236221041, 0.06496062992125747892 ) ) ;
#305 = EDGE_CURVE ( 'NONE', #2161, #1792, #462, .T. ) ;
#306 = ORIENTED_EDGE ( 'NONE', *, *, #502, .F. ) ;
#307 = ORIENTED_EDGE ( 'NONE', *, *, #2260, .T. ) ;
#308 = DIRECTION ( 'NONE',  ( -6.083413833562569766E-14, 1.000000000000000000, -5.648114897563760417E-30 ) ) ;
#309 = PLANE ( 'NONE',  #2394 ) ;
#310 = EDGE_CURVE ( 'NONE', #1206, #33, #599, .T. ) ;
#311 = CARTESIAN_POINT ( 'NONE',  ( 0.1673228346456726578, -0.1437007874015747977, 0.08267716535433072833 ) ) ;
#312 = LINE ( 'NONE', #1522, #1618 ) ;
#313 = VERTEX_POINT ( 'NONE', #3864 ) ;
#314 = ORIENTED_EDGE ( 'NONE', *, *, #1644, .T. ) ;
#315 = DIRECTION ( 'NONE',  ( 0.000000000000000000, 0.000000000000000000, 1.000000000000000000 ) ) ;
#316 = ADVANCED_FACE ( 'NONE', ( #2907 ), #1377, .T. ) ;
#317 = DIRECTION ( 'NONE',  ( -1.000000000000000000, 0.000000000000000000, 0.000000000000000000 ) ) ;
#318 = CARTESIAN_POINT ( 'NONE',  ( 0.1574803149606387731, -0.01181102362204812864, 0.000000000000000000 ) ) ;
#319 = ORIENTED_EDGE ( 'NONE', *, *, #275, .F. ) ;
#320 = FACE_OUTER_BOUND ( 'NONE', #3539, .T. ) ;
#321 = ORIENTED_EDGE ( 'NONE', *, *, #9, .F. ) ;
#322 = ORIENTED_EDGE ( 'NONE', *, *, #2090, .F. ) ;
#323 = EDGE_LOOP ( 'NONE', ( #997, #2701, #2862, #1784 ) ) ;
#324 = EDGE_CURVE ( 'NONE', #691, #2750, #3846, .T. ) ;
#325 = ORIENTED_EDGE ( 'NONE', *, *, #2170, .T. ) ;
#326 = LINE ( 'NONE', #2711, #1944 ) ;
#327 = DIRECTION ( 'NONE',  ( 0.000000000000000000, 1.000000000000000000, 0.000000000000000000 ) ) ;
#328 = CARTESIAN_POINT ( 'NONE',  ( 0.2322834645669386022, 0.1523940915100234494, 0.1673228346456692994 ) ) ;
#329 = CARTESIAN_POINT ( 'NONE',  ( -0.2499999999999945044, -0.03149606299212689281, 0.1318897637795275746 ) ) ;
#330 = LINE ( 'NONE', #3749, #17 ) ;
#331 = EDGE_CURVE ( 'NONE', #59, #2400, #3227, .T. ) ;
#332 = ORIENTED_EDGE ( 'NONE', *, *, #3990, .F. ) ;
#333 = DIRECTION ( 'NONE',  ( -1.000000000000000000, 0.000000000000000000, 0.000000000000000000 ) ) ;
#334 = CARTESIAN_POINT ( 'NONE',  ( -0.2322834645669208664, 0.1523940915100234494, 0.1673228346456692994 ) ) ;
#335 = LINE ( 'NONE', #1227, #19 ) ;
#336 = EDGE_CURVE ( 'NONE', #2463, #3378, #1194, .T. ) ;
#337 = ORIENTED_EDGE ( 'NONE', *, *, #3318, .T. ) ;
#338 = VECTOR ( 'NONE', #2354, 39.37007874015748143 ) ;
#339 = DIRECTION ( 'NONE',  ( -0.000000000000000000, 1.000000000000000000, 0.000000000000000000 ) ) ;
#340 = CARTESIAN_POINT ( 'NONE',  ( -0.1377952755905446913, -7.649174382259940956E-15, 0.1742125984251968462 ) ) ;
#341 = AXIS2_PLACEMENT_3D ( 'NONE', #2659, #1133, #534 ) ;
#342 = ORIENTED_EDGE ( 'NONE', *, *, #1178, .T. ) ;
#343 = ORIENTED_EDGE ( 'NONE', *, *, #719, .T. ) ;
#344 = DIRECTION ( 'NONE',  ( 0.000000000000000000, 1.000000000000000000, 0.000000000000000000 ) ) ;
#345 = AXIS2_PLACEMENT_3D ( 'NONE', #3961, #1481, #2350 ) ;
#346 = VECTOR ( 'NONE', #3206, 39.37007874015748143 ) ;
#347 = ORIENTED_EDGE ( 'NONE', *, *, #1622, .F. ) ;
#348 = VECTOR ( 'NONE', #237, 39.37007874015748143 ) ;
#349 = ORIENTED_EDGE ( 'NONE', *, *, #2995, .T. ) ;
#350 = CARTESIAN_POINT ( 'NONE',  ( 0.2401574803149693349, -0.03149606299213452559, 0.009842519685039369942 ) ) ;
#351 = FACE_OUTER_BOUND ( 'NONE', #1835, .T. ) ;
#352 = VECTOR ( 'NONE', #233, 39.37007874015748143 ) ;
#353 = CARTESIAN_POINT ( 'NONE',  ( -0.2401574803149515991, 0.1523940915100234494, 0.1673228346456692994 ) ) ;
#354 = LINE ( 'NONE', #925, #2457 ) ;
#355 = ORIENTED_EDGE ( 'NONE', *, *, #682, .F. ) ;
#356 = VECTOR ( 'NONE', #3933, 39.37007874015748143 ) ;
#357 = VERTEX_POINT ( 'NONE', #3303 ) ;
#358 = FACE_OUTER_BOUND ( 'NONE', #1541, .T. ) ;
#359 = PLANE ( 'NONE',  #75 ) ;
#360 = VECTOR ( 'NONE', #2821, 39.37007874015748143 ) ;
#361 = DIRECTION ( 'NONE',  ( -1.000000000000000000, 0.000000000000000000, 0.000000000000000000 ) ) ;
#362 = EDGE_CURVE ( 'NONE', #3983, #1913, #3991, .T. ) ;
#363 = ORIENTED_EDGE ( 'NONE', *, *, #3509, .F. ) ;
#364 = DIRECTION ( 'NONE',  ( -1.000000000000000000, 0.000000000000000000, 0.000000000000000000 ) ) ;
#365 = ADVANCED_FACE ( 'NONE', ( #560 ), #3021, .T. ) ;
#366 = ORIENTED_EDGE ( 'NONE', *, *, #1327, .F. ) ;
#367 = DIRECTION ( 'NONE',  ( -1.000000000000000000, 0.000000000000000000, 0.000000000000000000 ) ) ;
#368 = EDGE_CURVE ( 'NONE', #28, #752, #3653, .T. ) ;
#369 = VERTEX_POINT ( 'NONE', #220 ) ;
#370 = DIRECTION ( 'NONE',  ( 0.000000000000000000, 0.000000000000000000, 1.000000000000000000 ) ) ;
#371 = CARTESIAN_POINT ( 'NONE',  ( -0.06692913385826043671, 0.09842519685038622623, 0.01574803149606299191 ) ) ;
#372 = CARTESIAN_POINT ( 'NONE',  ( 0.1496062992126082625, -0.01181102362204812864, 0.1614173228346456879 ) ) ;
#373 = ORIENTED_EDGE ( 'NONE', *, *, #3615, .F. ) ;
#374 = ORIENTED_EDGE ( 'NONE', *, *, #1628, .F. ) ;
#375 = DIRECTION ( 'NONE',  ( 0.000000000000000000, -1.000000000000000000, 0.000000000000000000 ) ) ;
#376 = DIRECTION ( 'NONE',  ( 0.000000000000000000, -0.9977851578566068191, 0.06651901052380539137 ) ) ;
#377 = DIRECTION ( 'NONE',  ( 0.000000000000000000, -1.000000000000000000, 0.000000000000000000 ) ) ;
#378 = ORIENTED_EDGE ( 'NONE', *, *, #2333, .F. ) ;
#379 = ADVANCED_FACE ( 'NONE', ( #890 ), #1753, .F. ) ;
#380 = LINE ( 'NONE', #3698, #1993 ) ;
#381 = EDGE_LOOP ( 'NONE', ( #1739, #1436, #2248, #1562 ) ) ;
#382 = VERTEX_POINT ( 'NONE', #577 ) ;
#383 = EDGE_CURVE ( 'NONE', #2503, #540, #1986, .T. ) ;
#384 = ORIENTED_EDGE ( 'NONE', *, *, #3318, .F. ) ;
#385 = EDGE_CURVE ( 'NONE', #2070, #2725, #240, .T. ) ;
#386 = LINE ( 'NONE', #1598, #546 ) ;
#387 = LINE ( 'NONE', #3150, #3484 ) ;
#388 = CARTESIAN_POINT ( 'NONE',  ( -0.1692913385826771699, -0.02362204724409515746, 0.1771653543307086798 ) ) ;
#389 = CARTESIAN_POINT ( 'NONE',  ( -0.2342519685039330668, -0.1292548965242285575, 0.07317802266773131004 ) ) ;
#390 = ORIENTED_EDGE ( 'NONE', *, *, #2609, .F. ) ;
#391 = ORIENTED_EDGE ( 'NONE', *, *, #2546, .F. ) ;
#392 = LINE ( 'NONE', #3752, #2268 ) ;
#393 = LINE ( 'NONE', #435, #3944 ) ;
#394 = CARTESIAN_POINT ( 'NONE',  ( -0.1047244094488143790, 0.1141732283464484271, 0.2952755905511661449 ) ) ;
#395 = VERTEX_POINT ( 'NONE', #1791 ) ;
#396 = FACE_OUTER_BOUND ( 'NONE', #1523, .T. ) ;
#397 = VECTOR ( 'NONE', #2299, 39.37007874015748143 ) ;
#398 = ORIENTED_EDGE ( 'NONE', *, *, #1603, .F. ) ;
#399 = VECTOR ( 'NONE', #3140, 39.37007874015748143 ) ;
#400 = ORIENTED_EDGE ( 'NONE', *, *, #2562, .T. ) ;
#401 = ADVANCED_FACE ( 'NONE', ( #2461 ), #931, .F. ) ;
#402 = AXIS2_PLACEMENT_3D ( 'NONE', #2149, #942, #1825 ) ;
#403 = ORIENTED_EDGE ( 'NONE', *, *, #2488, .T. ) ;
#404 = FACE_OUTER_BOUND ( 'NONE', #323, .T. ) ;
#405 = FACE_BOUND ( 'NONE', #2703, .T. ) ;
#406 = CARTESIAN_POINT ( 'NONE',  ( 0.1377952755905535454, 0.000000000000000000, 0.01574803149606321048 ) ) ;
#407 = LINE ( 'NONE', #3210, #538 ) ;
#408 = EDGE_CURVE ( 'NONE', #1793, #939, #11, .T. ) ;
#409 = CARTESIAN_POINT ( 'NONE',  ( -0.1673228346456639704, -0.1437007874015747977, 0.09448818897637795144 ) ) ;
#410 = ORIENTED_EDGE ( 'NONE', *, *, #934, .T. ) ;
#411 = AXIS2_PLACEMENT_3D ( 'NONE', #1445, #3600, #1129 ) ;
#412 = CARTESIAN_POINT ( 'NONE',  ( -67.36615085194036112, -5.132990351233639004, 0.08661417322834646937 ) ) ;
#413 = PLANE ( 'NONE',  #208 ) ;
#414 = CYLINDRICAL_SURFACE ( 'NONE', #2846, 0.01574803149606339089 ) ;
#415 = EDGE_CURVE ( 'NONE', #249, #3584, #3716, .T. ) ;
#416 = AXIS2_PLACEMENT_3D ( 'NONE', #3358, #1224, #885 ) ;
#417 = ORIENTED_EDGE ( 'NONE', *, *, #3333, .T. ) ;
#418 = AXIS2_PLACEMENT_3D ( 'NONE', #1646, #2876, #126 ) ;
#419 = DIRECTION ( 'NONE',  ( 0.000000000000000000, 0.000000000000000000, 1.000000000000000000 ) ) ;
#420 = CARTESIAN_POINT ( 'NONE',  ( 0.1673228346456726578, 0.000000000000000000, 0.1771653543307086798 ) ) ;
#421 = EDGE_LOOP ( 'NONE', ( #239, #398, #2369, #884 ) ) ;
#422 = AXIS2_PLACEMENT_3D ( 'NONE', #1280, #2815, #2549 ) ;
#423 = ORIENTED_EDGE ( 'NONE', *, *, #3204, .F. ) ;
#424 = CARTESIAN_POINT ( 'NONE',  ( -0.2499999999999945044, -0.1259842519685039353, 0.08858267716535433989 ) ) ;
#425 = EDGE_LOOP ( 'NONE', ( #1963, #2179, #3871, #2435 ) ) ;
#426 = CARTESIAN_POINT ( 'NONE',  ( -0.1574803149606212593, -0.01181102362204812864, 0.000000000000000000 ) ) ;
#427 = ADVANCED_FACE ( 'NONE', ( #1872 ), #3106, .F. ) ;
#428 = LINE ( 'NONE', #1640, #734 ) ;
#429 = DIRECTION ( 'NONE',  ( 1.000000000000000000, 0.000000000000000000, 0.000000000000000000 ) ) ;
#430 = DIRECTION ( 'NONE',  ( 0.000000000000000000, -0.9977851578566068191, 0.06651901052380540524 ) ) ;
#431 = CARTESIAN_POINT ( 'NONE',  ( -0.1181102362204681094, 0.03543307086613346757, 0.2952755905511810774 ) ) ;
#432 = EDGE_LOOP ( 'NONE', ( #1524, #3705, #3447, #2017 ) ) ;
#433 = DIRECTION ( 'NONE',  ( 0.000000000000000000, 0.000000000000000000, 1.000000000000000000 ) ) ;
#434 = EDGE_CURVE ( 'NONE', #2819, #949, #3338, .T. ) ;
#435 = CARTESIAN_POINT ( 'NONE',  ( 0.1692913385826848582, -0.02362204724409515746, 0.1614173228346456879 ) ) ;
#436 = CARTESIAN_POINT ( 'NONE',  ( 0.2342519685039417543, -0.09055118110236221041, 0.06496062992125747892 ) ) ;
#437 = ORIENTED_EDGE ( 'NONE', *, *, #434, .F. ) ;
#438 = EDGE_CURVE ( 'NONE', #843, #1138, #203, .T. ) ;
#439 = LINE ( 'NONE', #1370, #1437 ) ;
#440 = DIRECTION ( 'NONE',  ( 1.000000000000000000, 0.000000000000000000, 0.000000000000000000 ) ) ;
#441 = CARTESIAN_POINT ( 'NONE',  ( 0.2244094488188976555, -0.03937007874015747977, 0.009842519685039369942 ) ) ;
#442 = ORIENTED_EDGE ( 'NONE', *, *, #1346, .T. ) ;
#443 = CARTESIAN_POINT ( 'NONE',  ( -0.1889763779527527665, -7.649174382259940956E-15, 0.1742125984251968462 ) ) ;
#444 = EDGE_LOOP ( 'NONE', ( #3972, #979, #2942, #1159, #2052, #2451 ) ) ;
#445 = CARTESIAN_POINT ( 'NONE',  ( -0.1496062992125907487, -0.01181102362204812864, 0.01574803149606321048 ) ) ;
#446 = CARTESIAN_POINT ( 'NONE',  ( -0.1692913385826771699, -0.02362204724409515746, 0.1614173228346456879 ) ) ;
#447 = CARTESIAN_POINT ( 'NONE',  ( 0.09055118110236969053, 0.09842519685038622623, 0.001968503937007873988 ) ) ;
#448 = LINE ( 'NONE', #778, #3821 ) ;
#449 = EDGE_CURVE ( 'NONE', #1214, #3463, #194, .T. ) ;
#450 = EDGE_LOOP ( 'NONE', ( #508, #3964, #2127, #1645, #1771, #1014 ) ) ;
#451 = DIRECTION ( 'NONE',  ( -0.000000000000000000, 1.000000000000000000, 0.000000000000000000 ) ) ;
#452 = DIRECTION ( 'NONE',  ( 0.000000000000000000, -1.000000000000000000, 0.000000000000000000 ) ) ;
#453 = CARTESIAN_POINT ( 'NONE',  ( -0.2401574803149515991, -0.1259842519685039353, 0.08858267716535433989 ) ) ;
#454 = EDGE_CURVE ( 'NONE', #2725, #2178, #2313, .T. ) ;
#455 = EDGE_LOOP ( 'NONE', ( #953, #235, #1442, #3487, #3845, #2138 ) ) ;
#456 = CARTESIAN_POINT ( 'NONE',  ( -0.1889763779527527665, 0.03149606299211815674, 0.1742125984251968462 ) ) ;
#457 = DIRECTION ( 'NONE',  ( 0.000000000000000000, 0.000000000000000000, -1.000000000000000000 ) ) ;
#458 = DIRECTION ( 'NONE',  ( -0.000000000000000000, 1.000000000000000000, 0.000000000000000000 ) ) ;
#459 = EDGE_CURVE ( 'NONE', #2146, #843, #477, .T. ) ;
#460 = EDGE_LOOP ( 'NONE', ( #423, #3736, #803, #1544 ) ) ;
#461 = CARTESIAN_POINT ( 'NONE',  ( 0.2322834645669386022, 0.1377952755905437199, 0.1614173228346456879 ) ) ;
#462 = CIRCLE ( 'NONE', #2322, 0.01181102362204594289 ) ;
#463 = ORIENTED_EDGE ( 'NONE', *, *, #3697, .F. ) ;
#464 = LINE ( 'NONE', #1679, #2724 ) ;
#465 = FACE_OUTER_BOUND ( 'NONE', #455, .T. ) ;
#466 = CARTESIAN_POINT ( 'NONE',  ( 0.06692913385826908257, 0.1181102362204649731, 0.01574803149606299191 ) ) ;
#467 = CARTESIAN_POINT ( 'NONE',  ( -0.1377952755905446913, 0.03149606299211815674, 0.1742125984251968462 ) ) ;
#468 = VECTOR ( 'NONE', #3364, 39.37007874015748143 ) ;
#469 = ORIENTED_EDGE ( 'NONE', *, *, #2488, .F. ) ;
#470 = DIRECTION ( 'NONE',  ( 0.000000000000000000, 0.000000000000000000, -1.000000000000000000 ) ) ;
#471 = VECTOR ( 'NONE', #2499, 39.37007874015748143 ) ;
#472 = FACE_OUTER_BOUND ( 'NONE', #1578, .T. ) ;
#473 = CARTESIAN_POINT ( 'NONE',  ( 0.2500000000000031641, -0.03149606299212689281, 0.1673228346456692994 ) ) ;
#474 = AXIS2_PLACEMENT_3D ( 'NONE', #882, #806, #1461 ) ;
#475 = EDGE_LOOP ( 'NONE', ( #2658, #3371, #1822, #2309 ) ) ;
#476 = ADVANCED_FACE ( 'NONE', ( #1711 ), #1010, .F. ) ;
#477 = LINE ( 'NONE', #1692, #523 ) ;
#478 = VECTOR ( 'NONE', #2592, 39.37007874015748143 ) ;
#479 = DIRECTION ( 'NONE',  ( 0.000000000000000000, -1.000000000000000000, 0.000000000000000000 ) ) ;
#480 = VECTOR ( 'NONE', #2306, 39.37007874015748143 ) ;
#481 = EDGE_CURVE ( 'NONE', #788, #3200, #1970, .T. ) ;
#482 = LINE ( 'NONE', #443, #1488 ) ;
#483 = CIRCLE ( 'NONE', #293, 0.009842519685042657243 ) ;
#484 = ORIENTED_EDGE ( 'NONE', *, *, #324, .T. ) ;
#485 = ORIENTED_EDGE ( 'NONE', *, *, #2625, .F. ) ;
#486 = VECTOR ( 'NONE', #1957, 39.37007874015748143 ) ;
#487 = CARTESIAN_POINT ( 'NONE',  ( -67.36615085194036112, -0.02362204724409515746, 0.000000000000000000 ) ) ;
#488 = EDGE_CURVE ( 'NONE', #2577, #3304, #1092, .T. ) ;
#489 = DIRECTION ( 'NONE',  ( 1.000000000000000000, 4.550094363217860416E-15, 0.000000000000000000 ) ) ;
#490 = CARTESIAN_POINT ( 'NONE',  ( -0.2342519685039330668, -0.03149606299213452559, 0.06889763779527559306 ) ) ;
#491 = DIRECTION ( 'NONE',  ( 1.000000000000000000, 0.000000000000000000, 0.000000000000000000 ) ) ;
#492 = EDGE_LOOP ( 'NONE', ( #2288, #2027, #2765, #909 ) ) ;
#493 = FACE_OUTER_BOUND ( 'NONE', #76, .T. ) ;
#494 = CARTESIAN_POINT ( 'NONE',  ( -0.1818002768088531618, -0.1771653543307086798, 0.08267716535433072833 ) ) ;
#495 = CARTESIAN_POINT ( 'NONE',  ( 0.009842519685042657243, -0.1437007874015747977, 0.09448818897637795144 ) ) ;
#496 = ORIENTED_EDGE ( 'NONE', *, *, #1549, .T. ) ;
#497 = DIRECTION ( 'NONE',  ( 0.000000000000000000, 0.000000000000000000, 1.000000000000000000 ) ) ;
#498 = FACE_OUTER_BOUND ( 'NONE', #432, .T. ) ;
#499 = VERTEX_POINT ( 'NONE', #2250 ) ;
#500 = CARTESIAN_POINT ( 'NONE',  ( -0.1692913385826771699, 0.000000000000000000, 0.1614173228346456879 ) ) ;
#501 = VERTEX_POINT ( 'NONE', #3163 ) ;
#502 = EDGE_CURVE ( 'NONE', #3389, #561, #1096, .T. ) ;
#503 = LINE ( 'NONE', #1098, #2205 ) ;
#504 = DIRECTION ( 'NONE',  ( 0.000000000000000000, 0.000000000000000000, -1.000000000000000000 ) ) ;
#505 = CARTESIAN_POINT ( 'NONE',  ( 0.09055118110236969053, 0.09842519685038622623, 0.01574803149606299191 ) ) ;
#506 = LINE ( 'NONE', #1416, #1738 ) ;
#507 = EDGE_CURVE ( 'NONE', #3077, #1407, #2901, .T. ) ;
#508 = ORIENTED_EDGE ( 'NONE', *, *, #81, .T. ) ;
#509 = LINE ( 'NONE', #525, #2527 ) ;
#510 = PLANE ( 'NONE',  #3606 ) ;
#511 = LINE ( 'NONE', #2715, #2259 ) ;
#512 = ORIENTED_EDGE ( 'NONE', *, *, #1506, .T. ) ;
#513 = CARTESIAN_POINT ( 'NONE',  ( -0.1574803149606212593, -0.02362204724409515746, 0.1614173228346456879 ) ) ;
#514 = FACE_OUTER_BOUND ( 'NONE', #381, .T. ) ;
#515 = VERTEX_POINT ( 'NONE', #1389 ) ;
#516 = ORIENTED_EDGE ( 'NONE', *, *, #700, .F. ) ;
#517 = ORIENTED_EDGE ( 'NONE', *, *, #3877, .F. ) ;
#518 = CARTESIAN_POINT ( 'NONE',  ( 0.2362823227931287740, 0.1535433070866106531, 0.01371767720687491407 ) ) ;
#519 = EDGE_CURVE ( 'NONE', #828, #2567, #3185, .T. ) ;
#520 = CARTESIAN_POINT ( 'NONE',  ( -0.1496062992125907487, -0.02362204724409515746, 0.1771653543307086798 ) ) ;
#521 = CYLINDRICAL_SURFACE ( 'NONE', #539, 0.01181102362204592728 ) ;
#522 = FACE_OUTER_BOUND ( 'NONE', #1799, .T. ) ;
#523 = VECTOR ( 'NONE', #3777, 39.37007874015748143 ) ;
#524 = ORIENTED_EDGE ( 'NONE', *, *, #3083, .F. ) ;
#525 = CARTESIAN_POINT ( 'NONE',  ( 0.1377952755905535454, 0.000000000000000000, 0.1771653543307086798 ) ) ;
#526 = EDGE_CURVE ( 'NONE', #969, #1247, #156, .T. ) ;
#527 = CARTESIAN_POINT ( 'NONE',  ( -0.1047244094488143790, 0.1141732283464484271, 0.2952755905511661449 ) ) ;
#528 = VECTOR ( 'NONE', #822, 39.37007874015748143 ) ;
#529 = PLANE ( 'NONE',  #411 ) ;
#530 = ORIENTED_EDGE ( 'NONE', *, *, #252, .T. ) ;
#531 = ORIENTED_EDGE ( 'NONE', *, *, #3823, .T. ) ;
#532 = AXIS2_PLACEMENT_3D ( 'NONE', #3981, #3393, #2734 ) ;
#533 = AXIS2_PLACEMENT_3D ( 'NONE', #1933, #197, #1408 ) ;
#534 = DIRECTION ( 'NONE',  ( 0.000000000000000000, 1.000000000000000000, 0.000000000000000000 ) ) ;
#535 = DIRECTION ( 'NONE',  ( 0.000000000000000000, 0.000000000000000000, -1.000000000000000000 ) ) ;
#536 = CIRCLE ( 'NONE', #3546, 0.01181102362204698546 ) ;
#537 = ORIENTED_EDGE ( 'NONE', *, *, #1774, .F. ) ;
#538 = VECTOR ( 'NONE', #123, 39.37007874015748143 ) ;
#539 = AXIS2_PLACEMENT_3D ( 'NONE', #3617, #3955, #1703 ) ;
#540 = VERTEX_POINT ( 'NONE', #2864 ) ;
#541 = LINE ( 'NONE', #3285, #3830 ) ;
#542 = VECTOR ( 'NONE', #2245, 39.37007874015748143 ) ;
#543 = DIRECTION ( 'NONE',  ( 0.000000000000000000, -1.000000000000000000, 0.000000000000000000 ) ) ;
#544 = FACE_OUTER_BOUND ( 'NONE', #3131, .T. ) ;
#545 = DIRECTION ( 'NONE',  ( 0.000000000000000000, 0.000000000000000000, -1.000000000000000000 ) ) ;
#546 = VECTOR ( 'NONE', #79, 39.37007874015748143 ) ;
#547 = EDGE_CURVE ( 'NONE', #3612, #2528, #2012, .T. ) ;
#548 = VERTEX_POINT ( 'NONE', #113 ) ;
#549 = LINE ( 'NONE', #1458, #225 ) ;
#550 = LINE ( 'NONE', #3643, #2769 ) ;
#551 = VECTOR ( 'NONE', #2202, 39.37007874015748143 ) ;
#552 = LINE ( 'NONE', #1764, #668 ) ;
#553 = ORIENTED_EDGE ( 'NONE', *, *, #66, .F. ) ;
#554 = EDGE_CURVE ( 'NONE', #2441, #1035, #1542, .T. ) ;
#555 = VERTEX_POINT ( 'NONE', #2560 ) ;
#556 = CARTESIAN_POINT ( 'NONE',  ( 0.2401574803149693349, 0.000000000000000000, 0.009842519685039369942 ) ) ;
#557 = DIRECTION ( 'NONE',  ( 1.000000000000000000, 0.000000000000000000, 0.000000000000000000 ) ) ;
#558 = ADVANCED_FACE ( 'NONE', ( #1372 ), #2604, .F. ) ;
#559 = ORIENTED_EDGE ( 'NONE', *, *, #519, .F. ) ;
#560 = FACE_OUTER_BOUND ( 'NONE', #767, .T. ) ;
#561 = VERTEX_POINT ( 'NONE', #3544 ) ;
#562 = ORIENTED_EDGE ( 'NONE', *, *, #2388, .T. ) ;
#563 = DIRECTION ( 'NONE',  ( -0.000000000000000000, 1.000000000000000000, 0.000000000000000000 ) ) ;
#564 = LINE ( 'NONE', #3008, #3954 ) ;
#565 = ORIENTED_EDGE ( 'NONE', *, *, #3072, .T. ) ;
#566 = CARTESIAN_POINT ( 'NONE',  ( 0.1692913385826848582, -0.02362204724409515746, 2.048885995248196921E-16 ) ) ;
#567 = CARTESIAN_POINT ( 'NONE',  ( -0.1889763779527527665, 0.03149606299211815674, 0.002952755905511810983 ) ) ;
#568 = CARTESIAN_POINT ( 'NONE',  ( 0.06692913385826908257, 0.03149606299211815674, 0.08661417322834646937 ) ) ;
#569 = CARTESIAN_POINT ( 'NONE',  ( 0.2401574803149693349, 0.03149606299211815674, 0.1742125984251968462 ) ) ;
#570 = ORIENTED_EDGE ( 'NONE', *, *, #646, .T. ) ;
#571 = VERTEX_POINT ( 'NONE', #2620 ) ;
#572 = CARTESIAN_POINT ( 'NONE',  ( -67.36615085194036112, -5.132990351233639004, 0.01574803149606299191 ) ) ;
#573 = PLANE ( 'NONE',  #1476 ) ;
#574 = FACE_OUTER_BOUND ( 'NONE', #3219, .T. ) ;
#575 = EDGE_CURVE ( 'NONE', #874, #2538, #3861, .T. ) ;
#576 = VERTEX_POINT ( 'NONE', #3242 ) ;
#577 = CARTESIAN_POINT ( 'NONE',  ( -0.2401574803149515991, 0.1523940915100234494, 0.009842519685039369942 ) ) ;
#578 = ADVANCED_FACE ( 'NONE', ( #2999 ), #1748, .F. ) ;
#579 = ORIENTED_EDGE ( 'NONE', *, *, #3007, .F. ) ;
#580 = LINE ( 'NONE', #2989, #3045 ) ;
#581 = EDGE_CURVE ( 'NONE', #540, #1258, #2028, .T. ) ;
#582 = ORIENTED_EDGE ( 'NONE', *, *, #3155, .T. ) ;
#583 = ORIENTED_EDGE ( 'NONE', *, *, #869, .T. ) ;
#584 = CARTESIAN_POINT ( 'NONE',  ( 0.1574803149606387731, -0.02362204724409515746, 0.1771653543307086798 ) ) ;
#585 = CARTESIAN_POINT ( 'NONE',  ( 0.2500000000000031641, -0.1292548965242285575, 0.1039873316629773697 ) ) ;
#586 = DIRECTION ( 'NONE',  ( 0.000000000000000000, 0.000000000000000000, 1.000000000000000000 ) ) ;
#587 = CARTESIAN_POINT ( 'NONE',  ( -0.2322834645669208664, 0.03149606299211815674, 0.1742125984251968462 ) ) ;
#588 = VERTEX_POINT ( 'NONE', #2337 ) ;
#589 = AXIS2_PLACEMENT_3D ( 'NONE', #1055, #791, #769 ) ;
#590 = ORIENTED_EDGE ( 'NONE', *, *, #1576, .F. ) ;
#591 = CARTESIAN_POINT ( 'NONE',  ( -0.1818002768088531618, 0.000000000000000000, 0.09448818897637795144 ) ) ;
#592 = VECTOR ( 'NONE', #2983, 39.37007874015748143 ) ;
#593 = LINE ( 'NONE', #513, #338 ) ;
#594 = PLANE ( 'NONE',  #3883 ) ;
#595 = AXIS2_PLACEMENT_3D ( 'NONE', #3091, #46, #960 ) ;
#596 = EDGE_LOOP ( 'NONE', ( #3295, #2151, #119, #2588, #2476, #1448, #3750, #337, #1126, #1447, #1636, #3771 ) ) ;
#597 = ADVANCED_FACE ( 'NONE', ( #1489 ), #3276, .F. ) ;
#598 = VECTOR ( 'NONE', #557, 39.37007874015748143 ) ;
#599 = CIRCLE ( 'NONE', #2844, 0.01574803149606299885 ) ;
#600 = VERTEX_POINT ( 'NONE', #2959 ) ;
#601 = ORIENTED_EDGE ( 'NONE', *, *, #252, .F. ) ;
#602 = AXIS2_PLACEMENT_3D ( 'NONE', #2512, #3413, #1586 ) ;
#603 = EDGE_CURVE ( 'NONE', #1792, #3976, #593, .T. ) ;
#604 = DIRECTION ( 'NONE',  ( 1.000000000000000000, 0.000000000000000000, 0.000000000000000000 ) ) ;
#605 = VECTOR ( 'NONE', #1780, 39.37007874015748143 ) ;
#606 = ORIENTED_EDGE ( 'NONE', *, *, #1451, .T. ) ;
#607 = EDGE_CURVE ( 'NONE', #2764, #1507, #1465, .T. ) ;
#608 = ORIENTED_EDGE ( 'NONE', *, *, #2232, .T. ) ;
#609 = AXIS2_PLACEMENT_3D ( 'NONE', #3269, #1740, #2975 ) ;
#610 = DIRECTION ( 'NONE',  ( 0.000000000000000000, 0.000000000000000000, -1.000000000000000000 ) ) ;
#611 = CARTESIAN_POINT ( 'NONE',  ( 0.1889763779527613985, 0.03149606299211815674, 0.1742125984251968462 ) ) ;
#612 = PLANE ( 'NONE',  #402 ) ;
#613 = DIRECTION ( 'NONE',  ( 0.000000000000000000, 0.000000000000000000, -1.000000000000000000 ) ) ;
#614 = VECTOR ( 'NONE', #367, 39.37007874015748143 ) ;
#615 = ORIENTED_EDGE ( 'NONE', *, *, #3668, .T. ) ;
#616 = CARTESIAN_POINT ( 'NONE',  ( 0.1200787401574889834, 0.03149606299211815674, 0.01574803149606299191 ) ) ;
#617 = DIRECTION ( 'NONE',  ( 0.000000000000000000, -1.000000000000000000, 0.000000000000000000 ) ) ;
#618 = LINE ( 'NONE', #1528, #3746 ) ;
#619 = ORIENTED_EDGE ( 'NONE', *, *, #2310, .F. ) ;
#620 = CARTESIAN_POINT ( 'NONE',  ( 0.1496062992126082625, -0.02362204724409515746, 0.1771653543307086798 ) ) ;
#621 = ORIENTED_EDGE ( 'NONE', *, *, #310, .F. ) ;
#622 = EDGE_CURVE ( 'NONE', #2091, #278, #1353, .T. ) ;
#623 = ORIENTED_EDGE ( 'NONE', *, *, #2304, .T. ) ;
#624 = CARTESIAN_POINT ( 'NONE',  ( 0.06692913385826908257, 0.03149606299211815674, 0.08661417322834646937 ) ) ;
#625 = ORIENTED_EDGE ( 'NONE', *, *, #3931, .T. ) ;
#626 = ADVANCED_FACE ( 'NONE', ( #847 ), #2720, .F. ) ;
#627 = EDGE_LOOP ( 'NONE', ( #553, #2372, #2140, #3205, #2450, #1879 ) ) ;
#628 = PLANE ( 'NONE',  #1880 ) ;
#629 = LINE ( 'NONE', #1841, #1878 ) ;
#630 = DIRECTION ( 'NONE',  ( -1.000000000000000000, 0.000000000000000000, 0.000000000000000000 ) ) ;
#631 = CARTESIAN_POINT ( 'NONE',  ( 0.1377952755905535454, 0.03149606299211815674, 0.002952755905511810983 ) ) ;
#632 = EDGE_CURVE ( 'NONE', #2078, #2112, #1149, .T. ) ;
#633 = VERTEX_POINT ( 'NONE', #2370 ) ;
#634 = EDGE_LOOP ( 'NONE', ( #3024, #3051, #3023, #3170 ) ) ;
#635 = FACE_OUTER_BOUND ( 'NONE', #1721, .T. ) ;
#636 = DIRECTION ( 'NONE',  ( 0.000000000000000000, 0.000000000000000000, -1.000000000000000000 ) ) ;
#637 = CARTESIAN_POINT ( 'NONE',  ( 0.1377952755905535454, 0.03149606299211815674, 0.1742125984251968462 ) ) ;
#638 = EDGE_LOOP ( 'NONE', ( #1188, #3782, #1426, #1968 ) ) ;
#639 = DIRECTION ( 'NONE',  ( 0.000000000000000000, 0.000000000000000000, -1.000000000000000000 ) ) ;
#640 = ORIENTED_EDGE ( 'NONE', *, *, #81, .F. ) ;
#641 = EDGE_LOOP ( 'NONE', ( #1626, #2255, #3781, #2944 ) ) ;
#642 =( NAMED_UNIT ( * ) PLANE_ANGLE_UNIT ( ) SI_UNIT ( $, .RADIAN. ) );
#643 = VERTEX_POINT ( 'NONE', #808 ) ;
#644 = EDGE_LOOP ( 'NONE', ( #901, #26, #1552, #3324, #1713, #3989, #2348 ) ) ;
#645 = LINE ( 'NONE', #1937, #2272 ) ;
#646 = EDGE_CURVE ( 'NONE', #1130, #3304, #3969, .T. ) ;
#647 = FACE_OUTER_BOUND ( 'NONE', #1827, .T. ) ;
#648 = CARTESIAN_POINT ( 'NONE',  ( 0.1889763779527613985, 0.000000000000000000, 0.002952755905511810983 ) ) ;
#649 = CARTESIAN_POINT ( 'NONE',  ( 0.1574803149606387731, -0.01181102362204812864, 0.1614173228346456879 ) ) ;
#650 = VERTEX_POINT ( 'NONE', #3259 ) ;
#651 = VERTEX_POINT ( 'NONE', #272 ) ;
#652 = DIRECTION ( 'NONE',  ( 0.000000000000000000, 0.000000000000000000, 1.000000000000000000 ) ) ;
#653 = EDGE_CURVE ( 'NONE', #2181, #1247, #1191, .T. ) ;
#654 = FACE_OUTER_BOUND ( 'NONE', #3472, .T. ) ;
#655 = LINE ( 'NONE', #1290, #2586 ) ;
#656 = ORIENTED_EDGE ( 'NONE', *, *, #1418, .T. ) ;
#657 = AXIS2_PLACEMENT_3D ( 'NONE', #3498, #1366, #1024 ) ;
#658 = EDGE_CURVE ( 'NONE', #3580, #555, #253, .T. ) ;
#659 = DIRECTION ( 'NONE',  ( 0.000000000000000000, -1.000000000000000000, 0.000000000000000000 ) ) ;
#660 = CARTESIAN_POINT ( 'NONE',  ( -0.009842519685033917706, -0.1437007874015747977, 0.1771653543307086798 ) ) ;
#661 = AXIS2_PLACEMENT_3D ( 'NONE', #3459, #3383, #1852 ) ;
#662 = DIRECTION ( 'NONE',  ( 0.000000000000000000, -1.000000000000000000, 0.000000000000000000 ) ) ;
#663 = AXIS2_PLACEMENT_3D ( 'NONE', #2215, #1850, #2521 ) ;
#664 = ORIENTED_EDGE ( 'NONE', *, *, #1519, .T. ) ;
#665 = VECTOR ( 'NONE', #1164, 39.37007874015748143 ) ;
#666 = PLANE ( 'NONE',  #1120 ) ;
#667 = DIRECTION ( 'NONE',  ( -0.7071067811867109976, 0.000000000000000000, -0.7071067811863840369 ) ) ;
#668 = VECTOR ( 'NONE', #1186, 39.37007874015748143 ) ;
#669 = CARTESIAN_POINT ( 'NONE',  ( 0.2342519685039417543, 0.1535433070866141780, 0.1614173228346456879 ) ) ;
#670 = FACE_OUTER_BOUND ( 'NONE', #2680, .T. ) ;
#671 = EDGE_CURVE ( 'NONE', #3769, #2880, #3300, .T. ) ;
#672 = VECTOR ( 'NONE', #1302, 39.37007874015748143 ) ;
#673 = ORIENTED_EDGE ( 'NONE', *, *, #459, .T. ) ;
#674 = LINE ( 'NONE', #2574, #2791 ) ;
#675 = CARTESIAN_POINT ( 'NONE',  ( -0.2401574803149515991, -0.03149606299212689281, 0.1082677165354330728 ) ) ;
#676 = VECTOR ( 'NONE', #2935, 39.37007874015748143 ) ;
#677 = CARTESIAN_POINT ( 'NONE',  ( 0.1574803149606387731, -0.02362204724409515746, 0.000000000000000000 ) ) ;
#678 = ADVANCED_FACE ( 'NONE', ( #236 ), #573, .T. ) ;
#679 = ORIENTED_EDGE ( 'NONE', *, *, #91, .T. ) ;
#680 = VECTOR ( 'NONE', #3975, 39.37007874015748143 ) ;
#681 = LINE ( 'NONE', #932, #1106 ) ;
#682 = EDGE_CURVE ( 'NONE', #302, #2729, #2695, .T. ) ;
#683 = ORIENTED_EDGE ( 'NONE', *, *, #728, .T. ) ;
#684 = ADVANCED_BREP_SHAPE_REPRESENTATION ( 'Same_Sky_SLW-1277545-3A-RA-N-D', ( #132, #3763 ), #3114 ) ;
#685 = VERTEX_POINT ( 'NONE', #1727 ) ;
#686 = DIRECTION ( 'NONE',  ( 0.000000000000000000, -1.000000000000000000, 0.000000000000000000 ) ) ;
#687 = CARTESIAN_POINT ( 'NONE',  ( -0.1181102362204681094, 0.1141732283464484271, 0.2952755905511810774 ) ) ;
#688 = DIRECTION ( 'NONE',  ( 0.000000000000000000, 0.000000000000000000, -1.000000000000000000 ) ) ;
#689 = DIRECTION ( 'NONE',  ( 0.000000000000000000, 0.000000000000000000, 1.000000000000000000 ) ) ;
#690 = ORIENTED_EDGE ( 'NONE', *, *, #1989, .F. ) ;
#691 = VERTEX_POINT ( 'NONE', #3906 ) ;
#692 = LINE ( 'NONE', #1307, #2008 ) ;
#693 = CARTESIAN_POINT ( 'NONE',  ( -0.1692913385826771699, 0.000000000000000000, 0.1771653543307086798 ) ) ;
#694 = CARTESIAN_POINT ( 'NONE',  ( 0.2500000000000031641, -0.09055118110236221041, 0.06496062992125747892 ) ) ;
#695 = ORIENTED_EDGE ( 'NONE', *, *, #3963, .T. ) ;
#696 = ADVANCED_FACE ( 'NONE', ( #3881 ), #1113, .F. ) ;
#697 = LINE ( 'NONE', #1232, #277 ) ;
#698 = ORIENTED_EDGE ( 'NONE', *, *, #1842, .F. ) ;
#699 = ORIENTED_EDGE ( 'NONE', *, *, #2232, .F. ) ;
#700 = EDGE_CURVE ( 'NONE', #2802, #242, #2047, .T. ) ;
#701 = ORIENTED_EDGE ( 'NONE', *, *, #1375, .F. ) ;
#702 = LINE ( 'NONE', #3742, #1630 ) ;
#703 = EDGE_CURVE ( 'NONE', #223, #2443, #2520, .T. ) ;
#704 = DIRECTION ( 'NONE',  ( -1.000000000000000000, 0.000000000000000000, 0.000000000000000000 ) ) ;
#705 = CARTESIAN_POINT ( 'NONE',  ( -0.1377952755905446913, -0.01181102362204812864, 0.1614173228346456879 ) ) ;
#706 = CARTESIAN_POINT ( 'NONE',  ( -0.2342519685039330668, -0.1292548965242285575, 0.1039873316629773697 ) ) ;
#707 = FILL_AREA_STYLE ('',( #1943 ) ) ;
#708 = ORIENTED_EDGE ( 'NONE', *, *, #2859, .F. ) ;
#709 = DIRECTION ( 'NONE',  ( 0.000000000000000000, 0.000000000000000000, -1.000000000000000000 ) ) ;
#710 = FACE_OUTER_BOUND ( 'NONE', #444, .T. ) ;
#711 = CARTESIAN_POINT ( 'NONE',  ( -0.06692913385826043671, 0.09842519685038622623, 0.01574803149606299191 ) ) ;
#712 = EDGE_LOOP ( 'NONE', ( #3889, #2165, #3802, #3189, #3794, #935 ) ) ;
#713 = CARTESIAN_POINT ( 'NONE',  ( 0.1692913385826848582, 0.000000000000000000, 0.01574803149606321048 ) ) ;
#714 = DIRECTION ( 'NONE',  ( -1.000000000000000000, 0.000000000000000000, 0.000000000000000000 ) ) ;
#715 = AXIS2_PLACEMENT_3D ( 'NONE', #2678, #3316, #1169 ) ;
#716 = EDGE_CURVE ( 'NONE', #1268, #3162, #3987, .T. ) ;
#717 = VERTEX_POINT ( 'NONE', #3100 ) ;
#718 = ORIENTED_EDGE ( 'NONE', *, *, #2828, .T. ) ;
#719 = EDGE_CURVE ( 'NONE', #1286, #1195, #3419, .T. ) ;
#720 = VECTOR ( 'NONE', #2668, 39.37007874015748143 ) ;
#721 = VECTOR ( 'NONE', #3896, 39.37007874015748143 ) ;
#722 = CARTESIAN_POINT ( 'NONE',  ( -0.2342519685039330668, 0.000000000000000000, 0.1673228346456692994 ) ) ;
#723 = CARTESIAN_POINT ( 'NONE',  ( 0.009842519685042657243, -0.1437007874015747977, 0.08267716535433072833 ) ) ;
#724 = CARTESIAN_POINT ( 'NONE',  ( -0.2342519685039330668, 0.1377952755905437199, 0.1673228346456692994 ) ) ;
#725 = VECTOR ( 'NONE', #3545, 39.37007874015748143 ) ;
#726 = PLANE ( 'NONE',  #2589 ) ;
#727 = CARTESIAN_POINT ( 'NONE',  ( 0.2500000000000031641, -0.1292548965242285575, 0.07317802266773131004 ) ) ;
#728 = EDGE_CURVE ( 'NONE', #2033, #2161, #1288, .T. ) ;
#729 = EDGE_LOOP ( 'NONE', ( #1909, #2730, #1217, #3997 ) ) ;
#730 = VECTOR ( 'NONE', #3160, 39.37007874015748143 ) ;
#731 = LINE ( 'NONE', #1922, #986 ) ;
#732 = DIRECTION ( 'NONE',  ( 0.000000000000000000, 0.000000000000000000, 1.000000000000000000 ) ) ;
#733 = DIRECTION ( 'NONE',  ( -0.000000000000000000, 1.000000000000000000, 0.000000000000000000 ) ) ;
#734 = VECTOR ( 'NONE', #121, 39.37007874015748143 ) ;
#735 = ORIENTED_EDGE ( 'NONE', *, *, #2295, .T. ) ;
#736 = AXIS2_PLACEMENT_3D ( 'NONE', #21, #3326, #2405 ) ;
#737 = DIRECTION ( 'NONE',  ( 1.000000000000000000, 6.083413833562519279E-14, 0.000000000000000000 ) ) ;
#738 = VECTOR ( 'NONE', #2704, 39.37007874015748143 ) ;
#739 = ORIENTED_EDGE ( 'NONE', *, *, #165, .T. ) ;
#740 = DIRECTION ( 'NONE',  ( 1.000000000000000000, 0.000000000000000000, 0.000000000000000000 ) ) ;
#741 = ORIENTED_EDGE ( 'NONE', *, *, #362, .T. ) ;
#742 = PLANE ( 'NONE',  #166 ) ;
#743 = FACE_OUTER_BOUND ( 'NONE', #2655, .T. ) ;
#744 = EDGE_CURVE ( 'NONE', #3004, #2340, #2498, .T. ) ;
#745 = LINE ( 'NONE', #1623, #1929 ) ;
#746 = CARTESIAN_POINT ( 'NONE',  ( 0.09055118110236969053, 0.09842519685038622623, 0.01574803149606299191 ) ) ;
#747 = LINE ( 'NONE', #2266, #2708 ) ;
#748 = CARTESIAN_POINT ( 'NONE',  ( 8.741913579725650188E-15, -0.1437007874015747977, 0.1771653543307086798 ) ) ;
#749 = EDGE_CURVE ( 'NONE', #3304, #3663, #298, .T. ) ;
#750 = CARTESIAN_POINT ( 'NONE',  ( 0.1889763779527613985, -7.649174382259940956E-15, 0.1742125984251968462 ) ) ;
#751 = DIRECTION ( 'NONE',  ( -1.000000000000000000, 0.000000000000000000, 0.000000000000000000 ) ) ;
#752 = VERTEX_POINT ( 'NONE', #1866 ) ;
#753 =( LENGTH_UNIT ( ) NAMED_UNIT ( * ) SI_UNIT ( $, .METRE. ) );
#754 = CARTESIAN_POINT ( 'NONE',  ( -0.1200787401574714419, 0.03149606299211815674, 0.1614173228346456879 ) ) ;
#755 = CARTESIAN_POINT ( 'NONE',  ( 0.1574803149606387731, -0.1437007874015747977, 0.08267716535433072833 ) ) ;
#756 = VERTEX_POINT ( 'NONE', #1509 ) ;
#757 = CARTESIAN_POINT ( 'NONE',  ( -0.2244094488188905778, -5.132990351233639004, 0.002952755905511810983 ) ) ;
#758 = CARTESIAN_POINT ( 'NONE',  ( -0.1889763779527527665, 0.000000000000000000, 0.000000000000000000 ) ) ;
#759 = CARTESIAN_POINT ( 'NONE',  ( -0.1377952755905446913, 0.03149606299211815674, 0.002952755905511810983 ) ) ;
#760 = DIRECTION ( 'NONE',  ( 1.000000000000000000, 0.000000000000000000, 0.000000000000000000 ) ) ;
#761 = EDGE_CURVE ( 'NONE', #1773, #59, #3732, .T. ) ;
#762 = ORIENTED_EDGE ( 'NONE', *, *, #3377, .T. ) ;
#763 = CARTESIAN_POINT ( 'NONE',  ( -0.1200787401574714419, 0.03149606299211815674, 0.1614173228346456879 ) ) ;
#764 = DIRECTION ( 'NONE',  ( 0.000000000000000000, 0.000000000000000000, 1.000000000000000000 ) ) ;
#765 = CARTESIAN_POINT ( 'NONE',  ( 0.2322834645669386022, 0.1535433070866141780, 0.1673228346456692994 ) ) ;
#766 = EDGE_CURVE ( 'NONE', #1278, #2819, #966, .T. ) ;
#767 = EDGE_LOOP ( 'NONE', ( #3385, #1871, #390, #1557 ) ) ;
#768 = DIRECTION ( 'NONE',  ( 0.000000000000000000, 0.000000000000000000, -1.000000000000000000 ) ) ;
#769 = DIRECTION ( 'NONE',  ( 0.000000000000000000, 1.000000000000000000, 0.000000000000000000 ) ) ;
#770 = DIRECTION ( 'NONE',  ( -6.083413833562519279E-14, 1.000000000000000000, 0.000000000000000000 ) ) ;
#771 = ADVANCED_FACE ( 'NONE', ( #654 ), #359, .F. ) ;
#772 = ORIENTED_EDGE ( 'NONE', *, *, #3345, .T. ) ;
#773 = LINE ( 'NONE', #2341, #1222 ) ;
#774 = ORIENTED_EDGE ( 'NONE', *, *, #2546, .T. ) ;
#775 = CARTESIAN_POINT ( 'NONE',  ( 8.741913579725650188E-15, -0.1437007874015747977, 0.09448818897637795144 ) ) ;
#776 = VECTOR ( 'NONE', #3754, 39.37007874015748143 ) ;
#777 = DIRECTION ( 'NONE',  ( 0.000000000000000000, 0.000000000000000000, -1.000000000000000000 ) ) ;
#778 = CARTESIAN_POINT ( 'NONE',  ( -0.1181102362204681094, 0.03543307086613346757, 0.1614173228346456879 ) ) ;
#779 = DIRECTION ( 'NONE',  ( -1.000000000000000000, 0.000000000000000000, 0.000000000000000000 ) ) ;
#780 = AXIS2_PLACEMENT_3D ( 'NONE', #724, #688, #3176 ) ;
#781 = VECTOR ( 'NONE', #1321, 39.37007874015748143 ) ;
#782 = ORIENTED_EDGE ( 'NONE', *, *, #1741, .F. ) ;
#783 = CARTESIAN_POINT ( 'NONE',  ( 0.2440944881889846318, 0.1377952755905437199, 0.009842519685039369942 ) ) ;
#784 = VECTOR ( 'NONE', #2297, 39.37007874015748143 ) ;
#785 = CARTESIAN_POINT ( 'NONE',  ( 0.06692913385826908257, 0.03149606299211815674, 0.001968503937007873988 ) ) ;
#786 = DIRECTION ( 'NONE',  ( 1.000000000000000000, 0.000000000000000000, 0.000000000000000000 ) ) ;
#787 = EDGE_CURVE ( 'NONE', #2176, #2376, #1349, .T. ) ;
#788 = VERTEX_POINT ( 'NONE', #3692 ) ;
#789 = VECTOR ( 'NONE', #1343, 39.37007874015748143 ) ;
#790 = ORIENTED_EDGE ( 'NONE', *, *, #2733, .F. ) ;
#791 = DIRECTION ( 'NONE',  ( 1.000000000000000000, 0.000000000000000000, 0.000000000000000000 ) ) ;
#792 = AXIS2_PLACEMENT_3D ( 'NONE', #3744, #704, #3786 ) ;
#793 = DIRECTION ( 'NONE',  ( -1.000000000000000000, 0.000000000000000000, 0.000000000000000000 ) ) ;
#794 = ADVANCED_FACE ( 'NONE', ( #947 ), #1590, .T. ) ;
#795 = VECTOR ( 'NONE', #3372, 39.37007874015748143 ) ;
#796 = CARTESIAN_POINT ( 'NONE',  ( 0.1673228346456726578, 0.000000000000000000, 0.09448818897637795144 ) ) ;
#797 = EDGE_CURVE ( 'NONE', #853, #3913, #3062, .T. ) ;
#798 = CIRCLE ( 'NONE', #1569, 0.01181102362204594289 ) ;
#799 = CARTESIAN_POINT ( 'NONE',  ( 0.1574803149606387731, -0.1437007874015747977, 0.1771653543307086798 ) ) ;
#800 = CARTESIAN_POINT ( 'NONE',  ( -67.36615085194036112, -5.132990351233639004, 0.1742125984251968462 ) ) ;
#801 = DIRECTION ( 'NONE',  ( 1.000000000000000000, 0.000000000000000000, 0.000000000000000000 ) ) ;
#802 = LINE ( 'NONE', #202, #1229 ) ;
#803 = ORIENTED_EDGE ( 'NONE', *, *, #547, .T. ) ;
#804 = CARTESIAN_POINT ( 'NONE',  ( -0.1574803149606212593, -0.02362204724409515746, 0.000000000000000000 ) ) ;
#805 = CARTESIAN_POINT ( 'NONE',  ( 0.1692913385826848582, -0.02362204724409515746, 0.01574803149606321048 ) ) ;
#806 = DIRECTION ( 'NONE',  ( 0.000000000000000000, 0.000000000000000000, 1.000000000000000000 ) ) ;
#807 = ORIENTED_EDGE ( 'NONE', *, *, #3799, .F. ) ;
#808 = CARTESIAN_POINT ( 'NONE',  ( -0.2499999999999945044, -0.03149606299213452559, 0.009842519685039369942 ) ) ;
#809 = FACE_OUTER_BOUND ( 'NONE', #1756, .T. ) ;
#810 = ORIENTED_EDGE ( 'NONE', *, *, #106, .F. ) ;
#811 = EDGE_CURVE ( 'NONE', #1131, #43, #2455, .T. ) ;
#812 = DIRECTION ( 'NONE',  ( -0.7071067811867725039, 0.000000000000000000, -0.7071067811863224195 ) ) ;
#813 = ORIENTED_EDGE ( 'NONE', *, *, #2280, .T. ) ;
#814 = EDGE_CURVE ( 'NONE', #3406, #3573, #906, .T. ) ;
#815 = CARTESIAN_POINT ( 'NONE',  ( 0.2500000000000031641, -0.03149606299213452559, 0.04527559055118110520 ) ) ;
#816 = PLANE ( 'NONE',  #2705 ) ;
#817 = LINE ( 'NONE', #3867, #1428 ) ;
#818 = CARTESIAN_POINT ( 'NONE',  ( 0.1692913385826848582, -0.01181102362204812864, 0.01574803149606321048 ) ) ;
#819 = EDGE_CURVE ( 'NONE', #3104, #2463, #928, .T. ) ;
#820 = ORIENTED_EDGE ( 'NONE', *, *, #1259, .T. ) ;
#821 = LINE ( 'NONE', #2630, #1432 ) ;
#822 = DIRECTION ( 'NONE',  ( 0.000000000000000000, -1.000000000000000000, 0.000000000000000000 ) ) ;
#823 = DIRECTION ( 'NONE',  ( 0.000000000000000000, 0.000000000000000000, 1.000000000000000000 ) ) ;
#824 = ORIENTED_EDGE ( 'NONE', *, *, #1965, .F. ) ;
#825 = ORIENTED_EDGE ( 'NONE', *, *, #408, .F. ) ;
#826 = DIRECTION ( 'NONE',  ( 0.000000000000000000, 0.000000000000000000, -1.000000000000000000 ) ) ;
#827 = CARTESIAN_POINT ( 'NONE',  ( -0.009842519685033917706, 0.000000000000000000, 0.09448818897637795144 ) ) ;
#828 = VERTEX_POINT ( 'NONE', #1527 ) ;
#829 = ADVANCED_FACE ( 'NONE', ( #2759 ), #7, .F. ) ;
#830 = VERTEX_POINT ( 'NONE', #2781 ) ;
#831 = DIRECTION ( 'NONE',  ( 0.000000000000000000, 0.000000000000000000, -1.000000000000000000 ) ) ;
#832 = DIRECTION ( 'NONE',  ( 0.000000000000000000, 0.000000000000000000, 1.000000000000000000 ) ) ;
#833 = DIRECTION ( 'NONE',  ( 0.000000000000000000, -1.000000000000000000, 0.000000000000000000 ) ) ;
#834 = EDGE_CURVE ( 'NONE', #1273, #867, #3713, .T. ) ;
#835 = DIRECTION ( 'NONE',  ( 1.000000000000000000, 0.000000000000000000, 0.000000000000000000 ) ) ;
#836 = AXIS2_PLACEMENT_3D ( 'NONE', #2641, #2587, #180 ) ;
#837 = ORIENTED_EDGE ( 'NONE', *, *, #1935, .F. ) ;
#838 = CARTESIAN_POINT ( 'NONE',  ( 0.2342519685039417543, -0.09055118110236221041, 0.06496062992125747892 ) ) ;
#839 = DIRECTION ( 'NONE',  ( -0.7071067811867725039, 0.000000000000000000, -0.7071067811863224195 ) ) ;
#840 = CIRCLE ( 'NONE', #345, 0.01574803149606299191 ) ;
#841 = CARTESIAN_POINT ( 'NONE',  ( 0.2342519685039417543, -0.03149606299213452559, 0.06889763779527559306 ) ) ;
#842 = EDGE_CURVE ( 'NONE', #395, #2851, #1861, .T. ) ;
#843 = VERTEX_POINT ( 'NONE', #2540 ) ;
#844 = ORIENTED_EDGE ( 'NONE', *, *, #1262, .F. ) ;
#845 = AXIS2_PLACEMENT_3D ( 'NONE', #648, #1843, #586 ) ;
#846 = DIRECTION ( 'NONE',  ( 0.000000000000000000, 0.000000000000000000, 1.000000000000000000 ) ) ;
#847 = FACE_OUTER_BOUND ( 'NONE', #1673, .T. ) ;
#848 = CARTESIAN_POINT ( 'NONE',  ( 0.1200787401574889834, 0.03149606299211815674, 0.1771653543307086798 ) ) ;
#849 = AXIS2_PLACEMENT_3D ( 'NONE', #3946, #3605, #3317 ) ;
#850 = ORIENTED_EDGE ( 'NONE', *, *, #186, .F. ) ;
#851 = VECTOR ( 'NONE', #3375, 39.37007874015748143 ) ;
#852 = CARTESIAN_POINT ( 'NONE',  ( -0.03937007874015315684, 0.1141732283464484271, 0.1614173228346456879 ) ) ;
#853 = VERTEX_POINT ( 'NONE', #1647 ) ;
#854 = AXIS2_PLACEMENT_3D ( 'NONE', #981, #3725, #3134 ) ;
#855 = ORIENTED_EDGE ( 'NONE', *, *, #2618, .F. ) ;
#856 = DIRECTION ( 'NONE',  ( 0.000000000000000000, 0.000000000000000000, -1.000000000000000000 ) ) ;
#857 = VECTOR ( 'NONE', #3838, 39.37007874015748143 ) ;
#858 = LINE ( 'NONE', #2081, #2004 ) ;
#859 = VECTOR ( 'NONE', #856, 39.37007874015748143 ) ;
#860 = ORIENTED_EDGE ( 'NONE', *, *, #106, .T. ) ;
#861 = DIRECTION ( 'NONE',  ( 0.000000000000000000, -1.000000000000000000, 0.000000000000000000 ) ) ;
#862 = EDGE_CURVE ( 'NONE', #830, #1775, #393, .T. ) ;
#863 = LINE ( 'NONE', #3980, #1621 ) ;
#864 = LINE ( 'NONE', #2043, #13 ) ;
#865 = DIRECTION ( 'NONE',  ( 0.000000000000000000, 0.000000000000000000, -1.000000000000000000 ) ) ;
#866 = ORIENTED_EDGE ( 'NONE', *, *, #1644, .F. ) ;
#867 = VERTEX_POINT ( 'NONE', #2895 ) ;
#868 = PLANE ( 'NONE',  #3626 ) ;
#869 = EDGE_CURVE ( 'NONE', #867, #1003, #150, .T. ) ;
#870 = DIRECTION ( 'NONE',  ( 0.000000000000000000, 1.000000000000000000, 0.000000000000000000 ) ) ;
#871 = FACE_OUTER_BOUND ( 'NONE', #1261, .T. ) ;
#872 = EDGE_LOOP ( 'NONE', ( #1614, #3618, #3589, #3314, #3115, #2736 ) ) ;
#873 = EDGE_CURVE ( 'NONE', #39, #1496, #109, .T. ) ;
#874 = VERTEX_POINT ( 'NONE', #1325 ) ;
#875 = EDGE_LOOP ( 'NONE', ( #2374, #926, #2126, #3505 ) ) ;
#876 = CARTESIAN_POINT ( 'NONE',  ( -0.03937007874015315684, 0.1141732283464484271, 0.2952755905511810774 ) ) ;
#877 = LINE ( 'NONE', #2021, #3825 ) ;
#878 = EDGE_LOOP ( 'NONE', ( #3241, #701, #3230, #1328 ) ) ;
#879 = PLANE ( 'NONE',  #1177 ) ;
#880 = PLANE ( 'NONE',  #1051 ) ;
#881 = PLANE ( 'NONE',  #845 ) ;
#882 = CARTESIAN_POINT ( 'NONE',  ( -67.36615085194036112, -5.132990351233639004, 0.1673228346456692994 ) ) ;
#883 = EDGE_CURVE ( 'NONE', #2269, #1285, #2616, .T. ) ;
#884 = ORIENTED_EDGE ( 'NONE', *, *, #35, .T. ) ;
#885 = DIRECTION ( 'NONE',  ( 0.000000000000000000, 0.000000000000000000, 1.000000000000000000 ) ) ;
#886 = DIRECTION ( 'NONE',  ( 0.000000000000000000, 0.000000000000000000, 1.000000000000000000 ) ) ;
#887 = DIRECTION ( 'NONE',  ( -1.000000000000000000, 0.000000000000000000, 0.000000000000000000 ) ) ;
#888 = ADVANCED_FACE ( 'NONE', ( #472 ), #2556, .F. ) ;
#889 = EDGE_LOOP ( 'NONE', ( #1588, #2003, #71, #1117 ) ) ;
#890 = FACE_OUTER_BOUND ( 'NONE', #1196, .T. ) ;
#891 = ORIENTED_EDGE ( 'NONE', *, *, #449, .F. ) ;
#892 = EDGE_CURVE ( 'NONE', #3769, #2750, #2840, .T. ) ;
#893 = ORIENTED_EDGE ( 'NONE', *, *, #2467, .T. ) ;
#894 = PLANE ( 'NONE',  #2919 ) ;
#895 = VERTEX_POINT ( 'NONE', #3815 ) ;
#896 = ORIENTED_EDGE ( 'NONE', *, *, #111, .F. ) ;
#897 = CARTESIAN_POINT ( 'NONE',  ( 0.2401574803149693349, 0.1523940915100234494, 0.009842519685039369942 ) ) ;
#898 = LINE ( 'NONE', #3373, #2912 ) ;
#899 = CARTESIAN_POINT ( 'NONE',  ( -0.2382752915139668137, 0.1531554743684672149, 0.1654406458447037487 ) ) ;
#900 = CARTESIAN_POINT ( 'NONE',  ( -0.1476377952755874023, 0.000000000000000000, 0.09448818897637795144 ) ) ;
#901 = ORIENTED_EDGE ( 'NONE', *, *, #1259, .F. ) ;
#902 = AXIS2_PLACEMENT_3D ( 'NONE', #3041, #1449, #3649 ) ;
#903 = ORIENTED_EDGE ( 'NONE', *, *, #2519, .F. ) ;
#904 = LINE ( 'NONE', #946, #3965 ) ;
#905 = CIRCLE ( 'NONE', #3154, 0.01181102362204698546 ) ;
#906 = LINE ( 'NONE', #3359, #2315 ) ;
#907 = LINE ( 'NONE', #2355, #348 ) ;
#908 = AXIS2_PLACEMENT_3D ( 'NONE', #3468, #3434, #2224 ) ;
#909 = ORIENTED_EDGE ( 'NONE', *, *, #862, .T. ) ;
#910 = EDGE_CURVE ( 'NONE', #2634, #2269, #2599, .T. ) ;
#911 = CARTESIAN_POINT ( 'NONE',  ( -0.1181102362204681094, 0.03543307086613346757, 0.1614173228346456879 ) ) ;
#912 = EDGE_LOOP ( 'NONE', ( #1807, #664, #1602, #3779 ) ) ;
#913 = ORIENTED_EDGE ( 'NONE', *, *, #2510, .F. ) ;
#914 = VECTOR ( 'NONE', #1903, 39.37007874015748143 ) ;
#915 = DIRECTION ( 'NONE',  ( -1.000000000000000000, 0.000000000000000000, 0.000000000000000000 ) ) ;
#916 = ADVANCED_FACE ( 'NONE', ( #2246 ), #3476, .F. ) ;
#917 = VECTOR ( 'NONE', #1167, 39.37007874015748143 ) ;
#918 = ORIENTED_EDGE ( 'NONE', *, *, #1153, .T. ) ;
#919 = ORIENTED_EDGE ( 'NONE', *, *, #2625, .T. ) ;
#920 = VECTOR ( 'NONE', #2917, 39.37007874015748143 ) ;
#921 = CARTESIAN_POINT ( 'NONE',  ( 0.2401574803149693349, -0.09055118110236221041, 0.1122047244094507845 ) ) ;
#922 = DIMENSIONAL_EXPONENTS ( 1.000000000000000000, 0.000000000000000000, 0.000000000000000000, 0.000000000000000000, 0.000000000000000000, 0.000000000000000000, 0.000000000000000000 ) ;
#923 = PLANE ( 'NONE',  #2201 ) ;
#924 = CARTESIAN_POINT ( 'NONE',  ( -0.2401574803149515991, -0.09055118110236221041, 0.06496062992125786750 ) ) ;
#925 = CARTESIAN_POINT ( 'NONE',  ( 0.2244094488188976555, 0.1535433070866141780, 0.000000000000000000 ) ) ;
#926 = ORIENTED_EDGE ( 'NONE', *, *, #3590, .T. ) ;
#927 = DIRECTION ( 'NONE',  ( 0.000000000000000000, 0.000000000000000000, 1.000000000000000000 ) ) ;
#928 = LINE ( 'NONE', #2174, #3603 ) ;
#929 = LINE ( 'NONE', #2479, #3161 ) ;
#930 = ORIENTED_EDGE ( 'NONE', *, *, #1979, .F. ) ;
#931 = PLANE ( 'NONE',  #1289 ) ;
#932 = CARTESIAN_POINT ( 'NONE',  ( -0.07874015748030631368, -0.2795275590551268285, 0.2952755905511755818 ) ) ;
#933 = VERTEX_POINT ( 'NONE', #92 ) ;
#934 = EDGE_CURVE ( 'NONE', #43, #1904, #905, .T. ) ;
#935 = ORIENTED_EDGE ( 'NONE', *, *, #1308, .F. ) ;
#936 = CARTESIAN_POINT ( 'NONE',  ( 0.1200787401574889834, 0.1181102362204649731, 0.1614173228346456879 ) ) ;
#937 = ORIENTED_EDGE ( 'NONE', *, *, #3753, .T. ) ;
#938 = EDGE_CURVE ( 'NONE', #1507, #2566, #1309, .T. ) ;
#939 = VERTEX_POINT ( 'NONE', #1664 ) ;
#940 = CARTESIAN_POINT ( 'NONE',  ( 0.2322834645669386022, 0.1535433070866141780, 0.1673228346456692994 ) ) ;
#941 = DIRECTION ( 'NONE',  ( 0.000000000000000000, 1.000000000000000000, 0.000000000000000000 ) ) ;
#942 = DIRECTION ( 'NONE',  ( 0.000000000000000000, 0.000000000000000000, -1.000000000000000000 ) ) ;
#943 = CARTESIAN_POINT ( 'NONE',  ( 0.2342519685039417543, 0.1535433070866141780, 0.1614173228346456879 ) ) ;
#944 = ADVANCED_FACE ( 'NONE', ( #3159 ), #1923, .F. ) ;
#945 = VERTEX_POINT ( 'NONE', #1342 ) ;
#946 = CARTESIAN_POINT ( 'NONE',  ( -0.1114173228346413413, 0.03543307086613346757, 0.3019685039370078594 ) ) ;
#947 = FACE_OUTER_BOUND ( 'NONE', #2009, .T. ) ;
#948 = CARTESIAN_POINT ( 'NONE',  ( 0.1377952755905535454, -0.01181102362204812864, 2.048885995248196921E-16 ) ) ;
#949 = VERTEX_POINT ( 'NONE', #3197 ) ;
#950 = CARTESIAN_POINT ( 'NONE',  ( -0.1889763779527527665, 0.03149606299211815674, 0.1771653543307086798 ) ) ;
#951 = PLANE ( 'NONE',  #661 ) ;
#952 = ORIENTED_EDGE ( 'NONE', *, *, #622, .T. ) ;
#953 = ORIENTED_EDGE ( 'NONE', *, *, #60, .T. ) ;
#954 = CARTESIAN_POINT ( 'NONE',  ( -0.1889763779527527665, -7.649174382259940956E-15, 0.1742125984251968462 ) ) ;
#955 = EDGE_CURVE ( 'NONE', #2548, #933, #3455, .T. ) ;
#956 = ORIENTED_EDGE ( 'NONE', *, *, #2454, .F. ) ;
#957 = CARTESIAN_POINT ( 'NONE',  ( 0.1377952755905535454, -0.02362204724409515746, 0.1614173228346456879 ) ) ;
#958 = FACE_OUTER_BOUND ( 'NONE', #1154, .T. ) ;
#959 = ADVANCED_FACE ( 'NONE', ( #710 ), #413, .F. ) ;
#960 = DIRECTION ( 'NONE',  ( 1.000000000000000000, 0.000000000000000000, 0.000000000000000000 ) ) ;
#961 = CARTESIAN_POINT ( 'NONE',  ( -67.36615085194036112, -5.132990351233639004, 0.1742125984251968462 ) ) ;
#962 = ORIENTED_EDGE ( 'NONE', *, *, #934, .F. ) ;
#963 = ORIENTED_EDGE ( 'NONE', *, *, #1031, .T. ) ;
#964 = CARTESIAN_POINT ( 'NONE',  ( -0.1377952755905446913, 0.000000000000000000, 0.002952755905511810983 ) ) ;
#965 = EDGE_CURVE ( 'NONE', #3527, #2981, #3215, .T. ) ;
#966 = LINE ( 'NONE', #3123, #1293 ) ;
#967 = CIRCLE ( 'NONE', #2508, 0.01574803149606339089 ) ;
#968 = CARTESIAN_POINT ( 'NONE',  ( 0.2401574803149693349, -0.03149606299213452559, 0.06889763779527559306 ) ) ;
#969 = VERTEX_POINT ( 'NONE', #1088 ) ;
#970 = LINE ( 'NONE', #3425, #3478 ) ;
#971 = VECTOR ( 'NONE', #2947, 39.37007874015748143 ) ;
#972 = VERTEX_POINT ( 'NONE', #3599 ) ;
#973 = ORIENTED_EDGE ( 'NONE', *, *, #4, .F. ) ;
#974 = LINE ( 'NONE', #3085, #551 ) ;
#975 = AXIS2_PLACEMENT_3D ( 'NONE', #318, #1890, #377 ) ;
#976 = VECTOR ( 'NONE', #3211, 39.37007874015748143 ) ;
#977 = ORIENTED_EDGE ( 'NONE', *, *, #4, .T. ) ;
#978 = VECTOR ( 'NONE', #3075, 39.37007874015748143 ) ;
#979 = ORIENTED_EDGE ( 'NONE', *, *, #1153, .F. ) ;
#980 = DIRECTION ( 'NONE',  ( 0.000000000000000000, 1.000000000000000000, 0.000000000000000000 ) ) ;
#981 = CARTESIAN_POINT ( 'NONE',  ( 0.2401574803149693349, -0.09055118110236221041, 0.1122047244094507845 ) ) ;
#982 = VECTOR ( 'NONE', #3916, 39.37007874015748143 ) ;
#983 = CARTESIAN_POINT ( 'NONE',  ( 0.2244094488188976555, 0.03149606299211815674, 0.002952755905511810983 ) ) ;
#984 = DIRECTION ( 'NONE',  ( 0.000000000000000000, -1.000000000000000000, 0.000000000000000000 ) ) ;
#985 = LINE ( 'NONE', #2210, #3678 ) ;
#986 = VECTOR ( 'NONE', #3157, 39.37007874015748143 ) ;
#987 = ADVANCED_FACE ( 'NONE', ( #2087 ), #1185, .T. ) ;
#988 = ORIENTED_EDGE ( 'NONE', *, *, #3020, .F. ) ;
#989 = LINE ( 'NONE', #3454, #542 ) ;
#990 = DIRECTION ( 'NONE',  ( 0.000000000000000000, 0.000000000000000000, -1.000000000000000000 ) ) ;
#991 = VECTOR ( 'NONE', #3323, 39.37007874015748143 ) ;
#992 = CARTESIAN_POINT ( 'NONE',  ( 0.2244094488188976555, 0.000000000000000000, 0.009842519685039369942 ) ) ;
#993 = EDGE_CURVE ( 'NONE', #3066, #2171, #3920, .T. ) ;
#994 = ORIENTED_EDGE ( 'NONE', *, *, #3615, .T. ) ;
#995 = DIRECTION ( 'NONE',  ( 1.000000000000000000, 0.000000000000000000, 0.000000000000000000 ) ) ;
#996 = EDGE_CURVE ( 'NONE', #3463, #2146, #2936, .T. ) ;
#997 = ORIENTED_EDGE ( 'NONE', *, *, #955, .F. ) ;
#998 = ORIENTED_EDGE ( 'NONE', *, *, #749, .F. ) ;
#999 = LINE ( 'NONE', #1857, #2010 ) ;
#1000 = CARTESIAN_POINT ( 'NONE',  ( -0.1377952755905446913, -0.02362204724409515746, 0.1614173228346456879 ) ) ;
#1001 = DIRECTION ( 'NONE',  ( 0.000000000000000000, 0.000000000000000000, 1.000000000000000000 ) ) ;
#1002 = CARTESIAN_POINT ( 'NONE',  ( 0.2401574803149693349, -0.03149606299212689281, 0.1200787401574803237 ) ) ;
#1003 = VERTEX_POINT ( 'NONE', #190 ) ;
#1004 = VERTEX_POINT ( 'NONE', #2653 ) ;
#1005 = CARTESIAN_POINT ( 'NONE',  ( -0.1377952755905446913, 0.03149606299211815674, 0.000000000000000000 ) ) ;
#1006 = DIRECTION ( 'NONE',  ( 1.000000000000000000, 0.000000000000000000, 0.000000000000000000 ) ) ;
#1007 = DIRECTION ( 'NONE',  ( 1.000000000000000000, 0.000000000000000000, 0.000000000000000000 ) ) ;
#1008 = EDGE_CURVE ( 'NONE', #1730, #651, #550, .T. ) ;
#1009 = EDGE_LOOP ( 'NONE', ( #2897, #1832, #2500, #484 ) ) ;
#1010 = PLANE ( 'NONE',  #589 ) ;
#1011 = DIRECTION ( 'NONE',  ( 0.000000000000000000, -1.000000000000000000, 0.000000000000000000 ) ) ;
#1012 = EDGE_CURVE ( 'NONE', #3104, #2939, #864, .T. ) ;
#1013 = ORIENTED_EDGE ( 'NONE', *, *, #1790, .T. ) ;
#1014 = ORIENTED_EDGE ( 'NONE', *, *, #2879, .F. ) ;
#1015 = EDGE_CURVE ( 'NONE', #2503, #1855, #2632, .T. ) ;
#1016 = VERTEX_POINT ( 'NONE', #568 ) ;
#1017 = ORIENTED_EDGE ( 'NONE', *, *, #1157, .F. ) ;
#1018 = CARTESIAN_POINT ( 'NONE',  ( 0.1101181102362267794, 0.07086614173227559488, 0.01574803149606299191 ) ) ;
#1019 = DIRECTION ( 'NONE',  ( 0.000000000000000000, -1.000000000000000000, 0.000000000000000000 ) ) ;
#1020 = PLANE ( 'NONE',  #908 ) ;
#1021 = CARTESIAN_POINT ( 'NONE',  ( 0.1692913385826848582, -0.01181102362204812864, 0.000000000000000000 ) ) ;
#1022 = DIRECTION ( 'NONE',  ( 0.000000000000000000, 0.000000000000000000, 1.000000000000000000 ) ) ;
#1023 = PLANE ( 'NONE',  #2075 ) ;
#1024 = DIRECTION ( 'NONE',  ( 0.000000000000000000, -1.000000000000000000, 0.000000000000000000 ) ) ;
#1025 = LINE ( 'NONE', #2308, #1681 ) ;
#1026 = ORIENTED_EDGE ( 'NONE', *, *, #607, .T. ) ;
#1027 = EDGE_CURVE ( 'NONE', #3014, #2171, #1108, .T. ) ;
#1028 = DIRECTION ( 'NONE',  ( 0.000000000000000000, 0.000000000000000000, -1.000000000000000000 ) ) ;
#1029 = DIRECTION ( 'NONE',  ( 0.000000000000000000, 0.000000000000000000, 1.000000000000000000 ) ) ;
#1030 = AXIS2_PLACEMENT_3D ( 'NONE', #3503, #457, #2940 ) ;
#1031 = EDGE_CURVE ( 'NONE', #278, #3966, #2006, .T. ) ;
#1032 = DIRECTION ( 'NONE',  ( 0.000000000000000000, 0.000000000000000000, 1.000000000000000000 ) ) ;
#1033 = VECTOR ( 'NONE', #3873, 39.37007874015748143 ) ;
#1034 = ORIENTED_EDGE ( 'NONE', *, *, #3253, .T. ) ;
#1035 = VERTEX_POINT ( 'NONE', #1128 ) ;
#1036 = VECTOR ( 'NONE', #3593, 39.37007874015748143 ) ;
#1037 = CIRCLE ( 'NONE', #1551, 0.009842519685042657243 ) ;
#1038 = ADVANCED_FACE ( 'NONE', ( #3562 ), #2066, .F. ) ;
#1039 = ORIENTED_EDGE ( 'NONE', *, *, #1572, .F. ) ;
#1040 = DIRECTION ( 'NONE',  ( -1.000000000000000000, 0.000000000000000000, 0.000000000000000000 ) ) ;
#1041 = CARTESIAN_POINT ( 'NONE',  ( -0.1889763779527527665, -7.649174382259940956E-15, 0.1771653543307086798 ) ) ;
#1042 = CARTESIAN_POINT ( 'NONE',  ( -0.2499999999999945044, 0.1530432415204946994, 0.009842519685039369942 ) ) ;
#1043 = VECTOR ( 'NONE', #364, 39.37007874015748143 ) ;
#1044 = CARTESIAN_POINT ( 'NONE',  ( -0.1476377952755874023, 0.000000000000000000, 0.08267716535433072833 ) ) ;
#1045 = CARTESIAN_POINT ( 'NONE',  ( 0.1377952755905535454, -0.01181102362204812864, 0.000000000000000000 ) ) ;
#1046 = ORIENTED_EDGE ( 'NONE', *, *, #819, .F. ) ;
#1047 = VECTOR ( 'NONE', #3512, 39.37007874015748143 ) ;
#1048 = DIRECTION ( 'NONE',  ( -1.000000000000000000, 0.000000000000000000, 0.000000000000000000 ) ) ;
#1049 = CARTESIAN_POINT ( 'NONE',  ( -0.1673228346456639704, -0.1437007874015747977, 0.1771653543307086798 ) ) ;
#1050 = CARTESIAN_POINT ( 'NONE',  ( -0.2499999999999945044, 0.1523940915100234494, 0.009842519685039369942 ) ) ;
#1051 = AXIS2_PLACEMENT_3D ( 'NONE', #3642, #22, #2103 ) ;
#1052 = VERTEX_POINT ( 'NONE', #527 ) ;
#1053 = CARTESIAN_POINT ( 'NONE',  ( 0.06692913385826908257, 0.07086614173227559488, 0.08661417322834646937 ) ) ;
#1054 = VECTOR ( 'NONE', #3122, 39.37007874015748143 ) ;
#1055 = CARTESIAN_POINT ( 'NONE',  ( -0.2322834645669208664, -0.03149606299212689281, 0.1673228346456692994 ) ) ;
#1056 = FACE_OUTER_BOUND ( 'NONE', #3798, .T. ) ;
#1057 = AXIS2_PLACEMENT_3D ( 'NONE', #1018, #2490, #1300 ) ;
#1058 = ORIENTED_EDGE ( 'NONE', *, *, #3672, .F. ) ;
#1059 = LINE ( 'NONE', #3168, #3030 ) ;
#1060 = VERTEX_POINT ( 'NONE', #2993 ) ;
#1061 = EDGE_CURVE ( 'NONE', #1407, #2422, #840, .T. ) ;
#1062 = DIRECTION ( 'NONE',  ( 0.000000000000000000, -1.000000000000000000, 0.000000000000000000 ) ) ;
#1063 = CARTESIAN_POINT ( 'NONE',  ( -0.03937007874015315684, 0.1141732283464484271, 0.2952755905511810774 ) ) ;
#1064 = DIRECTION ( 'NONE',  ( 1.000000000000000000, 0.000000000000000000, 0.000000000000000000 ) ) ;
#1065 = ADVANCED_FACE ( 'NONE', ( #2025 ), #247, .T. ) ;
#1066 = CARTESIAN_POINT ( 'NONE',  ( -0.2499999999999945044, -0.03149606299213452559, 0.04527559055118110520 ) ) ;
#1067 = VERTEX_POINT ( 'NONE', #1145 ) ;
#1068 = CYLINDRICAL_SURFACE ( 'NONE', #1563, 0.009842519685042657243 ) ;
#1069 = CARTESIAN_POINT ( 'NONE',  ( -0.1496062992125907487, -0.02362204724409515746, 0.01574803149606321048 ) ) ;
#1070 = CARTESIAN_POINT ( 'NONE',  ( 0.06692913385826908257, 0.1181102362204649731, 0.01574803149606299191 ) ) ;
#1071 = ADVANCED_FACE ( 'NONE', ( #3256 ), #510, .T. ) ;
#1072 = ORIENTED_EDGE ( 'NONE', *, *, #3860, .T. ) ;
#1073 = CARTESIAN_POINT ( 'NONE',  ( -0.09842519685039154143, 0.03543307086613346757, 0.3149606299212547311 ) ) ;
#1074 = DIRECTION ( 'NONE',  ( 1.000000000000000000, 0.000000000000000000, 0.000000000000000000 ) ) ;
#1075 = DIRECTION ( 'NONE',  ( 0.000000000000000000, 0.000000000000000000, -1.000000000000000000 ) ) ;
#1076 = ORIENTED_EDGE ( 'NONE', *, *, #1081, .T. ) ;
#1077 = CARTESIAN_POINT ( 'NONE',  ( -0.1889763779527527665, 0.000000000000000000, 0.002952755905511810983 ) ) ;
#1078 = ORIENTED_EDGE ( 'NONE', *, *, #2854, .F. ) ;
#1079 = UNCERTAINTY_MEASURE_WITH_UNIT (LENGTH_MEASURE( 1.000000000000000082E-05 ), #145, 'distance_accuracy_value', 'NONE');
#1080 = CARTESIAN_POINT ( 'NONE',  ( 0.2342519685039417543, -0.09055118110236221041, 0.1122047244094507845 ) ) ;
#1081 = EDGE_CURVE ( 'NONE', #3566, #843, #1708, .T. ) ;
#1082 = CARTESIAN_POINT ( 'NONE',  ( 0.2322834645669386022, -7.649174382259940956E-15, 0.1742125984251968462 ) ) ;
#1083 = CARTESIAN_POINT ( 'NONE',  ( 0.2342519685039417543, -0.03149606299212689281, 0.1673228346456692994 ) ) ;
#1084 = CARTESIAN_POINT ( 'NONE',  ( -0.2342519685039330668, 0.1535433070866141780, 0.01574803149606299191 ) ) ;
#1085 = ORIENTED_EDGE ( 'NONE', *, *, #819, .T. ) ;
#1086 = DIRECTION ( 'NONE',  ( 1.000000000000000000, 0.000000000000000000, -9.284449574024968172E-17 ) ) ;
#1087 = EDGE_CURVE ( 'NONE', #188, #969, #1460, .T. ) ;
#1088 = CARTESIAN_POINT ( 'NONE',  ( 0.1692913385826848582, 0.000000000000000000, 0.01574803149606321048 ) ) ;
#1089 = CARTESIAN_POINT ( 'NONE',  ( 0.2401574803149693349, 0.000000000000000000, 0.1771653543307086798 ) ) ;
#1090 = VERTEX_POINT ( 'NONE', #1162 ) ;
#1091 = ADVANCED_FACE ( 'NONE', ( #3623 ), #3310, .F. ) ;
#1092 = LINE ( 'NONE', #2922, #2830 ) ;
#1093 = CARTESIAN_POINT ( 'NONE',  ( 0.1101181102362267794, 0.03149606299211815674, 0.01574803149606299191 ) ) ;
#1094 = ORIENTED_EDGE ( 'NONE', *, *, #256, .F. ) ;
#1095 = CARTESIAN_POINT ( 'NONE',  ( 0.09055118110236969053, 0.05118110236219685499, 0.01574803149606299191 ) ) ;
#1096 = CIRCLE ( 'NONE', #1607, 0.01181102362204594289 ) ;
#1097 = ORIENTED_EDGE ( 'NONE', *, *, #1786, .F. ) ;
#1098 = CARTESIAN_POINT ( 'NONE',  ( 0.1200787401574889834, 0.1181102362204649731, 0.1614173228346456879 ) ) ;
#1099 = VECTOR ( 'NONE', #317, 39.37007874015748143 ) ;
#1100 = CARTESIAN_POINT ( 'NONE',  ( -0.1818002768088531618, 0.000000000000000000, 0.08267716535433072833 ) ) ;
#1101 = CARTESIAN_POINT ( 'NONE',  ( 0.1476377952755960621, -0.1437007874015747977, 0.09448818897637795144 ) ) ;
#1102 = FACE_OUTER_BOUND ( 'NONE', #2220, .T. ) ;
#1103 = EDGE_CURVE ( 'NONE', #2475, #576, #2473, .T. ) ;
#1104 = ORIENTED_EDGE ( 'NONE', *, *, #883, .F. ) ;
#1105 = CARTESIAN_POINT ( 'NONE',  ( -0.009842519685033917706, -0.1437007874015747977, 0.09448818897637795144 ) ) ;
#1106 = VECTOR ( 'NONE', #2158, 39.37007874015748143 ) ;
#1107 = AXIS2_PLACEMENT_3D ( 'NONE', #2699, #1433, #1772 ) ;
#1108 = LINE ( 'NONE', #3270, #3278 ) ;
#1109 = CARTESIAN_POINT ( 'NONE',  ( -0.2499999999999945044, 0.1377952755905511861, 0.1673228346456692994 ) ) ;
#1110 = ADVANCED_FACE ( 'NONE', ( #1883 ), #612, .T. ) ;
#1111 = AXIS2_PLACEMENT_3D ( 'NONE', #569, #1423, #3901 ) ;
#1112 = ORIENTED_EDGE ( 'NONE', *, *, #1425, .T. ) ;
#1113 = PLANE ( 'NONE',  #341 ) ;
#1114 = VECTOR ( 'NONE', #3410, 39.37007874015748143 ) ;
#1115 = PLANE ( 'NONE',  #2452 ) ;
#1116 = ADVANCED_FACE ( 'NONE', ( #1266 ), #1202, .T. ) ;
#1117 = ORIENTED_EDGE ( 'NONE', *, *, #2709, .T. ) ;
#1118 = VECTOR ( 'NONE', #50, 39.37007874015748143 ) ;
#1119 = CARTESIAN_POINT ( 'NONE',  ( 0.2342519685039417543, -0.03149606299212689281, 0.1673228346456692994 ) ) ;
#1120 = AXIS2_PLACEMENT_3D ( 'NONE', #940, #61, #1619 ) ;
#1121 = EDGE_CURVE ( 'NONE', #3607, #2340, #1245, .T. ) ;
#1122 = ORIENTED_EDGE ( 'NONE', *, *, #2310, .T. ) ;
#1123 = CARTESIAN_POINT ( 'NONE',  ( 0.2401574803149693349, 0.1523940915100234494, 0.009842519685039369942 ) ) ;
#1124 = DIRECTION ( 'NONE',  ( 0.000000000000000000, 0.000000000000000000, -1.000000000000000000 ) ) ;
#1125 = CARTESIAN_POINT ( 'NONE',  ( 0.06692913385826908257, 0.03149606299211815674, 0.08661417322834646937 ) ) ;
#1126 = ORIENTED_EDGE ( 'NONE', *, *, #3758, .T. ) ;
#1127 = FACE_OUTER_BOUND ( 'NONE', #1617, .T. ) ;
#1128 = CARTESIAN_POINT ( 'NONE',  ( 0.2500000000000031641, -0.03149606299213452559, 0.04527559055118110520 ) ) ;
#1129 = DIRECTION ( 'NONE',  ( 0.000000000000000000, 1.000000000000000000, 0.000000000000000000 ) ) ;
#1130 = VERTEX_POINT ( 'NONE', #2446 ) ;
#1131 = VERTEX_POINT ( 'NONE', #290 ) ;
#1132 = ADVANCED_FACE ( 'NONE', ( #1 ), #1504, .F. ) ;
#1133 = DIRECTION ( 'NONE',  ( 1.000000000000000000, 0.000000000000000000, 0.000000000000000000 ) ) ;
#1134 = CARTESIAN_POINT ( 'NONE',  ( -0.1496062992125907487, -0.01181102362204812864, 0.000000000000000000 ) ) ;
#1135 = ORIENTED_EDGE ( 'NONE', *, *, #3096, .F. ) ;
#1136 = ADVANCED_FACE ( 'NONE', ( #63 ), #881, .F. ) ;
#1137 = ORIENTED_EDGE ( 'NONE', *, *, #1346, .F. ) ;
#1138 = VERTEX_POINT ( 'NONE', #3708 ) ;
#1139 = CARTESIAN_POINT ( 'NONE',  ( -0.2322834645669208664, 0.000000000000000000, 0.005905511811023621965 ) ) ;
#1140 = ADVANCED_FACE ( 'NONE', ( #2104 ), #1282, .T. ) ;
#1141 = DIRECTION ( 'NONE',  ( 0.000000000000000000, 0.000000000000000000, -1.000000000000000000 ) ) ;
#1142 = DIRECTION ( 'NONE',  ( 0.000000000000000000, 1.000000000000000000, 0.000000000000000000 ) ) ;
#1143 = ORIENTED_EDGE ( 'NONE', *, *, #3175, .F. ) ;
#1144 = CARTESIAN_POINT ( 'NONE',  ( 0.1496062992126082625, -0.01181102362204812864, 0.01574803149606321048 ) ) ;
#1145 = CARTESIAN_POINT ( 'NONE',  ( 0.2342519685039417543, -0.1292548965242285575, 0.07317802266773131004 ) ) ;
#1146 = DIRECTION ( 'NONE',  ( 1.000000000000000000, 0.000000000000000000, 0.000000000000000000 ) ) ;
#1147 = ORIENTED_EDGE ( 'NONE', *, *, #1583, .T. ) ;
#1148 = ORIENTED_EDGE ( 'NONE', *, *, #182, .F. ) ;
#1149 = LINE ( 'NONE', #3632, #3471 ) ;
#1150 = DIRECTION ( 'NONE',  ( 1.000000000000000000, 0.000000000000000000, 0.000000000000000000 ) ) ;
#1151 = ORIENTED_EDGE ( 'NONE', *, *, #2933, .F. ) ;
#1152 = ORIENTED_EDGE ( 'NONE', *, *, #2505, .T. ) ;
#1153 = EDGE_CURVE ( 'NONE', #3162, #571, #2426, .T. ) ;
#1154 = EDGE_LOOP ( 'NONE', ( #3891, #2485, #962, #1241 ) ) ;
#1155 = DIRECTION ( 'NONE',  ( -0.000000000000000000, 0.2076859292882925201, 0.9781955605990340086 ) ) ;
#1156 = CARTESIAN_POINT ( 'NONE',  ( 0.1377952755905535454, 0.03149606299211815674, 0.1742125984251968462 ) ) ;
#1157 = EDGE_CURVE ( 'NONE', #2317, #1398, #3726, .T. ) ;
#1158 = AXIS2_PLACEMENT_3D ( 'NONE', #3925, #886, #1405 ) ;
#1159 = ORIENTED_EDGE ( 'NONE', *, *, #3072, .F. ) ;
#1160 = CARTESIAN_POINT ( 'NONE',  ( 0.06692913385826908257, 0.09842519685038622623, 0.01574803149606299191 ) ) ;
#1161 = DIRECTION ( 'NONE',  ( 0.000000000000000000, 0.000000000000000000, 1.000000000000000000 ) ) ;
#1162 = CARTESIAN_POINT ( 'NONE',  ( 0.1377952755905535454, -0.01181102362204812864, 0.000000000000000000 ) ) ;
#1163 = VECTOR ( 'NONE', #1314, 39.37007874015748143 ) ;
#1164 = DIRECTION ( 'NONE',  ( 1.000000000000000000, 0.000000000000000000, 0.000000000000000000 ) ) ;
#1165 = ORIENTED_EDGE ( 'NONE', *, *, #111, .T. ) ;
#1166 = VECTOR ( 'NONE', #3361, 39.37007874015748143 ) ;
#1167 = DIRECTION ( 'NONE',  ( 1.000000000000000000, -2.135044278125170234E-14, 0.000000000000000000 ) ) ;
#1168 = SHAPE_DEFINITION_REPRESENTATION ( #1697, #684 ) ;
#1169 = DIRECTION ( 'NONE',  ( 0.000000000000000000, 0.000000000000000000, 1.000000000000000000 ) ) ;
#1170 = LINE ( 'NONE', #1769, #2843 ) ;
#1171 = CIRCLE ( 'NONE', #3549, 0.009842519685042657243 ) ;
#1172 = ORIENTED_EDGE ( 'NONE', *, *, #3464, .F. ) ;
#1173 = AXIS2_PLACEMENT_3D ( 'NONE', #3193, #1064, #2833 ) ;
#1174 = ORIENTED_EDGE ( 'NONE', *, *, #3532, .F. ) ;
#1175 = AXIS2_PLACEMENT_3D ( 'NONE', #3510, #1658, #1062 ) ;
#1176 = DIRECTION ( 'NONE',  ( 1.000000000000000000, 0.000000000000000000, 0.000000000000000000 ) ) ;
#1177 = AXIS2_PLACEMENT_3D ( 'NONE', #1762, #2444, #2102 ) ;
#1178 = EDGE_CURVE ( 'NONE', #1789, #3463, #3677, .T. ) ;
#1179 = CARTESIAN_POINT ( 'NONE',  ( -0.2322834645669208664, 0.1377952755905437199, 0.1614173228346456879 ) ) ;
#1180 = AXIS2_PLACEMENT_3D ( 'NONE', #1473, #3953, #1176 ) ;
#1181 = ORIENTED_EDGE ( 'NONE', *, *, #873, .T. ) ;
#1182 = LINE ( 'NONE', #2771, #2850 ) ;
#1183 = DIRECTION ( 'NONE',  ( 1.000000000000000000, 0.000000000000000000, 0.000000000000000000 ) ) ;
#1184 = EDGE_CURVE ( 'NONE', #2921, #3320, #3036, .T. ) ;
#1185 = CYLINDRICAL_SURFACE ( 'NONE', #1225, 0.009842519685042657243 ) ;
#1186 = DIRECTION ( 'NONE',  ( -1.000000000000000000, 0.000000000000000000, 0.000000000000000000 ) ) ;
#1187 = ORIENTED_EDGE ( 'NONE', *, *, #1583, .F. ) ;
#1188 = ORIENTED_EDGE ( 'NONE', *, *, #1506, .F. ) ;
#1189 = CYLINDRICAL_SURFACE ( 'NONE', #1752, 0.01574803149606299191 ) ;
#1190 = EDGE_CURVE ( 'NONE', #242, #1363, #3336, .T. ) ;
#1191 = LINE ( 'NONE', #1768, #2373 ) ;
#1192 = CARTESIAN_POINT ( 'NONE',  ( -0.1692913385826771699, 0.000000000000000000, 0.1771653543307086798 ) ) ;
#1193 = ORIENTED_EDGE ( 'NONE', *, *, #811, .T. ) ;
#1194 = LINE ( 'NONE', #2418, #2957 ) ;
#1195 = VERTEX_POINT ( 'NONE', #311 ) ;
#1196 = EDGE_LOOP ( 'NONE', ( #2221, #3525, #1575, #860, #3762, #1199, #3156, #1135, #3082, #2848 ) ) ;
#1197 = FACE_OUTER_BOUND ( 'NONE', #172, .T. ) ;
#1198 = ORIENTED_EDGE ( 'NONE', *, *, #481, .F. ) ;
#1199 = ORIENTED_EDGE ( 'NONE', *, *, #3856, .F. ) ;
#1200 = FACE_OUTER_BOUND ( 'NONE', #3941, .T. ) ;
#1201 = CARTESIAN_POINT ( 'NONE',  ( -0.1818002768088531618, -0.1771653543307086798, 0.09448818897637795144 ) ) ;
#1202 = CYLINDRICAL_SURFACE ( 'NONE', #1675, 0.01181102362204594289 ) ;
#1203 = CARTESIAN_POINT ( 'NONE',  ( -0.1496062992125907487, -0.02362204724409515746, 0.1614173228346456879 ) ) ;
#1204 = ORIENTED_EDGE ( 'NONE', *, *, #434, .T. ) ;
#1205 = EDGE_CURVE ( 'NONE', #1247, #874, #3118, .T. ) ;
#1206 = VERTEX_POINT ( 'NONE', #328 ) ;
#1207 = DIRECTION ( 'NONE',  ( 0.000000000000000000, -1.000000000000000000, 0.000000000000000000 ) ) ;
#1208 = DIRECTION ( 'NONE',  ( -1.000000000000000000, 0.000000000000000000, 0.000000000000000000 ) ) ;
#1209 = DIRECTION ( 'NONE',  ( 1.000000000000000000, 0.000000000000000000, 0.000000000000000000 ) ) ;
#1210 = EDGE_CURVE ( 'NONE', #2396, #1789, #1974, .T. ) ;
#1211 = VERTEX_POINT ( 'NONE', #2123 ) ;
#1212 = CARTESIAN_POINT ( 'NONE',  ( -0.03937007874015315684, 0.1141732283464484271, 0.2818897637794882116 ) ) ;
#1213 = ORIENTED_EDGE ( 'NONE', *, *, #1770, .T. ) ;
#1214 = VERTEX_POINT ( 'NONE', #2285 ) ;
#1215 = DIRECTION ( 'NONE',  ( 1.000000000000000000, 0.000000000000000000, 0.000000000000000000 ) ) ;
#1216 = EDGE_LOOP ( 'NONE', ( #2237, #1899, #3067, #3428 ) ) ;
#1217 = ORIENTED_EDGE ( 'NONE', *, *, #554, .F. ) ;
#1218 = CARTESIAN_POINT ( 'NONE',  ( -0.2244094488188905778, 0.03149606299211815674, 0.002952755905511810983 ) ) ;
#1219 = CARTESIAN_POINT ( 'NONE',  ( -0.2244094488188905778, 0.000000000000000000, 0.002952755905511810983 ) ) ;
#1220 = DIRECTION ( 'NONE',  ( 0.000000000000000000, 0.000000000000000000, 1.000000000000000000 ) ) ;
#1221 = ORIENTED_EDGE ( 'NONE', *, *, #3194, .T. ) ;
#1222 = VECTOR ( 'NONE', #740, 39.37007874015748143 ) ;
#1223 = ORIENTED_EDGE ( 'NONE', *, *, #1383, .T. ) ;
#1224 = DIRECTION ( 'NONE',  ( 1.000000000000000000, 0.000000000000000000, 0.000000000000000000 ) ) ;
#1225 = AXIS2_PLACEMENT_3D ( 'NONE', #1743, #3582, #2408 ) ;
#1226 = DIRECTION ( 'NONE',  ( 0.000000000000000000, 0.000000000000000000, -1.000000000000000000 ) ) ;
#1227 = CARTESIAN_POINT ( 'NONE',  ( 0.2500000000000031641, -0.03149606299213452559, 0.009842519685039369942 ) ) ;
#1228 = EDGE_CURVE ( 'NONE', #1131, #3423, #2208, .T. ) ;
#1229 = VECTOR ( 'NONE', #2971, 39.37007874015748143 ) ;
#1230 = EDGE_LOOP ( 'NONE', ( #994, #146, #2762, #1078, #810, #844 ) ) ;
#1231 = AXIS2_PLACEMENT_3D ( 'NONE', #2234, #2501, #3143 ) ;
#1232 = CARTESIAN_POINT ( 'NONE',  ( -0.1673228346456639704, -0.1437007874015747977, 0.09448818897637795144 ) ) ;
#1233 = ADVANCED_FACE ( 'NONE', ( #2913 ), #1381, .F. ) ;
#1234 = ORIENTED_EDGE ( 'NONE', *, *, #1327, .T. ) ;
#1235 = ORIENTED_EDGE ( 'NONE', *, *, #1700, .F. ) ;
#1236 = AXIS2_PLACEMENT_3D ( 'NONE', #1387, #1949, #2601 ) ;
#1237 = CARTESIAN_POINT ( 'NONE',  ( -0.2499999999999945044, -0.09055118110236221041, 0.1122047244094507845 ) ) ;
#1238 = ADVANCED_FACE ( 'NONE', ( #1337 ), #1020, .F. ) ;
#1239 = AXIS2_PLACEMENT_3D ( 'NONE', #3691, #333, #927 ) ;
#1240 = EDGE_LOOP ( 'NONE', ( #2614, #790, #3837, #2298 ) ) ;
#1241 = ORIENTED_EDGE ( 'NONE', *, *, #811, .F. ) ;
#1242 = AXIS2_PLACEMENT_3D ( 'NONE', #566, #2424, #3641 ) ;
#1243 = CARTESIAN_POINT ( 'NONE',  ( 0.1101181102362267794, 0.07086614173227559488, 0.08661417322834646937 ) ) ;
#1244 = DIRECTION ( 'NONE',  ( 0.000000000000000000, 0.000000000000000000, 1.000000000000000000 ) ) ;
#1245 = LINE ( 'NONE', #2511, #3474 ) ;
#1246 = DIRECTION ( 'NONE',  ( 1.000000000000000000, 0.000000000000000000, 0.000000000000000000 ) ) ;
#1247 = VERTEX_POINT ( 'NONE', #406 ) ;
#1248 = AXIS2_PLACEMENT_3D ( 'NONE', #3305, #2421, #260 ) ;
#1249 = ORIENTED_EDGE ( 'NONE', *, *, #1012, .T. ) ;
#1250 = CARTESIAN_POINT ( 'NONE',  ( -0.09055118110236103079, 0.09842519685038622623, 0.01574803149606299191 ) ) ;
#1251 = CARTESIAN_POINT ( 'NONE',  ( -0.1818002768088531618, -0.1771653543307086798, 0.09448818897637795144 ) ) ;
#1252 = LINE ( 'NONE', #1867, #217 ) ;
#1253 = VERTEX_POINT ( 'NONE', #1940 ) ;
#1254 = EDGE_CURVE ( 'NONE', #278, #2176, #1902, .T. ) ;
#1255 = DIRECTION ( 'NONE',  ( 0.000000000000000000, 0.000000000000000000, 1.000000000000000000 ) ) ;
#1256 = CARTESIAN_POINT ( 'NONE',  ( -0.1673228346456639704, -0.1437007874015747977, 0.08267716535433072833 ) ) ;
#1257 = ORIENTED_EDGE ( 'NONE', *, *, #2065, .F. ) ;
#1258 = VERTEX_POINT ( 'NONE', #3151 ) ;
#1259 = EDGE_CURVE ( 'NONE', #2171, #242, #2447, .T. ) ;
#1260 = LINE ( 'NONE', #3502, #2852 ) ;
#1261 = EDGE_LOOP ( 'NONE', ( #708, #1921, #1306, #3625, #325, #3436 ) ) ;
#1262 = EDGE_CURVE ( 'NONE', #3442, #2096, #2570, .T. ) ;
#1263 = ORIENTED_EDGE ( 'NONE', *, *, #1103, .T. ) ;
#1264 = CARTESIAN_POINT ( 'NONE',  ( -0.09055118110236103079, 0.05118110236219685499, 0.01574803149606299191 ) ) ;
#1265 = FACE_OUTER_BOUND ( 'NONE', #2893, .T. ) ;
#1266 = FACE_OUTER_BOUND ( 'NONE', #221, .T. ) ;
#1267 = LINE ( 'NONE', #1884, #3035 ) ;
#1268 = VERTEX_POINT ( 'NONE', #759 ) ;
#1269 = EDGE_LOOP ( 'NONE', ( #3437, #583, #512, #2770 ) ) ;
#1270 = LINE ( 'NONE', #3772, #1625 ) ;
#1271 = CARTESIAN_POINT ( 'NONE',  ( -0.1692913385826771699, -0.01181102362204812864, 0.1771653543307086798 ) ) ;
#1272 = DIRECTION ( 'NONE',  ( 1.000000000000000000, 0.000000000000000000, 0.000000000000000000 ) ) ;
#1273 = VERTEX_POINT ( 'NONE', #447 ) ;
#1274 = DIRECTION ( 'NONE',  ( 0.000000000000000000, -1.000000000000000000, 0.000000000000000000 ) ) ;
#1275 = CARTESIAN_POINT ( 'NONE',  ( 0.1889763779527613985, 0.03149606299211815674, 0.000000000000000000 ) ) ;
#1276 = ORIENTED_EDGE ( 'NONE', *, *, #3986, .F. ) ;
#1277 = DIRECTION ( 'NONE',  ( -0.7071067811863059882, 0.000000000000000000, 0.7071067811867890462 ) ) ;
#1278 = VERTEX_POINT ( 'NONE', #3833 ) ;
#1279 = ADVANCED_FACE ( 'NONE', ( #3135 ), #1641, .F. ) ;
#1280 = CARTESIAN_POINT ( 'NONE',  ( -0.1496062992125907487, -0.01181102362204812864, 0.000000000000000000 ) ) ;
#1281 = CARTESIAN_POINT ( 'NONE',  ( -0.2322834645669208664, 0.1523940915100234494, 0.1673228346456692994 ) ) ;
#1282 = PLANE ( 'NONE',  #532 ) ;
#1283 = CARTESIAN_POINT ( 'NONE',  ( -0.1818002768088531618, 0.000000000000000000, 0.09448818897637795144 ) ) ;
#1284 = EDGE_CURVE ( 'NONE', #3247, #2725, #2594, .T. ) ;
#1285 = VERTEX_POINT ( 'NONE', #168 ) ;
#1286 = VERTEX_POINT ( 'NONE', #3767 ) ;
#1287 = CARTESIAN_POINT ( 'NONE',  ( -0.1476377952755874023, 0.000000000000000000, 0.1771653543307086798 ) ) ;
#1288 = LINE ( 'NONE', #1271, #2836 ) ;
#1289 = AXIS2_PLACEMENT_3D ( 'NONE', #2157, #339, #2787 ) ;
#1290 = CARTESIAN_POINT ( 'NONE',  ( 0.2342519685039417543, 0.000000000000000000, 0.1673228346456692994 ) ) ;
#1291 = EDGE_CURVE ( 'NONE', #2606, #3268, #2551, .T. ) ;
#1292 = ORIENTED_EDGE ( 'NONE', *, *, #3986, .T. ) ;
#1293 = VECTOR ( 'NONE', #2192, 39.37007874015748143 ) ;
#1294 = CARTESIAN_POINT ( 'NONE',  ( -0.1692913385826771699, 0.000000000000000000, 0.000000000000000000 ) ) ;
#1295 = VECTOR ( 'NONE', #2673, 39.37007874015748143 ) ;
#1296 = ORIENTED_EDGE ( 'NONE', *, *, #3722, .F. ) ;
#1297 = AXIS2_PLACEMENT_3D ( 'NONE', #420, #3482, #3243 ) ;
#1298 = ORIENTED_EDGE ( 'NONE', *, *, #3956, .F. ) ;
#1299 = VECTOR ( 'NONE', #2125, 39.37007874015748143 ) ;
#1300 = DIRECTION ( 'NONE',  ( 0.000000000000000000, 0.000000000000000000, 1.000000000000000000 ) ) ;
#1301 = EDGE_CURVE ( 'NONE', #3066, #643, #1918, .T. ) ;
#1302 = DIRECTION ( 'NONE',  ( 0.000000000000000000, 0.000000000000000000, -1.000000000000000000 ) ) ;
#1303 = CARTESIAN_POINT ( 'NONE',  ( -0.1377952755905446913, -0.02362204724409515746, 0.1771653543307086798 ) ) ;
#1304 = DIRECTION ( 'NONE',  ( 0.000000000000000000, 0.000000000000000000, -1.000000000000000000 ) ) ;
#1305 = VECTOR ( 'NONE', #1881, 39.37007874015748143 ) ;
#1306 = ORIENTED_EDGE ( 'NONE', *, *, #2927, .F. ) ;
#1307 = CARTESIAN_POINT ( 'NONE',  ( -0.1377952755905446913, 0.03149606299211815674, 0.1771653543307086798 ) ) ;
#1308 = EDGE_CURVE ( 'NONE', #3004, #2692, #3492, .T. ) ;
#1309 = LINE ( 'NONE', #750, #1413 ) ;
#1310 = VECTOR ( 'NONE', #3404, 39.37007874015748143 ) ;
#1311 = CARTESIAN_POINT ( 'NONE',  ( 0.2342519685039417543, -0.09055118110236221041, 0.1122047244094507845 ) ) ;
#1312 = ORIENTED_EDGE ( 'NONE', *, *, #2429, .F. ) ;
#1313 = EDGE_CURVE ( 'NONE', #1855, #3913, #745, .T. ) ;
#1314 = DIRECTION ( 'NONE',  ( 1.000000000000000000, 0.000000000000000000, 0.000000000000000000 ) ) ;
#1315 = ORIENTED_EDGE ( 'NONE', *, *, #3048, .T. ) ;
#1316 = ORIENTED_EDGE ( 'NONE', *, *, #2756, .T. ) ;
#1317 = LINE ( 'NONE', #2507, #3299 ) ;
#1318 = DIRECTION ( 'NONE',  ( 1.000000000000000000, 0.000000000000000000, 0.000000000000000000 ) ) ;
#1319 = LINE ( 'NONE', #1360, #1482 ) ;
#1320 = FACE_OUTER_BOUND ( 'NONE', #596, .T. ) ;
#1321 = DIRECTION ( 'NONE',  ( 0.000000000000000000, -1.000000000000000000, 0.000000000000000000 ) ) ;
#1322 = ADVANCED_FACE ( 'NONE', ( #1960 ), #1659, .T. ) ;
#1323 = ORIENTED_EDGE ( 'NONE', *, *, #3048, .F. ) ;
#1324 = LINE ( 'NONE', #2858, #3486 ) ;
#1325 = CARTESIAN_POINT ( 'NONE',  ( 0.1377952755905535454, 0.000000000000000000, 0.002952755905511810983 ) ) ;
#1326 = CARTESIAN_POINT ( 'NONE',  ( -0.1181102362204681094, 0.1141732283464484271, 0.2818897637795114153 ) ) ;
#1327 = EDGE_CURVE ( 'NONE', #302, #2023, #1319, .T. ) ;
#1328 = ORIENTED_EDGE ( 'NONE', *, *, #238, .T. ) ;
#1329 = DIRECTION ( 'NONE',  ( 0.000000000000000000, 0.000000000000000000, -1.000000000000000000 ) ) ;
#1330 = CARTESIAN_POINT ( 'NONE',  ( 0.2322834645669386022, 0.03149606299211815674, 0.1742125984251968462 ) ) ;
#1331 = ADVANCED_FACE ( 'NONE', ( #465 ), #1680, .F. ) ;
#1332 = EDGE_LOOP ( 'NONE', ( #1536, #690, #2687, #1204 ) ) ;
#1333 = CARTESIAN_POINT ( 'NONE',  ( -0.2401574803149515991, 0.1523940915100234494, 0.1673228346456692994 ) ) ;
#1334 = ORIENTED_EDGE ( 'NONE', *, *, #2216, .F. ) ;
#1335 = DIRECTION ( 'NONE',  ( 0.000000000000000000, 0.000000000000000000, -1.000000000000000000 ) ) ;
#1336 = PLANE ( 'NONE',  #854 ) ;
#1337 = FACE_OUTER_BOUND ( 'NONE', #2335, .T. ) ;
#1338 = DIRECTION ( 'NONE',  ( 1.000000000000000000, 0.000000000000000000, 0.000000000000000000 ) ) ;
#1339 = DIRECTION ( 'NONE',  ( 0.000000000000000000, 0.000000000000000000, 1.000000000000000000 ) ) ;
#1340 = ORIENTED_EDGE ( 'NONE', *, *, #1008, .T. ) ;
#1341 = DIRECTION ( 'NONE',  ( 1.000000000000000000, 0.000000000000000000, 0.000000000000000000 ) ) ;
#1342 = CARTESIAN_POINT ( 'NONE',  ( -0.1200787401574714419, 0.1181102362204649731, 0.1771653543307086798 ) ) ;
#1343 = DIRECTION ( 'NONE',  ( 1.000000000000000000, 0.000000000000000000, 0.000000000000000000 ) ) ;
#1344 = EDGE_LOOP ( 'NONE', ( #3863, #1954, #1972, #2535 ) ) ;
#1345 = DIRECTION ( 'NONE',  ( 0.000000000000000000, 1.000000000000000000, 0.000000000000000000 ) ) ;
#1346 = EDGE_CURVE ( 'NONE', #651, #33, #1999, .T. ) ;
#1347 = CARTESIAN_POINT ( 'NONE',  ( 0.2500000000000031641, -0.03149606299212689281, 0.05708661417322834220 ) ) ;
#1348 = CARTESIAN_POINT ( 'NONE',  ( 0.1692913385826848582, 0.000000000000000000, 0.000000000000000000 ) ) ;
#1349 = CIRCLE ( 'NONE', #3537, 0.01181102362204594289 ) ;
#1350 = ORIENTED_EDGE ( 'NONE', *, *, #1383, .F. ) ;
#1351 = EDGE_CURVE ( 'NONE', #2376, #2091, #2324, .T. ) ;
#1352 = CARTESIAN_POINT ( 'NONE',  ( -0.09055118110236103079, 0.05118110236219685499, 0.01574803149606299191 ) ) ;
#1353 = CIRCLE ( 'NONE', #1158, 0.01181102362204594289 ) ;
#1354 = ORIENTED_EDGE ( 'NONE', *, *, #2609, .T. ) ;
#1355 = VECTOR ( 'NONE', #2800, 39.37007874015748143 ) ;
#1356 = VECTOR ( 'NONE', #1441, 39.37007874015748143 ) ;
#1357 = DIRECTION ( 'NONE',  ( 0.000000000000000000, 0.000000000000000000, 1.000000000000000000 ) ) ;
#1358 = ADVANCED_FACE ( 'NONE', ( #320 ), #816, .T. ) ;
#1359 = CARTESIAN_POINT ( 'NONE',  ( 0.1200787401574889834, 0.03149606299211815674, 0.1614173228346456879 ) ) ;
#1360 = CARTESIAN_POINT ( 'NONE',  ( 0.2342519685039417543, -0.1292548965242285575, 0.1039873316629773697 ) ) ;
#1361 = AXIS2_PLACEMENT_3D ( 'NONE', #2414, #273, #2660 ) ;
#1362 = DIRECTION ( 'NONE',  ( 0.000000000000000000, 1.000000000000000000, 0.000000000000000000 ) ) ;
#1363 = VERTEX_POINT ( 'NONE', #3992 ) ;
#1364 = VECTOR ( 'NONE', #2595, 39.37007874015748143 ) ;
#1365 = CARTESIAN_POINT ( 'NONE',  ( -0.1673228346456639704, -7.649174382259940956E-15, 0.1771653543307086798 ) ) ;
#1366 = DIRECTION ( 'NONE',  ( 0.000000000000000000, 0.000000000000000000, -1.000000000000000000 ) ) ;
#1367 = LINE ( 'NONE', #2861, #3226 ) ;
#1368 = VECTOR ( 'NONE', #667, 39.37007874015748143 ) ;
#1369 = EDGE_LOOP ( 'NONE', ( #1561, #1223, #1706, #210 ) ) ;
#1370 = CARTESIAN_POINT ( 'NONE',  ( -0.2322834645669208664, 0.03149606299211815674, 0.1771653543307086798 ) ) ;
#1371 = AXIS2_PLACEMENT_3D ( 'NONE', #1287, #1048, #433 ) ;
#1372 = FACE_OUTER_BOUND ( 'NONE', #627, .T. ) ;
#1373 = PLANE ( 'NONE',  #1873 ) ;
#1374 = VECTOR ( 'NONE', #3995, 39.37007874015748143 ) ;
#1375 = EDGE_CURVE ( 'NONE', #211, #600, #3556, .T. ) ;
#1376 = ORIENTED_EDGE ( 'NONE', *, *, #3758, .F. ) ;
#1377 = CYLINDRICAL_SURFACE ( 'NONE', #1474, 0.01574803149606125718 ) ;
#1378 = ORIENTED_EDGE ( 'NONE', *, *, #1741, .T. ) ;
#1379 = ADVANCED_FACE ( 'NONE', ( #2020 ), #1734, .F. ) ;
#1380 = DIRECTION ( 'NONE',  ( 0.000000000000000000, -1.000000000000000000, 0.000000000000000000 ) ) ;
#1381 = PLANE ( 'NONE',  #2191 ) ;
#1382 = CARTESIAN_POINT ( 'NONE',  ( 0.09055118110236969053, 0.05118110236219685499, 0.001968503937007873988 ) ) ;
#1383 = EDGE_CURVE ( 'NONE', #3247, #369, #2362, .T. ) ;
#1384 = ORIENTED_EDGE ( 'NONE', *, *, #3387, .F. ) ;
#1385 = CARTESIAN_POINT ( 'NONE',  ( 0.1889763779527613985, 0.000000000000000000, 0.002952755905511810983 ) ) ;
#1386 = DIRECTION ( 'NONE',  ( 1.000000000000000000, 0.000000000000000000, 0.000000000000000000 ) ) ;
#1387 = CARTESIAN_POINT ( 'NONE',  ( -0.06692913385826043671, 0.05118110236219685499, 0.01574803149606299191 ) ) ;
#1388 = ORIENTED_EDGE ( 'NONE', *, *, #1653, .F. ) ;
#1389 = CARTESIAN_POINT ( 'NONE',  ( -0.1200787401574714419, 0.03149606299211815674, 0.1742125984251968462 ) ) ;
#1390 = CARTESIAN_POINT ( 'NONE',  ( -0.2322834645669208664, 0.1377952755905437199, 0.1771653543307086798 ) ) ;
#1391 = VERTEX_POINT ( 'NONE', #2611 ) ;
#1392 = DIRECTION ( 'NONE',  ( 1.000000000000000000, 0.000000000000000000, 0.000000000000000000 ) ) ;
#1393 = CARTESIAN_POINT ( 'NONE',  ( -0.009842519685033917706, -0.1437007874015747977, 0.09448818897637795144 ) ) ;
#1394 = EDGE_CURVE ( 'NONE', #2120, #1951, #1833, .T. ) ;
#1395 = DIRECTION ( 'NONE',  ( 1.000000000000000000, 0.000000000000000000, 0.000000000000000000 ) ) ;
#1396 = CARTESIAN_POINT ( 'NONE',  ( 0.1889763779527613985, -7.649174382259940956E-15, 0.1771653543307086798 ) ) ;
#1397 = CARTESIAN_POINT ( 'NONE',  ( -0.2362823227931811210, 0.1535433070866133731, 0.01371767720687521591 ) ) ;
#1398 = VERTEX_POINT ( 'NONE', #1414 ) ;
#1399 = DIRECTION ( 'NONE',  ( 1.000000000000000000, 0.000000000000000000, 0.000000000000000000 ) ) ;
#1400 = ADVANCED_FACE ( 'NONE', ( #1758 ), #226, .F. ) ;
#1401 = DIRECTION ( 'NONE',  ( 0.000000000000000000, 0.000000000000000000, 1.000000000000000000 ) ) ;
#1402 = CARTESIAN_POINT ( 'NONE',  ( -0.06692913385826043671, 0.05118110236219685499, 0.001968503937007873988 ) ) ;
#1403 = VERTEX_POINT ( 'NONE', #1702 ) ;
#1404 = ADVANCED_FACE ( 'NONE', ( #2057 ), #3286, .T. ) ;
#1405 = DIRECTION ( 'NONE',  ( 1.000000000000000000, 0.000000000000000000, 0.000000000000000000 ) ) ;
#1406 = CARTESIAN_POINT ( 'NONE',  ( 0.2401574803149693349, -0.03149606299213452559, 0.04527559055118110520 ) ) ;
#1407 = VERTEX_POINT ( 'NONE', #3250 ) ;
#1408 = DIRECTION ( 'NONE',  ( 0.000000000000000000, 0.000000000000000000, 1.000000000000000000 ) ) ;
#1409 = VECTOR ( 'NONE', #497, 39.37007874015748143 ) ;
#1410 = ORIENTED_EDGE ( 'NONE', *, *, #2924, .F. ) ;
#1411 = ORIENTED_EDGE ( 'NONE', *, *, #1477, .T. ) ;
#1412 = CARTESIAN_POINT ( 'NONE',  ( 0.1889763779527613985, 0.03149606299211815674, 0.002952755905511810983 ) ) ;
#1413 = VECTOR ( 'NONE', #3182, 39.37007874015748143 ) ;
#1414 = CARTESIAN_POINT ( 'NONE',  ( -0.09173228346456475946, 0.03543307086613346757, 0.2822834645669252129 ) ) ;
#1415 = CARTESIAN_POINT ( 'NONE',  ( -0.1047244094488143790, 0.03543307086613346757, 0.2952755905511661449 ) ) ;
#1416 = CARTESIAN_POINT ( 'NONE',  ( 0.06692913385826908257, 0.07086614173227559488, 0.01574803149606299191 ) ) ;
#1417 = AXIS2_PLACEMENT_3D ( 'NONE', #2714, #1781, #2492 ) ;
#1418 = EDGE_CURVE ( 'NONE', #3005, #2807, #3046, .T. ) ;
#1419 = VERTEX_POINT ( 'NONE', #911 ) ;
#1420 = DIRECTION ( 'NONE',  ( -1.000000000000000000, 0.000000000000000000, 0.000000000000000000 ) ) ;
#1421 = AXIS2_PLACEMENT_3D ( 'NONE', #2251, #737, #770 ) ;
#1422 = DIRECTION ( 'NONE',  ( 1.000000000000000000, 0.000000000000000000, 0.000000000000000000 ) ) ;
#1423 = DIRECTION ( 'NONE',  ( -0.000000000000000000, 1.000000000000000000, 0.000000000000000000 ) ) ;
#1424 = ORIENTED_EDGE ( 'NONE', *, *, #241, .T. ) ;
#1425 = EDGE_CURVE ( 'NONE', #2554, #2078, #2646, .T. ) ;
#1426 = ORIENTED_EDGE ( 'NONE', *, *, #703, .F. ) ;
#1427 = DIRECTION ( 'NONE',  ( 0.000000000000000000, 0.000000000000000000, -1.000000000000000000 ) ) ;
#1428 = VECTOR ( 'NONE', #3288, 39.37007874015748143 ) ;
#1429 = CARTESIAN_POINT ( 'NONE',  ( -0.1692913385826771699, -0.02362204724409515746, 0.01574803149606321048 ) ) ;
#1430 = EDGE_CURVE ( 'NONE', #3423, #2880, #3894, .T. ) ;
#1431 = EDGE_LOOP ( 'NONE', ( #2662, #1410, #698, #2115, #903, #3095, #67, #2343 ) ) ;
#1432 = VECTOR ( 'NONE', #1086, 39.37007874015748143 ) ;
#1433 = DIRECTION ( 'NONE',  ( 0.000000000000000000, 0.000000000000000000, 1.000000000000000000 ) ) ;
#1434 = VECTOR ( 'NONE', #1564, 39.37007874015748143 ) ;
#1435 = ORIENTED_EDGE ( 'NONE', *, *, #192, .F. ) ;
#1436 = ORIENTED_EDGE ( 'NONE', *, *, #622, .F. ) ;
#1437 = VECTOR ( 'NONE', #2294, 39.37007874015748143 ) ;
#1438 = CARTESIAN_POINT ( 'NONE',  ( -0.2342519685039330668, -0.09055118110236221041, 0.1122047244094507845 ) ) ;
#1439 = CARTESIAN_POINT ( 'NONE',  ( -0.2342519685039330668, -0.03149606299212689281, 0.009842519685039369942 ) ) ;
#1440 = CARTESIAN_POINT ( 'NONE',  ( 0.009842519685042657243, 0.000000000000000000, 0.09448818897637795144 ) ) ;
#1441 = DIRECTION ( 'NONE',  ( 0.000000000000000000, 0.000000000000000000, -1.000000000000000000 ) ) ;
#1442 = ORIENTED_EDGE ( 'NONE', *, *, #1254, .T. ) ;
#1443 = PLANE ( 'NONE',  #3109 ) ;
#1444 = CARTESIAN_POINT ( 'NONE',  ( 0.2401574803149693349, -0.03149606299212689281, 0.1318897637795275746 ) ) ;
#1445 = CARTESIAN_POINT ( 'NONE',  ( 0.1377952755905535454, -0.02362204724409515746, 0.1771653543307086798 ) ) ;
#1446 = PRODUCT_RELATED_PRODUCT_CATEGORY ( 'part', '', ( #3565 ) ) ;
#1447 = ORIENTED_EDGE ( 'NONE', *, *, #383, .T. ) ;
#1448 = ORIENTED_EDGE ( 'NONE', *, *, #3870, .T. ) ;
#1449 = DIRECTION ( 'NONE',  ( 0.7071067811863225305, 0.000000000000000000, -0.7071067811867726149 ) ) ;
#1450 = DIRECTION ( 'NONE',  ( -0.000000000000000000, 1.000000000000000000, 0.000000000000000000 ) ) ;
#1451 = EDGE_CURVE ( 'NONE', #2068, #3389, #2137, .T. ) ;
#1452 = ORIENTED_EDGE ( 'NONE', *, *, #3902, .T. ) ;
#1453 = EDGE_CURVE ( 'NONE', #643, #43, #2626, .T. ) ;
#1454 = ORIENTED_EDGE ( 'NONE', *, *, #336, .F. ) ;
#1455 = DIRECTION ( 'NONE',  ( 0.000000000000000000, 0.000000000000000000, 1.000000000000000000 ) ) ;
#1456 = LINE ( 'NONE', #505, #94 ) ;
#1457 = ORIENTED_EDGE ( 'NONE', *, *, #1716, .F. ) ;
#1458 = CARTESIAN_POINT ( 'NONE',  ( -0.2401574803149515991, -0.03149606299212689281, 0.1318897637795275746 ) ) ;
#1459 = CARTESIAN_POINT ( 'NONE',  ( -67.36615085194036112, -0.02362204724409515746, 0.000000000000000000 ) ) ;
#1460 = LINE ( 'NONE', #266, #2582 ) ;
#1461 = DIRECTION ( 'NONE',  ( 1.000000000000000000, 0.000000000000000000, 0.000000000000000000 ) ) ;
#1462 = ORIENTED_EDGE ( 'NONE', *, *, #3928, .T. ) ;
#1463 = VERTEX_POINT ( 'NONE', #1082 ) ;
#1464 = DIRECTION ( 'NONE',  ( -0.000000000000000000, 1.000000000000000000, 0.000000000000000000 ) ) ;
#1465 = LINE ( 'NONE', #2393, #2700 ) ;
#1466 = DIRECTION ( 'NONE',  ( 0.000000000000000000, 0.000000000000000000, -1.000000000000000000 ) ) ;
#1467 = ORIENTED_EDGE ( 'NONE', *, *, #1848, .T. ) ;
#1468 = EDGE_CURVE ( 'NONE', #1463, #3776, #2301, .T. ) ;
#1469 = DIRECTION ( 'NONE',  ( 0.000000000000000000, 1.000000000000000000, 0.000000000000000000 ) ) ;
#1470 = ORIENTED_EDGE ( 'NONE', *, *, #1594, .T. ) ;
#1471 = ORIENTED_EDGE ( 'NONE', *, *, #234, .T. ) ;
#1472 = ADVANCED_FACE ( 'NONE', ( #396 ), #3760, .T. ) ;
#1473 = CARTESIAN_POINT ( 'NONE',  ( -67.36615085194036112, -5.132990351233639004, 0.1742125984251968462 ) ) ;
#1474 = AXIS2_PLACEMENT_3D ( 'NONE', #2607, #2318, #2016 ) ;
#1475 = LINE ( 'NONE', #2706, #2593 ) ;
#1476 = AXIS2_PLACEMENT_3D ( 'NONE', #3334, #826, #2637 ) ;
#1477 = EDGE_CURVE ( 'NONE', #2807, #3028, #37, .T. ) ;
#1478 = ORIENTED_EDGE ( 'NONE', *, *, #519, .T. ) ;
#1479 = DIRECTION ( 'NONE',  ( 1.000000000000000000, 0.000000000000000000, 0.000000000000000000 ) ) ;
#1480 = CARTESIAN_POINT ( 'NONE',  ( -0.2342519685039330668, 0.1377952755905437199, -0.02952755905511811330 ) ) ;
#1481 = DIRECTION ( 'NONE',  ( 1.000000000000000000, 0.000000000000000000, 0.000000000000000000 ) ) ;
#1482 = VECTOR ( 'NONE', #82, 39.37007874015748143 ) ;
#1483 = LINE ( 'NONE', #2691, #665 ) ;
#1484 = EDGE_LOOP ( 'NONE', ( #2356, #3718, #181, #3138 ) ) ;
#1485 = ORIENTED_EDGE ( 'NONE', *, *, #1430, .F. ) ;
#1486 = VECTOR ( 'NONE', #93, 39.37007874015748143 ) ;
#1487 = CARTESIAN_POINT ( 'NONE',  ( 0.1673228346456726578, 0.000000000000000000, 0.08267716535433072833 ) ) ;
#1488 = VECTOR ( 'NONE', #1032, 39.37007874015748143 ) ;
#1489 = FACE_OUTER_BOUND ( 'NONE', #3145, .T. ) ;
#1490 = CARTESIAN_POINT ( 'NONE',  ( -0.1673228346456639704, 0.000000000000000000, 0.09448818897637795144 ) ) ;
#1491 = VECTOR ( 'NONE', #209, 39.37007874015748143 ) ;
#1492 = ORIENTED_EDGE ( 'NONE', *, *, #3298, .F. ) ;
#1493 = VECTOR ( 'NONE', #833, 39.37007874015748143 ) ;
#1494 = ORIENTED_EDGE ( 'NONE', *, *, #2135, .T. ) ;
#1495 = AXIS2_PLACEMENT_3D ( 'NONE', #2431, #3665, #652 ) ;
#1496 = VERTEX_POINT ( 'NONE', #1256 ) ;
#1497 = DIRECTION ( 'NONE',  ( -1.000000000000000000, 0.000000000000000000, 0.000000000000000000 ) ) ;
#1498 = AXIS2_PLACEMENT_3D ( 'NONE', #2162, #2579, #3720 ) ;
#1499 = ORIENTED_EDGE ( 'NONE', *, *, #3223, .T. ) ;
#1500 = ADVANCED_FACE ( 'NONE', ( #97 ), #951, .F. ) ;
#1501 = EDGE_LOOP ( 'NONE', ( #1354, #3548, #3121, #3591 ) ) ;
#1502 = DIRECTION ( 'NONE',  ( -1.000000000000000000, 0.000000000000000000, 0.000000000000000000 ) ) ;
#1503 = DIRECTION ( 'NONE',  ( 1.000000000000000000, 0.000000000000000000, 0.000000000000000000 ) ) ;
#1504 = PLANE ( 'NONE',  #3158 ) ;
#1505 = DIRECTION ( 'NONE',  ( -1.000000000000000000, 0.000000000000000000, 0.000000000000000000 ) ) ;
#1506 = EDGE_CURVE ( 'NONE', #1003, #2506, #2462, .T. ) ;
#1507 = VERTEX_POINT ( 'NONE', #3402 ) ;
#1508 = DIRECTION ( 'NONE',  ( 0.000000000000000000, 0.000000000000000000, 1.000000000000000000 ) ) ;
#1509 = CARTESIAN_POINT ( 'NONE',  ( -0.2342519685039330668, -0.03149606299212689281, 0.1673228346456692994 ) ) ;
#1510 = PLANE ( 'NONE',  #2128 ) ;
#1511 = ORIENTED_EDGE ( 'NONE', *, *, #1842, .T. ) ;
#1512 = CARTESIAN_POINT ( 'NONE',  ( 0.2322834645669386022, 0.03149606299211815674, 0.1771653543307086798 ) ) ;
#1513 = ORIENTED_EDGE ( 'NONE', *, *, #481, .T. ) ;
#1514 = ORIENTED_EDGE ( 'NONE', *, *, #1912, .T. ) ;
#1515 = LINE ( 'NONE', #1139, #1374 ) ;
#1516 = ORIENTED_EDGE ( 'NONE', *, *, #1262, .T. ) ;
#1517 = ORIENTED_EDGE ( 'NONE', *, *, #2011, .T. ) ;
#1518 = LINE ( 'NONE', #3054, #3042 ) ;
#1519 = EDGE_CURVE ( 'NONE', #2045, #3059, #3165, .T. ) ;
#1520 = CARTESIAN_POINT ( 'NONE',  ( 0.2401574803149693349, 0.03149606299211815674, 0.1742125984251968462 ) ) ;
#1521 = CARTESIAN_POINT ( 'NONE',  ( 0.2401574803149693349, 0.1523940915100234494, 0.1673228346456692994 ) ) ;
#1522 = CARTESIAN_POINT ( 'NONE',  ( 0.2401574803149693349, -0.03149606299213452559, 0.04527559055118110520 ) ) ;
#1523 = EDGE_LOOP ( 'NONE', ( #2114, #118, #2163, #1058 ) ) ;
#1524 = ORIENTED_EDGE ( 'NONE', *, *, #1950, .F. ) ;
#1525 = DIRECTION ( 'NONE',  ( 1.000000000000000000, 0.000000000000000000, 0.000000000000000000 ) ) ;
#1526 = EDGE_CURVE ( 'NONE', #3940, #2682, #3084, .T. ) ;
#1527 = CARTESIAN_POINT ( 'NONE',  ( 0.1476377952755960621, 0.000000000000000000, 0.09448818897637795144 ) ) ;
#1528 = CARTESIAN_POINT ( 'NONE',  ( -0.2322834645669208664, 0.1377952755905437199, 0.1771653543307086798 ) ) ;
#1529 = ORIENTED_EDGE ( 'NONE', *, *, #2906, .F. ) ;
#1530 = EDGE_CURVE ( 'NONE', #2643, #1904, #380, .T. ) ;
#1531 = CARTESIAN_POINT ( 'NONE',  ( 0.09055118110236969053, 0.05118110236219685499, 0.001968503937007873988 ) ) ;
#1532 = ORIENTED_EDGE ( 'NONE', *, *, #3805, .F. ) ;
#1533 = ORIENTED_EDGE ( 'NONE', *, *, #892, .T. ) ;
#1534 =( CONVERSION_BASED_UNIT ( 'INCH', #3129 ) LENGTH_UNIT ( ) NAMED_UNIT ( #2745 ) );
#1535 = ORIENTED_EDGE ( 'NONE', *, *, #1210, .F. ) ;
#1536 = ORIENTED_EDGE ( 'NONE', *, *, #3552, .T. ) ;
#1537 = LINE ( 'NONE', #957, #1305 ) ;
#1538 = CARTESIAN_POINT ( 'NONE',  ( 0.1574803149606387731, -0.01181102362204812864, 0.01574803149606321048 ) ) ;
#1539 = CARTESIAN_POINT ( 'NONE',  ( -0.09173228346456475946, -0.2795275590551268285, 0.2822834645669252129 ) ) ;
#1540 = DIRECTION ( 'NONE',  ( 1.000000000000000000, 0.000000000000000000, -9.284449574024968172E-17 ) ) ;
#1541 = EDGE_LOOP ( 'NONE', ( #956, #3362, #2235, #179 ) ) ;
#1542 = CIRCLE ( 'NONE', #3804, 0.01181102362204698546 ) ;
#1543 = ADVANCED_FACE ( 'NONE', ( #3735 ), #2218, .F. ) ;
#1544 = ORIENTED_EDGE ( 'NONE', *, *, #1653, .T. ) ;
#1545 = DIRECTION ( 'NONE',  ( 0.000000000000000000, -1.000000000000000000, 0.000000000000000000 ) ) ;
#1546 = VECTOR ( 'NONE', #3239, 39.37007874015748143 ) ;
#1547 = DIRECTION ( 'NONE',  ( -0.7071067811863059882, 0.000000000000000000, 0.7071067811867890462 ) ) ;
#1548 = LINE ( 'NONE', #694, #3412 ) ;
#1549 = EDGE_CURVE ( 'NONE', #3607, #2692, #2545, .T. ) ;
#1550 = VECTOR ( 'NONE', #2264, 39.37007874015748143 ) ;
#1551 = AXIS2_PLACEMENT_3D ( 'NONE', #755, #2257, #1992 ) ;
#1552 = ORIENTED_EDGE ( 'NONE', *, *, #261, .T. ) ;
#1553 = VECTOR ( 'NONE', #1150, 39.37007874015748143 ) ;
#1554 = DIRECTION ( 'NONE',  ( 0.000000000000000000, -1.000000000000000000, 0.000000000000000000 ) ) ;
#1555 = ORIENTED_EDGE ( 'NONE', *, *, #814, .T. ) ;
#1556 = EDGE_CURVE ( 'NONE', #945, #3357, #2788, .T. ) ;
#1557 = ORIENTED_EDGE ( 'NONE', *, *, #2789, .F. ) ;
#1558 = VECTOR ( 'NONE', #689, 39.37007874015748143 ) ;
#1559 = CARTESIAN_POINT ( 'NONE',  ( -0.05275590551180692894, 0.1141732283464484271, 0.2952755905511689205 ) ) ;
#1560 = AXIS2_PLACEMENT_3D ( 'NONE', #1538, #1244, #2472 ) ;
#1561 = ORIENTED_EDGE ( 'NONE', *, *, #1284, .F. ) ;
#1562 = ORIENTED_EDGE ( 'NONE', *, *, #787, .F. ) ;
#1563 = AXIS2_PLACEMENT_3D ( 'NONE', #748, #3581, #1420 ) ;
#1564 = DIRECTION ( 'NONE',  ( 0.000000000000000000, -0.9781955605990342306, -0.2076859292882911046 ) ) ;
#1565 = CARTESIAN_POINT ( 'NONE',  ( 0.2342519685039417543, 0.000000000000000000, 0.1673228346456692994 ) ) ;
#1566 = CARTESIAN_POINT ( 'NONE',  ( -0.2362823227931024339, 0.1535433070866106531, 0.1634476771238339010 ) ) ;
#1567 = DIRECTION ( 'NONE',  ( 0.000000000000000000, 1.000000000000000000, 0.000000000000000000 ) ) ;
#1568 = ORIENTED_EDGE ( 'NONE', *, *, #1184, .F. ) ;
#1569 = AXIS2_PLACEMENT_3D ( 'NONE', #2591, #199, #3249 ) ;
#1570 = ORIENTED_EDGE ( 'NONE', *, *, #3126, .T. ) ;
#1571 = CARTESIAN_POINT ( 'NONE',  ( -0.1476377952755874023, -0.1437007874015747977, 0.08267716535433072833 ) ) ;
#1572 = EDGE_CURVE ( 'NONE', #3261, #3983, #2779, .T. ) ;
#1573 = DIRECTION ( 'NONE',  ( -1.000000000000000000, 0.000000000000000000, 0.000000000000000000 ) ) ;
#1574 = DIRECTION ( 'NONE',  ( 0.000000000000000000, 0.000000000000000000, 1.000000000000000000 ) ) ;
#1575 = ORIENTED_EDGE ( 'NONE', *, *, #2467, .F. ) ;
#1576 = EDGE_CURVE ( 'NONE', #2764, #2382, #1874, .T. ) ;
#1577 = FACE_OUTER_BOUND ( 'NONE', #729, .T. ) ;
#1578 = EDGE_LOOP ( 'NONE', ( #2410, #3307, #1834, #3640, #3682, #2118 ) ) ;
#1579 = PLANE ( 'NONE',  #3559 ) ;
#1580 = EDGE_CURVE ( 'NONE', #2340, #555, #55, .T. ) ;
#1581 = ORIENTED_EDGE ( 'NONE', *, *, #1910, .T. ) ;
#1582 = CARTESIAN_POINT ( 'NONE',  ( 0.1673228346456726578, 0.000000000000000000, 0.1771653543307086798 ) ) ;
#1583 = EDGE_CURVE ( 'NONE', #1913, #2921, #72, .T. ) ;
#1584 = CARTESIAN_POINT ( 'NONE',  ( 0.1377952755905535454, 0.03149606299211815674, 0.002952755905511810983 ) ) ;
#1585 = CARTESIAN_POINT ( 'NONE',  ( 0.2362823227932210890, 0.1535433070866127347, 0.1634476771238319026 ) ) ;
#1586 = DIRECTION ( 'NONE',  ( -0.7071067811862999930, 0.000000000000000000, 0.7071067811867950414 ) ) ;
#1587 = ORIENTED_EDGE ( 'NONE', *, *, #658, .F. ) ;
#1588 = ORIENTED_EDGE ( 'NONE', *, *, #3532, .T. ) ;
#1589 = DIRECTION ( 'NONE',  ( 1.000000000000000000, 0.000000000000000000, 0.000000000000000000 ) ) ;
#1590 = PLANE ( 'NONE',  #1798 ) ;
#1591 = CARTESIAN_POINT ( 'NONE',  ( -0.2499999999999945044, -0.03149606299213452559, 0.06889763779527559306 ) ) ;
#1592 = ORIENTED_EDGE ( 'NONE', *, *, #2863, .T. ) ;
#1593 = DIRECTION ( 'NONE',  ( 1.000000000000000000, 4.550094363217860416E-15, 0.000000000000000000 ) ) ;
#1594 = EDGE_CURVE ( 'NONE', #1838, #39, #697, .T. ) ;
#1595 = ORIENTED_EDGE ( 'NONE', *, *, #2135, .F. ) ;
#1596 = ORIENTED_EDGE ( 'NONE', *, *, #3547, .F. ) ;
#1597 = ADVANCED_FACE ( 'NONE', ( #1577 ), #1911, .F. ) ;
#1598 = CARTESIAN_POINT ( 'NONE',  ( 0.1377952755905535454, 0.03149606299211815674, 0.1742125984251968462 ) ) ;
#1599 = DIRECTION ( 'NONE',  ( -1.000000000000000000, 0.000000000000000000, 0.000000000000000000 ) ) ;
#1600 = DIRECTION ( 'NONE',  ( 0.000000000000000000, 1.000000000000000000, 0.000000000000000000 ) ) ;
#1601 = CYLINDRICAL_SURFACE ( 'NONE', #1173, 0.01574803149606299885 ) ;
#1602 = ORIENTED_EDGE ( 'NONE', *, *, #3377, .F. ) ;
#1603 = EDGE_CURVE ( 'NONE', #2548, #3261, #970, .T. ) ;
#1604 = EDGE_LOOP ( 'NONE', ( #2792, #319, #699, #2869 ) ) ;
#1605 = DIRECTION ( 'NONE',  ( -1.000000000000000000, 0.000000000000000000, 0.000000000000000000 ) ) ;
#1606 = DIRECTION ( 'NONE',  ( 0.000000000000000000, 0.000000000000000000, -1.000000000000000000 ) ) ;
#1607 = AXIS2_PLACEMENT_3D ( 'NONE', #3480, #419, #2296 ) ;
#1608 = DIRECTION ( 'NONE',  ( -1.000000000000000000, 0.000000000000000000, -9.284449574024968172E-17 ) ) ;
#1609 = ORIENTED_EDGE ( 'NONE', *, *, #761, .T. ) ;
#1610 = AXIS2_PLACEMENT_3D ( 'NONE', #3380, #3080, #1547 ) ;
#1611 = CARTESIAN_POINT ( 'NONE',  ( -0.1574803149606212593, -0.01181102362204812864, 0.000000000000000000 ) ) ;
#1612 = AXIS2_PLACEMENT_3D ( 'NONE', #1611, #2847, #995 ) ;
#1613 = VECTOR ( 'NONE', #2347, 39.37007874015748143 ) ;
#1614 = ORIENTED_EDGE ( 'NONE', *, *, #646, .F. ) ;
#1615 = VECTOR ( 'NONE', #2865, 39.37007874015748143 ) ;
#1616 = AXIS2_PLACEMENT_3D ( 'NONE', #2663, #2076, #3910 ) ;
#1617 = EDGE_LOOP ( 'NONE', ( #2404, #1435, #3244, #1895, #391 ) ) ;
#1618 = VECTOR ( 'NONE', #2754, 39.37007874015748143 ) ;
#1619 = DIRECTION ( 'NONE',  ( 0.000000000000000000, 0.000000000000000000, 1.000000000000000000 ) ) ;
#1620 = PLANE ( 'NONE',  #2136 ) ;
#1621 = VECTOR ( 'NONE', #2167, 39.37007874015748143 ) ;
#1622 = EDGE_CURVE ( 'NONE', #2317, #788, #681, .T. ) ;
#1623 = CARTESIAN_POINT ( 'NONE',  ( -0.2499999999999945044, -0.1292548965242285575, 0.1039873316629773697 ) ) ;
#1624 = DIRECTION ( 'NONE',  ( -1.000000000000000000, 0.000000000000000000, 0.000000000000000000 ) ) ;
#1625 = VECTOR ( 'NONE', #1605, 39.37007874015748143 ) ;
#1626 = ORIENTED_EDGE ( 'NONE', *, *, #3928, .F. ) ;
#1627 = DIRECTION ( 'NONE',  ( 0.000000000000000000, 0.000000000000000000, 1.000000000000000000 ) ) ;
#1628 = EDGE_CURVE ( 'NONE', #1363, #2396, #178, .T. ) ;
#1629 = CARTESIAN_POINT ( 'NONE',  ( 0.2342519685039417543, -0.03149606299212689281, 0.05708661417322834220 ) ) ;
#1630 = VECTOR ( 'NONE', #980, 39.37007874015748143 ) ;
#1631 = FACE_OUTER_BOUND ( 'NONE', #872, .T. ) ;
#1632 = ORIENTED_EDGE ( 'NONE', *, *, #3245, .F. ) ;
#1633 = DIRECTION ( 'NONE',  ( 6.083413833562519279E-14, -1.000000000000000000, -5.648114897563720480E-30 ) ) ;
#1634 = DIRECTION ( 'NONE',  ( -1.000000000000000000, 0.000000000000000000, 0.000000000000000000 ) ) ;
#1635 = VERTEX_POINT ( 'NONE', #3569 ) ;
#1636 = ORIENTED_EDGE ( 'NONE', *, *, #2333, .T. ) ;
#1637 = DIRECTION ( 'NONE',  ( 1.000000000000000000, 0.000000000000000000, 0.000000000000000000 ) ) ;
#1638 = ORIENTED_EDGE ( 'NONE', *, *, #1914, .T. ) ;
#1639 = DIRECTION ( 'NONE',  ( 0.000000000000000000, 0.000000000000000000, 1.000000000000000000 ) ) ;
#1640 = CARTESIAN_POINT ( 'NONE',  ( 0.1692913385826848582, -0.01181102362204812864, 0.1614173228346456879 ) ) ;
#1641 = PLANE ( 'NONE',  #2839 ) ;
#1642 = CARTESIAN_POINT ( 'NONE',  ( -0.2401574803149515991, -0.03149606299212689281, 0.1082677165354330728 ) ) ;
#1643 = CARTESIAN_POINT ( 'NONE',  ( -0.1692913385826771699, 0.000000000000000000, 0.1614173228346456879 ) ) ;
#1644 = EDGE_CURVE ( 'NONE', #3983, #1793, #2902, .T. ) ;
#1645 = ORIENTED_EDGE ( 'NONE', *, *, #653, .T. ) ;
#1646 = CARTESIAN_POINT ( 'NONE',  ( 0.2244094488188976555, 0.000000000000000000, 0.009842519685039369942 ) ) ;
#1647 = CARTESIAN_POINT ( 'NONE',  ( -0.2342519685039330668, -0.09055118110236221041, 0.1122047244094507845 ) ) ;
#1648 = LINE ( 'NONE', #1924, #2784 ) ;
#1649 = EDGE_CURVE ( 'NONE', #3994, #2885, #3844, .T. ) ;
#1650 = ORIENTED_EDGE ( 'NONE', *, *, #965, .F. ) ;
#1651 = DIRECTION ( 'NONE',  ( 0.000000000000000000, 0.000000000000000000, -1.000000000000000000 ) ) ;
#1652 = DIRECTION ( 'NONE',  ( 0.000000000000000000, -1.000000000000000000, 0.000000000000000000 ) ) ;
#1653 = EDGE_CURVE ( 'NONE', #2528, #1004, #134, .T. ) ;
#1654 = ORIENTED_EDGE ( 'NONE', *, *, #1291, .F. ) ;
#1655 = CARTESIAN_POINT ( 'NONE',  ( -0.1377952755905446913, -0.01181102362204812864, 2.048885995248196921E-16 ) ) ;
#1656 = EDGE_LOOP ( 'NONE', ( #2718, #417, #1595, #2608, #2278, #292 ) ) ;
#1657 = CARTESIAN_POINT ( 'NONE',  ( 0.1692913385826848582, -7.649174382259940956E-15, 0.1771653543307086798 ) ) ;
#1658 = DIRECTION ( 'NONE',  ( 9.284449574024968172E-17, 0.000000000000000000, -1.000000000000000000 ) ) ;
#1659 = CYLINDRICAL_SURFACE ( 'NONE', #2774, 0.01574803149606338395 ) ;
#1660 = CARTESIAN_POINT ( 'NONE',  ( -0.1377952755905446913, -0.02362204724409515746, 0.01574803149606321048 ) ) ;
#1661 =( LENGTH_UNIT ( ) NAMED_UNIT ( * ) SI_UNIT ( $, .METRE. ) );
#1662 = ORIENTED_EDGE ( 'NONE', *, *, #3392, .F. ) ;
#1663 = FACE_OUTER_BOUND ( 'NONE', #3541, .T. ) ;
#1664 = CARTESIAN_POINT ( 'NONE',  ( -0.1574803149606212593, -0.02362204724409515746, 0.01574803149606321048 ) ) ;
#1665 = CARTESIAN_POINT ( 'NONE',  ( 0.1574803149606387731, -0.02362204724409515746, 0.000000000000000000 ) ) ;
#1666 = EDGE_CURVE ( 'NONE', #2643, #1131, #536, .T. ) ;
#1667 = EDGE_LOOP ( 'NONE', ( #42, #3690, #3664, #3076 ) ) ;
#1668 = CARTESIAN_POINT ( 'NONE',  ( 0.1377952755905535454, -0.01181102362204812864, 0.1771653543307086798 ) ) ;
#1669 = DIRECTION ( 'NONE',  ( -1.000000000000000000, 0.000000000000000000, 0.000000000000000000 ) ) ;
#1670 = CARTESIAN_POINT ( 'NONE',  ( -0.1818002768088531618, 0.000000000000000000, 0.08267716535433072833 ) ) ;
#1671 = ADVANCED_FACE ( 'NONE', ( #809 ), #2338, .F. ) ;
#1672 = VECTOR ( 'NONE', #1947, 39.37007874015748143 ) ;
#1673 = EDGE_LOOP ( 'NONE', ( #1376, #3534, #2212, #3047 ) ) ;
#1674 = DIRECTION ( 'NONE',  ( 1.000000000000000000, 0.000000000000000000, 0.000000000000000000 ) ) ;
#1675 = AXIS2_PLACEMENT_3D ( 'NONE', #2168, #3411, #3661 ) ;
#1676 = EDGE_CURVE ( 'NONE', #3602, #2480, #2883, .T. ) ;
#1677 = ORIENTED_EDGE ( 'NONE', *, *, #1301, .F. ) ;
#1678 = VECTOR ( 'NONE', #1608, 39.37007874015748143 ) ;
#1679 = CARTESIAN_POINT ( 'NONE',  ( 0.1101181102362267794, 0.07086614173227559488, 0.01574803149606299191 ) ) ;
#1680 = PLANE ( 'NONE',  #77 ) ;
#1681 = VECTOR ( 'NONE', #1007, 39.37007874015748143 ) ;
#1682 = CARTESIAN_POINT ( 'NONE',  ( -0.2342519685039330668, -0.09055118110236221041, 0.06496062992125747892 ) ) ;
#1683 = LINE ( 'NONE', #1045, #1805 ) ;
#1684 = VERTEX_POINT ( 'NONE', #1390 ) ;
#1685 = AXIS2_PLACEMENT_3D ( 'NONE', #1759, #2686, #2038 ) ;
#1686 = LINE ( 'NONE', #1365, #920 ) ;
#1687 = DIRECTION ( 'NONE',  ( 1.000000000000000000, 0.000000000000000000, 0.000000000000000000 ) ) ;
#1688 = FACE_BOUND ( 'NONE', #460, .T. ) ;
#1689 = CIRCLE ( 'NONE', #1495, 0.01181102362204724046 ) ;
#1690 = ORIENTED_EDGE ( 'NONE', *, *, #3272, .F. ) ;
#1691 = VECTOR ( 'NONE', #2992, 39.37007874015748143 ) ;
#1692 = CARTESIAN_POINT ( 'NONE',  ( 0.2500000000000031641, -0.03149606299212689281, 0.1673228346456692994 ) ) ;
#1693 = CARTESIAN_POINT ( 'NONE',  ( -0.09055118110236103079, 0.05118110236219685499, 0.001968503937007873988 ) ) ;
#1694 = VECTOR ( 'NONE', #768, 39.37007874015748143 ) ;
#1695 = ORIENTED_EDGE ( 'NONE', *, *, #3590, .F. ) ;
#1696 = ADVANCED_FACE ( 'NONE', ( #3504 ), #1115, .F. ) ;
#1697 = PRODUCT_DEFINITION_SHAPE ( 'NONE', 'NONE',  #3408 ) ;
#1698 = DIRECTION ( 'NONE',  ( 0.000000000000000000, 0.000000000000000000, 1.000000000000000000 ) ) ;
#1699 = EDGE_LOOP ( 'NONE', ( #866, #1039, #3601, #825 ) ) ;
#1700 = EDGE_CURVE ( 'NONE', #2710, #395, #158, .T. ) ;
#1701 = DIRECTION ( 'NONE',  ( 0.000000000000000000, 0.000000000000000000, 1.000000000000000000 ) ) ;
#1702 = CARTESIAN_POINT ( 'NONE',  ( 0.1496062992126082625, -0.02362204724409515746, 0.000000000000000000 ) ) ;
#1703 = DIRECTION ( 'NONE',  ( 1.000000000000000000, 0.000000000000000000, 0.000000000000000000 ) ) ;
#1704 = LINE ( 'NONE', #3868, #976 ) ;
#1705 = EDGE_CURVE ( 'NONE', #1863, #3573, #3862, .T. ) ;
#1706 = ORIENTED_EDGE ( 'NONE', *, *, #3292, .T. ) ;
#1707 = LINE ( 'NONE', #2951, #2139 ) ;
#1708 = LINE ( 'NONE', #1444, #1295 ) ;
#1709 = CARTESIAN_POINT ( 'NONE',  ( -0.1496062992125907487, -0.02362204724409515746, 0.1771653543307086798 ) ) ;
#1710 = EDGE_LOOP ( 'NONE', ( #2956, #3346, #2744, #3179 ) ) ;
#1711 = FACE_OUTER_BOUND ( 'NONE', #2742, .T. ) ;
#1712 = DIRECTION ( 'NONE',  ( 0.000000000000000000, 0.000000000000000000, -1.000000000000000000 ) ) ;
#1713 = ORIENTED_EDGE ( 'NONE', *, *, #965, .T. ) ;
#1714 = LINE ( 'NONE', #1352, #346 ) ;
#1715 = EDGE_LOOP ( 'NONE', ( #2748, #601, #517, #3721 ) ) ;
#1716 = EDGE_CURVE ( 'NONE', #2152, #1403, #2638, .T. ) ;
#1717 = PLANE ( 'NONE',  #2600 ) ;
#1718 = DIRECTION ( 'NONE',  ( 1.000000000000000000, 0.000000000000000000, 0.000000000000000000 ) ) ;
#1719 = CARTESIAN_POINT ( 'NONE',  ( -67.36615085194036112, -5.132990351233639004, 0.01574803149606299191 ) ) ;
#1720 = ADVANCED_FACE ( 'NONE', ( #1988 ), #2013, .F. ) ;
#1721 = EDGE_LOOP ( 'NONE', ( #463, #930, #2950, #3312, #850, #153, #3927, #1257 ) ) ;
#1722 = DIRECTION ( 'NONE',  ( 1.000000000000000000, 0.000000000000000000, 0.000000000000000000 ) ) ;
#1723 = DIRECTION ( 'NONE',  ( 0.000000000000000000, 0.000000000000000000, 1.000000000000000000 ) ) ;
#1724 = CARTESIAN_POINT ( 'NONE',  ( -0.06692913385826043671, 0.09842519685038622623, 0.01574803149606299191 ) ) ;
#1725 = ADVANCED_FACE ( 'NONE', ( #498 ), #1953, .T. ) ;
#1726 = ORIENTED_EDGE ( 'NONE', *, *, #2900, .F. ) ;
#1727 = CARTESIAN_POINT ( 'NONE',  ( 0.2500000000000031641, -0.09055118110236221041, 0.1122047244094507845 ) ) ;
#1728 = LINE ( 'NONE', #1788, #152 ) ;
#1729 = ORIENTED_EDGE ( 'NONE', *, *, #2183, .F. ) ;
#1730 = VERTEX_POINT ( 'NONE', #1330 ) ;
#1731 = CARTESIAN_POINT ( 'NONE',  ( 0.2342519685039417543, 0.1535433070866061012, 0.01574803149606299191 ) ) ;
#1732 = VECTOR ( 'NONE', #1427, 39.37007874015748143 ) ;
#1733 = EDGE_CURVE ( 'NONE', #1951, #2422, #2941, .T. ) ;
#1734 = PLANE ( 'NONE',  #3343 ) ;
#1735 = CARTESIAN_POINT ( 'NONE',  ( 0.1889763779527613985, 0.03149606299211815674, 0.002952755905511810983 ) ) ;
#1736 = CARTESIAN_POINT ( 'NONE',  ( -0.1200787401574714419, 0.03149606299211815674, 0.1614173228346456879 ) ) ;
#1737 = VECTOR ( 'NONE', #2856, 39.37007874015748143 ) ;
#1738 = VECTOR ( 'NONE', #835, 39.37007874015748143 ) ;
#1739 = ORIENTED_EDGE ( 'NONE', *, *, #1254, .F. ) ;
#1740 = DIRECTION ( 'NONE',  ( -1.000000000000000000, 0.000000000000000000, 0.000000000000000000 ) ) ;
#1741 = EDGE_CURVE ( 'NONE', #39, #2045, #2644, .T. ) ;
#1742 = VECTOR ( 'NONE', #2960, 39.37007874015748143 ) ;
#1743 = CARTESIAN_POINT ( 'NONE',  ( -0.1574803149606212593, -0.1437007874015747977, 0.1771653543307086798 ) ) ;
#1744 = CARTESIAN_POINT ( 'NONE',  ( -0.1377952755905446913, 0.000000000000000000, 0.1771653543307086798 ) ) ;
#1745 = AXIS2_PLACEMENT_3D ( 'NONE', #961, #3119, #2185 ) ;
#1746 = ORIENTED_EDGE ( 'NONE', *, *, #3908, .T. ) ;
#1747 = ADVANCED_FACE ( 'NONE', ( #2581 ), #1373, .F. ) ;
#1748 = PLANE ( 'NONE',  #902 ) ;
#1749 = AXIS2_PLACEMENT_3D ( 'NONE', #2998, #1207, #3315 ) ;
#1750 = DIRECTION ( 'NONE',  ( -1.000000000000000000, 0.000000000000000000, 0.000000000000000000 ) ) ;
#1751 = ORIENTED_EDGE ( 'NONE', *, *, #3007, .T. ) ;
#1752 = AXIS2_PLACEMENT_3D ( 'NONE', #1809, #296, #1508 ) ;
#1753 = PLANE ( 'NONE',  #1616 ) ;
#1754 = VECTOR ( 'NONE', #3132, 39.37007874015748143 ) ;
#1755 = ORIENTED_EDGE ( 'NONE', *, *, #165, .F. ) ;
#1756 = EDGE_LOOP ( 'NONE', ( #559, #1462, #5, #2826 ) ) ;
#1757 = CARTESIAN_POINT ( 'NONE',  ( -0.2244094488188905778, 0.000000000000000000, 0.009842519685039369942 ) ) ;
#1758 = FACE_OUTER_BOUND ( 'NONE', #2563, .T. ) ;
#1759 = CARTESIAN_POINT ( 'NONE',  ( -0.1889763779527527665, 0.03149606299211815674, 0.1742125984251968462 ) ) ;
#1760 = PLANE ( 'NONE',  #533 ) ;
#1761 = ORIENTED_EDGE ( 'NONE', *, *, #938, .T. ) ;
#1762 = CARTESIAN_POINT ( 'NONE',  ( -0.2401574803149515991, -0.03149606299212689281, 0.005905511811023621965 ) ) ;
#1763 = CARTESIAN_POINT ( 'NONE',  ( -0.2499999999999945044, 0.1377952755905511861, -0.02952755905511811330 ) ) ;
#1764 = CARTESIAN_POINT ( 'NONE',  ( 0.2500000000000031641, 0.1523940915100234494, 0.1673228346456692994 ) ) ;
#1765 = ORIENTED_EDGE ( 'NONE', *, *, #3990, .T. ) ;
#1766 = ADVANCED_FACE ( 'NONE', ( #1056 ), #3203, .T. ) ;
#1767 = ORIENTED_EDGE ( 'NONE', *, *, #15, .T. ) ;
#1768 = CARTESIAN_POINT ( 'NONE',  ( 0.1377952755905535454, -0.02362204724409515746, 0.01574803149606321048 ) ) ;
#1769 = CARTESIAN_POINT ( 'NONE',  ( 0.009842519685042657243, 0.000000000000000000, 0.09448818897637795144 ) ) ;
#1770 = EDGE_CURVE ( 'NONE', #2120, #3580, #1728, .T. ) ;
#1771 = ORIENTED_EDGE ( 'NONE', *, *, #1205, .T. ) ;
#1772 = DIRECTION ( 'NONE',  ( 1.000000000000000000, 0.000000000000000000, 0.000000000000000000 ) ) ;
#1773 = VERTEX_POINT ( 'NONE', #1192 ) ;
#1774 = EDGE_CURVE ( 'NONE', #3268, #2269, #3633, .T. ) ;
#1775 = VERTEX_POINT ( 'NONE', #3277 ) ;
#1776 = FACE_OUTER_BOUND ( 'NONE', #3128, .T. ) ;
#1777 = FACE_OUTER_BOUND ( 'NONE', #2293, .T. ) ;
#1778 = ORIENTED_EDGE ( 'NONE', *, *, #1205, .F. ) ;
#1779 = DIRECTION ( 'NONE',  ( -1.000000000000000000, 0.000000000000000000, 0.000000000000000000 ) ) ;
#1780 = DIRECTION ( 'NONE',  ( -1.000000000000000000, 0.000000000000000000, 0.000000000000000000 ) ) ;
#1781 = DIRECTION ( 'NONE',  ( 0.000000000000000000, -0.06651901052380539137, 0.9977851578566068191 ) ) ;
#1782 = CARTESIAN_POINT ( 'NONE',  ( 0.1574803149606387731, -0.1437007874015747977, 0.09448818897637795144 ) ) ;
#1783 = ORIENTED_EDGE ( 'NONE', *, *, #2417, .F. ) ;
#1784 = ORIENTED_EDGE ( 'NONE', *, *, #3639, .F. ) ;
#1785 = LINE ( 'NONE', #1487, #3555 ) ;
#1786 = EDGE_CURVE ( 'NONE', #1730, #1463, #2696, .T. ) ;
#1787 = DIRECTION ( 'NONE',  ( 0.000000000000000000, 1.000000000000000000, 0.000000000000000000 ) ) ;
#1788 = CARTESIAN_POINT ( 'NONE',  ( 0.2401574803149693349, 0.000000000000000000, 0.002952755905511810983 ) ) ;
#1789 = VERTEX_POINT ( 'NONE', #3667 ) ;
#1790 = EDGE_CURVE ( 'NONE', #3974, #1060, #3018, .T. ) ;
#1791 = CARTESIAN_POINT ( 'NONE',  ( 0.2342519685039417543, -0.03149606299213452559, 0.04527559055118110520 ) ) ;
#1792 = VERTEX_POINT ( 'NONE', #216 ) ;
#1793 = VERTEX_POINT ( 'NONE', #2371 ) ;
#1794 = DIRECTION ( 'NONE',  ( 1.000000000000000000, 0.000000000000000000, 0.000000000000000000 ) ) ;
#1795 = EDGE_CURVE ( 'NONE', #3279, #263, #3043, .T. ) ;
#1796 = AXIS2_PLACEMENT_3D ( 'NONE', #2544, #2233, #1028 ) ;
#1797 = EDGE_LOOP ( 'NONE', ( #3570, #1340, #2244, #590 ) ) ;
#1798 = AXIS2_PLACEMENT_3D ( 'NONE', #1251, #2432, #69 ) ;
#1799 = EDGE_LOOP ( 'NONE', ( #1471, #1514, #2723, #2875, #3912, #3225, #2274, #2986, #1234, #3824, #3, #739 ) ) ;
#1800 = CARTESIAN_POINT ( 'NONE',  ( -0.2499999999999945044, -0.09055118110236221041, 0.1122047244094507845 ) ) ;
#1801 = CARTESIAN_POINT ( 'NONE',  ( -0.1574803149606212593, -0.02362204724409515746, 0.1771653543307086798 ) ) ;
#1802 = DIRECTION ( 'NONE',  ( 0.000000000000000000, 0.000000000000000000, -1.000000000000000000 ) ) ;
#1803 = VECTOR ( 'NONE', #3192, 39.37007874015748143 ) ;
#1804 = LINE ( 'NONE', #841, #352 ) ;
#1805 = VECTOR ( 'NONE', #3235, 39.37007874015748143 ) ;
#1806 = ORIENTED_EDGE ( 'NONE', *, *, #3494, .F. ) ;
#1807 = ORIENTED_EDGE ( 'NONE', *, *, #2388, .F. ) ;
#1808 = AXIS2_PLACEMENT_3D ( 'NONE', #3186, #1712, #114 ) ;
#1809 = CARTESIAN_POINT ( 'NONE',  ( 0.1574803149606387731, 0.1377952755905437199, 0.01574803149606299191 ) ) ;
#1810 = DIRECTION ( 'NONE',  ( 1.000000000000000000, 0.000000000000000000, 0.000000000000000000 ) ) ;
#1811 = DIRECTION ( 'NONE',  ( 0.000000000000000000, 1.000000000000000000, 0.000000000000000000 ) ) ;
#1812 = AXIS2_PLACEMENT_3D ( 'NONE', #3982, #2801, #613 ) ;
#1813 = ORIENTED_EDGE ( 'NONE', *, *, #2090, .T. ) ;
#1814 = VECTOR ( 'NONE', #2694, 39.37007874015748143 ) ;
#1815 = EDGE_LOOP ( 'NONE', ( #2716, #1388, #762, #2904 ) ) ;
#1816 = EDGE_CURVE ( 'NONE', #1793, #3876, #2110, .T. ) ;
#1817 = ORIENTED_EDGE ( 'NONE', *, *, #2761, .T. ) ;
#1818 = DIRECTION ( 'NONE',  ( 0.000000000000000000, 0.000000000000000000, 1.000000000000000000 ) ) ;
#1819 = VECTOR ( 'NONE', #370, 39.37007874015748143 ) ;
#1820 = ORIENTED_EDGE ( 'NONE', *, *, #2429, .T. ) ;
#1821 = ADVANCED_FACE ( 'NONE', ( #871 ), #2094, .F. ) ;
#1822 = ORIENTED_EDGE ( 'NONE', *, *, #2437, .F. ) ;
#1823 = CARTESIAN_POINT ( 'NONE',  ( 0.1377952755905535454, 0.03149606299211815674, 0.1742125984251968462 ) ) ;
#1824 = CARTESIAN_POINT ( 'NONE',  ( 0.09055118110236969053, 0.09842519685038622623, 0.01574803149606299191 ) ) ;
#1825 = DIRECTION ( 'NONE',  ( 0.000000000000000000, -1.000000000000000000, 0.000000000000000000 ) ) ;
#1826 = FACE_OUTER_BOUND ( 'NONE', #2107, .T. ) ;
#1827 = EDGE_LOOP ( 'NONE', ( #3674, #485, #2358, #772 ) ) ;
#1828 = ORIENTED_EDGE ( 'NONE', *, *, #256, .T. ) ;
#1829 = CARTESIAN_POINT ( 'NONE',  ( -0.2401574803149515991, 0.000000000000000000, 0.1742125984251968462 ) ) ;
#1830 = DIRECTION ( 'NONE',  ( 0.000000000000000000, 1.000000000000000000, 0.000000000000000000 ) ) ;
#1831 = CARTESIAN_POINT ( 'NONE',  ( -0.2499999999999945044, -0.03149606299212689281, 0.1318897637795275746 ) ) ;
#1832 = ORIENTED_EDGE ( 'NONE', *, *, #2071, .T. ) ;
#1833 = LINE ( 'NONE', #301, #3741 ) ;
#1834 = ORIENTED_EDGE ( 'NONE', *, *, #2434, .T. ) ;
#1835 = EDGE_LOOP ( 'NONE', ( #3627, #1892, #718, #623 ) ) ;
#1836 = CARTESIAN_POINT ( 'NONE',  ( -0.1496062992125907487, -0.01181102362204812864, 0.000000000000000000 ) ) ;
#1837 = EDGE_CURVE ( 'NONE', #2458, #945, #2741, .T. ) ;
#1838 = VERTEX_POINT ( 'NONE', #1490 ) ;
#1839 = VERTEX_POINT ( 'NONE', #827 ) ;
#1840 = CARTESIAN_POINT ( 'NONE',  ( 0.1496062992126082625, -0.02362204724409515746, 0.01574803149606321048 ) ) ;
#1841 = CARTESIAN_POINT ( 'NONE',  ( 0.1889763779527613985, -7.649174382259940956E-15, 0.1771653543307086798 ) ) ;
#1842 = EDGE_CURVE ( 'NONE', #1863, #2866, #907, .T. ) ;
#1843 = DIRECTION ( 'NONE',  ( -1.000000000000000000, 0.000000000000000000, 0.000000000000000000 ) ) ;
#1844 = DIRECTION ( 'NONE',  ( -1.000000000000000000, 2.775557561563197303E-13, 0.000000000000000000 ) ) ;
#1845 = EDGE_LOOP ( 'NONE', ( #1221, #1312, #3431, #1853 ) ) ;
#1846 = ORIENTED_EDGE ( 'NONE', *, *, #129, .F. ) ;
#1847 = CARTESIAN_POINT ( 'NONE',  ( -0.06574803149605669417, 0.03543307086613346757, 0.2822834645669291542 ) ) ;
#1848 = EDGE_CURVE ( 'NONE', #2134, #2602, #1170, .T. ) ;
#1849 = CARTESIAN_POINT ( 'NONE',  ( -0.2401574803149515991, -0.09055118110236221041, 0.1122047244094507845 ) ) ;
#1850 = DIRECTION ( 'NONE',  ( 0.000000000000000000, 0.000000000000000000, -1.000000000000000000 ) ) ;
#1851 = ORIENTED_EDGE ( 'NONE', *, *, #2590, .T. ) ;
#1852 = DIRECTION ( 'NONE',  ( 1.000000000000000000, 0.000000000000000000, 0.000000000000000000 ) ) ;
#1853 = ORIENTED_EDGE ( 'NONE', *, *, #1418, .F. ) ;
#1854 = CARTESIAN_POINT ( 'NONE',  ( 0.1476377952755960621, 0.000000000000000000, 0.1771653543307086798 ) ) ;
#1855 = VERTEX_POINT ( 'NONE', #3260 ) ;
#1856 = ORIENTED_EDGE ( 'NONE', *, *, #2190, .F. ) ;
#1857 = CARTESIAN_POINT ( 'NONE',  ( 0.06692913385826908257, 0.07086614173227559488, 0.01574803149606299191 ) ) ;
#1858 = LINE ( 'NONE', #1801, #3424 ) ;
#1859 = DIRECTION ( 'NONE',  ( 0.000000000000000000, -1.000000000000000000, 0.000000000000000000 ) ) ;
#1860 = CARTESIAN_POINT ( 'NONE',  ( -0.1377952755905446913, 0.000000000000000000, 0.1614173228346456879 ) ) ;
#1861 = CIRCLE ( 'NONE', #3405, 0.01181102362204698546 ) ;
#1862 = ADVANCED_FACE ( 'NONE', ( #574 ), #3301, .F. ) ;
#1863 = VERTEX_POINT ( 'NONE', #2722 ) ;
#1864 = DIRECTION ( 'NONE',  ( 0.000000000000000000, 0.000000000000000000, 1.000000000000000000 ) ) ;
#1865 = VECTOR ( 'NONE', #184, 39.37007874015748143 ) ;
#1866 = CARTESIAN_POINT ( 'NONE',  ( 0.2500000000000031641, -0.09055118110236221041, 0.06496062992125747892 ) ) ;
#1867 = CARTESIAN_POINT ( 'NONE',  ( 0.1692913385826848582, 0.000000000000000000, 2.048885995248196921E-16 ) ) ;
#1868 = VECTOR ( 'NONE', #2037, 39.37007874015748143 ) ;
#1869 = VECTOR ( 'NONE', #779, 39.37007874015748143 ) ;
#1870 = ADVANCED_FACE ( 'NONE', ( #3970 ), #594, .F. ) ;
#1871 = ORIENTED_EDGE ( 'NONE', *, *, #3934, .F. ) ;
#1872 = FACE_OUTER_BOUND ( 'NONE', #2796, .T. ) ;
#1873 = AXIS2_PLACEMENT_3D ( 'NONE', #754, #1652, #1075 ) ;
#1874 = LINE ( 'NONE', #2825, #2966 ) ;
#1875 = EDGE_LOOP ( 'NONE', ( #378, #1925, #2629, #3365 ) ) ;
#1876 = ORIENTED_EDGE ( 'NONE', *, *, #3444, .T. ) ;
#1877 = CARTESIAN_POINT ( 'NONE',  ( -0.1692913385826771699, -0.01181102362204812864, 0.000000000000000000 ) ) ;
#1878 = VECTOR ( 'NONE', #327, 39.37007874015748143 ) ;
#1879 = ORIENTED_EDGE ( 'NONE', *, *, #892, .F. ) ;
#1880 = AXIS2_PLACEMENT_3D ( 'NONE', #3071, #1479, #264 ) ;
#1881 = DIRECTION ( 'NONE',  ( 0.000000000000000000, 1.000000000000000000, 0.000000000000000000 ) ) ;
#1882 = CARTESIAN_POINT ( 'NONE',  ( 0.1200787401574889834, 0.03149606299211815674, 0.01574803149606299191 ) ) ;
#1883 = FACE_OUTER_BOUND ( 'NONE', #18, .T. ) ;
#1884 = CARTESIAN_POINT ( 'NONE',  ( 0.2342519685039417543, 0.1535433070866061012, -0.02952755905511811330 ) ) ;
#1885 = EDGE_LOOP ( 'NONE', ( #3069, #1457, #1517, #1494 ) ) ;
#1886 = AXIS2_PLACEMENT_3D ( 'NONE', #1836, #224, #2667 ) ;
#1887 = ORIENTED_EDGE ( 'NONE', *, *, #744, .T. ) ;
#1888 = CARTESIAN_POINT ( 'NONE',  ( -0.1889763779527527665, 0.03149606299211815674, 0.1742125984251968462 ) ) ;
#1889 = DIRECTION ( 'NONE',  ( 0.000000000000000000, -0.06651901052380539137, -0.9977851578566068191 ) ) ;
#1890 = DIRECTION ( 'NONE',  ( 0.000000000000000000, 0.000000000000000000, -1.000000000000000000 ) ) ;
#1891 = ADVANCED_FACE ( 'NONE', ( #299 ), #1510, .F. ) ;
#1892 = ORIENTED_EDGE ( 'NONE', *, *, #632, .T. ) ;
#1893 = CARTESIAN_POINT ( 'NONE',  ( -0.1200787401574714419, 0.1181102362204649731, 0.1771653543307086798 ) ) ;
#1894 = ADVANCED_FACE ( 'NONE', ( #514 ), #3907, .T. ) ;
#1895 = ORIENTED_EDGE ( 'NONE', *, *, #2412, .F. ) ;
#1896 = ORIENTED_EDGE ( 'NONE', *, *, #2030, .T. ) ;
#1897 = CARTESIAN_POINT ( 'NONE',  ( 0.1200787401574889834, 0.1181102362204649731, 0.1771653543307086798 ) ) ;
#1898 = EDGE_CURVE ( 'NONE', #2851, #2441, #2984, .T. ) ;
#1899 = ORIENTED_EDGE ( 'NONE', *, *, #2834, .T. ) ;
#1900 = DIRECTION ( 'NONE',  ( 0.000000000000000000, 0.000000000000000000, -1.000000000000000000 ) ) ;
#1901 = CARTESIAN_POINT ( 'NONE',  ( -0.2401574803149515991, -0.03149606299212689281, 0.05708661417322834220 ) ) ;
#1902 = LINE ( 'NONE', #705, #2252 ) ;
#1903 = DIRECTION ( 'NONE',  ( 0.000000000000000000, 0.9781955605990335645, -0.2076859292882944352 ) ) ;
#1904 = VERTEX_POINT ( 'NONE', #1591 ) ;
#1905 = VERTEX_POINT ( 'NONE', #70 ) ;
#1906 = LINE ( 'NONE', #3139, #3360 ) ;
#1907 = CARTESIAN_POINT ( 'NONE',  ( 0.2244094488188976555, 0.03149606299211815674, 0.000000000000000000 ) ) ;
#1908 = LINE ( 'NONE', #2782, #3949 ) ;
#1909 = ORIENTED_EDGE ( 'NONE', *, *, #842, .F. ) ;
#1910 = EDGE_CURVE ( 'NONE', #2606, #515, #3081, .T. ) ;
#1911 = CYLINDRICAL_SURFACE ( 'NONE', #1231, 0.01181102362204698546 ) ;
#1912 = EDGE_CURVE ( 'NONE', #2803, #2489, #655, .T. ) ;
#1913 = VERTEX_POINT ( 'NONE', #3774 ) ;
#1914 = EDGE_CURVE ( 'NONE', #1507, #1463, #929, .T. ) ;
#1915 = ORIENTED_EDGE ( 'NONE', *, *, #3422, .T. ) ;
#1916 = CARTESIAN_POINT ( 'NONE',  ( 0.2342519685039417543, -0.03149606299212689281, 0.1318897637795275746 ) ) ;
#1917 = FACE_OUTER_BOUND ( 'NONE', #3367, .T. ) ;
#1918 = LINE ( 'NONE', #1042, #16 ) ;
#1919 = CARTESIAN_POINT ( 'NONE',  ( -0.1889763779527527665, 0.03149606299211815674, 0.000000000000000000 ) ) ;
#1920 = PRESENTATION_STYLE_ASSIGNMENT (( #2915 ) ) ;
#1921 = ORIENTED_EDGE ( 'NONE', *, *, #787, .T. ) ;
#1922 = CARTESIAN_POINT ( 'NONE',  ( -0.1377952755905446913, 0.000000000000000000, 2.048885995248196921E-16 ) ) ;
#1923 = PLANE ( 'NONE',  #3673 ) ;
#1924 = CARTESIAN_POINT ( 'NONE',  ( 0.009842519685042657243, 0.000000000000000000, 0.1771653543307086798 ) ) ;
#1925 = ORIENTED_EDGE ( 'NONE', *, *, #581, .T. ) ;
#1926 = VECTOR ( 'NONE', #2291, 39.37007874015748143 ) ;
#1927 = DIRECTION ( 'NONE',  ( -1.000000000000000000, 0.000000000000000000, 0.000000000000000000 ) ) ;
#1928 = CARTESIAN_POINT ( 'NONE',  ( 0.1889763779527613985, 0.03149606299211815674, 0.002952755905511810983 ) ) ;
#1929 = VECTOR ( 'NONE', #3209, 39.37007874015748143 ) ;
#1930 = VECTOR ( 'NONE', #491, 39.37007874015748143 ) ;
#1931 = ORIENTED_EDGE ( 'NONE', *, *, #2590, .F. ) ;
#1932 = VECTOR ( 'NONE', #195, 39.37007874015748143 ) ;
#1933 = CARTESIAN_POINT ( 'NONE',  ( 0.2342519685039417543, -0.03149606299212689281, 0.05708661417322834220 ) ) ;
#1934 = ORIENTED_EDGE ( 'NONE', *, *, #3516, .F. ) ;
#1935 = EDGE_CURVE ( 'NONE', #2359, #3014, #2841, .T. ) ;
#1936 = VECTOR ( 'NONE', #751, 39.37007874015748143 ) ;
#1937 = CARTESIAN_POINT ( 'NONE',  ( -0.2499999999999945044, -0.03149606299213452559, 0.06889763779527559306 ) ) ;
#1938 = LINE ( 'NONE', #2831, #3553 ) ;
#1939 = AXIS2_PLACEMENT_3D ( 'NONE', #1735, #3265, #801 ) ;
#1940 = CARTESIAN_POINT ( 'NONE',  ( -0.2244094488188905778, 0.03149606299211815674, 0.002952755905511810983 ) ) ;
#1941 = LINE ( 'NONE', #169, #3102 ) ;
#1942 = EDGE_CURVE ( 'NONE', #3602, #969, #1252, .T. ) ;
#1943 = FILL_AREA_STYLE_COLOUR ( '', #3414 ) ;
#1944 = VECTOR ( 'NONE', #3659, 39.37007874015748143 ) ;
#1945 = ORIENTED_EDGE ( 'NONE', *, *, #1786, .T. ) ;
#1946 = CARTESIAN_POINT ( 'NONE',  ( -0.09055118110236103079, 0.09842519685038622623, 0.01574803149606299191 ) ) ;
#1947 = DIRECTION ( 'NONE',  ( 0.000000000000000000, 0.000000000000000000, -1.000000000000000000 ) ) ;
#1948 = VECTOR ( 'NONE', #1998, 39.37007874015748143 ) ;
#1949 = DIRECTION ( 'NONE',  ( 0.000000000000000000, -1.000000000000000000, 0.000000000000000000 ) ) ;
#1950 = EDGE_CURVE ( 'NONE', #1090, #2181, #2760, .T. ) ;
#1951 = VERTEX_POINT ( 'NONE', #992 ) ;
#1952 = CARTESIAN_POINT ( 'NONE',  ( -0.1181102362204681094, 0.1141732283464484271, 0.1614173228346456879 ) ) ;
#1953 = CYLINDRICAL_SURFACE ( 'NONE', #1808, 0.01181102362204594289 ) ;
#1954 = ORIENTED_EDGE ( 'NONE', *, *, #1580, .F. ) ;
#1955 = FACE_OUTER_BOUND ( 'NONE', #1875, .T. ) ;
#1956 = EDGE_LOOP ( 'NONE', ( #2089, #269, #3783, #2258, #410, #2778, #3977, #116, #3948, #1915, #1996, #2675 ) ) ;
#1957 = DIRECTION ( 'NONE',  ( 0.000000000000000000, 0.000000000000000000, -1.000000000000000000 ) ) ;
#1958 = EDGE_CURVE ( 'NONE', #548, #1214, #335, .T. ) ;
#1959 = DIRECTION ( 'NONE',  ( 0.000000000000000000, 0.000000000000000000, -1.000000000000000000 ) ) ;
#1960 = FACE_OUTER_BOUND ( 'NONE', #3038, .T. ) ;
#1961 = FACE_OUTER_BOUND ( 'NONE', #3207, .T. ) ;
#1962 = LINE ( 'NONE', #3513, #78 ) ;
#1963 = ORIENTED_EDGE ( 'NONE', *, *, #214, .T. ) ;
#1964 = LINE ( 'NONE', #3872, #3426 ) ;
#1965 = EDGE_CURVE ( 'NONE', #223, #2506, #2175, .T. ) ;
#1966 = DIRECTION ( 'NONE',  ( 0.000000000000000000, 0.000000000000000000, 1.000000000000000000 ) ) ;
#1967 = CARTESIAN_POINT ( 'NONE',  ( 0.1692913385826848582, -0.02362204724409515746, 0.1614173228346456879 ) ) ;
#1968 = ORIENTED_EDGE ( 'NONE', *, *, #1965, .T. ) ;
#1969 = EDGE_CURVE ( 'NONE', #1403, #1090, #2256, .T. ) ;
#1970 = LINE ( 'NONE', #1987, #3149 ) ;
#1971 = CARTESIAN_POINT ( 'NONE',  ( 0.2342519685039417543, -0.03149606299213452559, 0.009842519685039369942 ) ) ;
#1972 = ORIENTED_EDGE ( 'NONE', *, *, #1121, .F. ) ;
#1973 = LINE ( 'NONE', #1119, #2776 ) ;
#1974 =( BOUNDED_CURVE ( )  B_SPLINE_CURVE ( 3, ( #669, #1585, #3353, #1521 ),
 .UNSPECIFIED., .F., .F. ) 
 B_SPLINE_CURVE_WITH_KNOTS ( ( 4, 4 ),
 ( 4.712388980384689674, 5.096785754880149177 ),
 .UNSPECIFIED. ) 
 CURVE ( )  GEOMETRIC_REPRESENTATION_ITEM ( )  RATIONAL_B_SPLINE_CURVE ( ( 1.000000000000000000, 0.9877244516659949847, 0.9877244516659949847, 1.000000000000000000 ) ) 
 REPRESENTATION_ITEM ( '' )  );
#1975 = ORIENTED_EDGE ( 'NONE', *, *, #3031, .F. ) ;
#1976 = CARTESIAN_POINT ( 'NONE',  ( -0.009842519685033917706, 0.000000000000000000, 0.08267716535433072833 ) ) ;
#1977 = DIRECTION ( 'NONE',  ( -0.000000000000000000, 1.000000000000000000, 0.000000000000000000 ) ) ;
#1978 = CARTESIAN_POINT ( 'NONE',  ( 0.06692913385826908257, 0.05118110236219685499, 0.01574803149606299191 ) ) ;
#1979 = EDGE_CURVE ( 'NONE', #2422, #3388, #3440, .T. ) ;
#1980 = ORIENTED_EDGE ( 'NONE', *, *, #3979, .T. ) ;
#1981 = LINE ( 'NONE', #1105, #287 ) ;
#1982 = DIRECTION ( 'NONE',  ( 0.000000000000000000, 0.000000000000000000, 1.000000000000000000 ) ) ;
#1983 = CARTESIAN_POINT ( 'NONE',  ( -0.1181102362204681094, 0.03543307086613346757, 0.2818897637795130251 ) ) ;
#1984 = EDGE_CURVE ( 'NONE', #752, #2441, #1548, .T. ) ;
#1985 = ORIENTED_EDGE ( 'NONE', *, *, #3753, .F. ) ;
#1986 = CIRCLE ( 'NONE', #73, 0.01574803149606340824 ) ;
#1987 = CARTESIAN_POINT ( 'NONE',  ( -0.09173228346456475946, 0.1141732283464484271, 0.2822834645669252129 ) ) ;
#1988 = FACE_OUTER_BOUND ( 'NONE', #3507, .T. ) ;
#1989 = EDGE_CURVE ( 'NONE', #1278, #3715, #2132, .T. ) ;
#1990 = AXIS2_PLACEMENT_3D ( 'NONE', #3568, #2072, #3585 ) ;
#1991 = EDGE_LOOP ( 'NONE', ( #3923, #1820, #2083, #1813 ) ) ;
#1992 = DIRECTION ( 'NONE',  ( -1.000000000000000000, 0.000000000000000000, 0.000000000000000000 ) ) ;
#1993 = VECTOR ( 'NONE', #2763, 39.37007874015748143 ) ;
#1994 = EDGE_LOOP ( 'NONE', ( #2423, #973, #640, #3146 ) ) ;
#1995 = EDGE_CURVE ( 'NONE', #2023, #685, #1908, .T. ) ;
#1996 = ORIENTED_EDGE ( 'NONE', *, *, #3031, .T. ) ;
#1997 = VECTOR ( 'NONE', #1011, 39.37007874015748143 ) ;
#1998 = DIRECTION ( 'NONE',  ( 0.000000000000000000, 0.9977851578566068191, -0.06651901052380540524 ) ) ;
#1999 = LINE ( 'NONE', #1512, #1036 ) ;
#2000 = VECTOR ( 'NONE', #1624, 39.37007874015748143 ) ;
#2001 = CARTESIAN_POINT ( 'NONE',  ( 0.2342519685039417543, 0.000000000000000000, 0.009842519685039369942 ) ) ;
#2002 = DIRECTION ( 'NONE',  ( 0.000000000000000000, 0.000000000000000000, -1.000000000000000000 ) ) ;
#2003 = ORIENTED_EDGE ( 'NONE', *, *, #3130, .T. ) ;
#2004 = VECTOR ( 'NONE', #3306, 39.37007874015748143 ) ;
#2005 = CARTESIAN_POINT ( 'NONE',  ( -0.03937007874015315684, 0.1141732283464484271, 0.2818897637794854361 ) ) ;
#2006 = LINE ( 'NONE', #3900, #1546 ) ;
#2007 = FACE_OUTER_BOUND ( 'NONE', #3669, .T. ) ;
#2008 = VECTOR ( 'NONE', #68, 39.37007874015748143 ) ;
#2009 = EDGE_LOOP ( 'NONE', ( #1478, #2470, #3019, #3319 ) ) ;
#2010 = VECTOR ( 'NONE', #101, 39.37007874015748143 ) ;
#2011 = EDGE_CURVE ( 'NONE', #2152, #1635, #3124, .T. ) ;
#2012 = LINE ( 'NONE', #2276, #3275 ) ;
#2013 = PLANE ( 'NONE',  #1297 ) ;
#2014 = ORIENTED_EDGE ( 'NONE', *, *, #2056, .F. ) ;
#2015 = ADVANCED_FACE ( 'NONE', ( #3141 ), #3733, .T. ) ;
#2016 = DIRECTION ( 'NONE',  ( 1.000000000000000000, 0.000000000000000000, 0.000000000000000000 ) ) ;
#2017 = ORIENTED_EDGE ( 'NONE', *, *, #3333, .F. ) ;
#2018 = CARTESIAN_POINT ( 'NONE',  ( -0.1692913385826771699, 0.000000000000000000, 0.1771653543307086798 ) ) ;
#2019 = EDGE_CURVE ( 'NONE', #3200, #1052, #2823, .T. ) ;
#2020 = FACE_OUTER_BOUND ( 'NONE', #1230, .T. ) ;
#2021 = CARTESIAN_POINT ( 'NONE',  ( -0.2499999999999945044, -0.09055118110236221041, 0.06496062992125747892 ) ) ;
#2022 = CARTESIAN_POINT ( 'NONE',  ( 0.1476377952755960621, -0.1437007874015747977, 0.08267716535433072833 ) ) ;
#2023 = VERTEX_POINT ( 'NONE', #1311 ) ;
#2024 = DIRECTION ( 'NONE',  ( 0.000000000000000000, 0.000000000000000000, 1.000000000000000000 ) ) ;
#2025 = FACE_OUTER_BOUND ( 'NONE', #2938, .T. ) ;
#2026 = CARTESIAN_POINT ( 'NONE',  ( -0.1377952755905446913, -0.01181102362204812864, 0.1614173228346456879 ) ) ;
#2027 = ORIENTED_EDGE ( 'NONE', *, *, #1451, .F. ) ;
#2028 = LINE ( 'NONE', #3604, #3670 ) ;
#2029 = CARTESIAN_POINT ( 'NONE',  ( 0.1574803149606387731, -0.02362204724409515746, 0.000000000000000000 ) ) ;
#2030 = EDGE_CURVE ( 'NONE', #33, #1684, #618, .T. ) ;
#2031 = ORIENTED_EDGE ( 'NONE', *, *, #2958, .F. ) ;
#2032 = DIRECTION ( 'NONE',  ( 0.000000000000000000, 0.9781955605990335645, -0.2076859292882944352 ) ) ;
#2033 = VERTEX_POINT ( 'NONE', #2456 ) ;
#2034 = EDGE_CURVE ( 'NONE', #2120, #2692, #3694, .T. ) ;
#2035 = EDGE_LOOP ( 'NONE', ( #1470, #1378, #562, #1690 ) ) ;
#2036 = LINE ( 'NONE', #2018, #2794 ) ;
#2037 = DIRECTION ( 'NONE',  ( -1.000000000000000000, 0.000000000000000000, -9.284449574024968172E-17 ) ) ;
#2038 = DIRECTION ( 'NONE',  ( 1.000000000000000000, 0.000000000000000000, 0.000000000000000000 ) ) ;
#2039 = DIRECTION ( 'NONE',  ( 9.284449574024968172E-17, 0.000000000000000000, 1.000000000000000000 ) ) ;
#2040 = ADVANCED_FACE ( 'NONE', ( #3518 ), #175, .F. ) ;
#2041 = ORIENTED_EDGE ( 'NONE', *, *, #2254, .F. ) ;
#2042 = CARTESIAN_POINT ( 'NONE',  ( -0.2244094488188905778, 0.03149606299211815674, 0.000000000000000000 ) ) ;
#2043 = CARTESIAN_POINT ( 'NONE',  ( -0.08543307086613326218, 0.03543307086613346757, 0.2625984251968503935 ) ) ;
#2044 = DIRECTION ( 'NONE',  ( 1.000000000000000000, 0.000000000000000000, 0.000000000000000000 ) ) ;
#2045 = VERTEX_POINT ( 'NONE', #3183 ) ;
#2046 = ORIENTED_EDGE ( 'NONE', *, *, #1572, .T. ) ;
#2047 = LINE ( 'NONE', #334, #2514 ) ;
#2048 = DIRECTION ( 'NONE',  ( 1.000000000000000000, 0.000000000000000000, 0.000000000000000000 ) ) ;
#2049 = VERTEX_POINT ( 'NONE', #191 ) ;
#2050 = CARTESIAN_POINT ( 'NONE',  ( -0.2342519685039330668, -0.1259842519685039353, 0.08858267716535433989 ) ) ;
#2051 = AXIS2_PLACEMENT_3D ( 'NONE', #3843, #1074, #3523 ) ;
#2052 = ORIENTED_EDGE ( 'NONE', *, *, #3175, .T. ) ;
#2053 = ORIENTED_EDGE ( 'NONE', *, *, #1914, .F. ) ;
#2054 = LINE ( 'NONE', #2361, #738 ) ;
#2055 = VECTOR ( 'NONE', #51, 39.37007874015748143 ) ;
#2056 = EDGE_CURVE ( 'NONE', #1206, #3776, #3538, .T. ) ;
#2057 = FACE_OUTER_BOUND ( 'NONE', #1240, .T. ) ;
#2058 = CARTESIAN_POINT ( 'NONE',  ( -0.1200787401574714419, 0.03149606299211815674, 0.1771653543307086798 ) ) ;
#2059 = DIRECTION ( 'NONE',  ( 0.000000000000000000, 0.9977851578566064861, 0.06651901052381073431 ) ) ;
#2060 = VECTOR ( 'NONE', #777, 39.37007874015748143 ) ;
#2061 = VECTOR ( 'NONE', #1142, 39.37007874015748143 ) ;
#2062 = ORIENTED_EDGE ( 'NONE', *, *, #2879, .T. ) ;
#2063 = CARTESIAN_POINT ( 'NONE',  ( 0.09055118110236969053, 0.09842519685038622623, 0.01574803149606299191 ) ) ;
#2064 = VECTOR ( 'NONE', #2073, 39.37007874015748143 ) ;
#2065 = EDGE_CURVE ( 'NONE', #650, #2584, #1367, .T. ) ;
#2066 = PLANE ( 'NONE',  #3810 ) ;
#2067 = FACE_OUTER_BOUND ( 'NONE', #1991, .T. ) ;
#2068 = VERTEX_POINT ( 'NONE', #2937 ) ;
#2069 = VECTOR ( 'NONE', #760, 39.37007874015748143 ) ;
#2070 = VERTEX_POINT ( 'NONE', #3840 ) ;
#2071 = EDGE_CURVE ( 'NONE', #1253, #2049, #1025, .T. ) ;
#2072 = DIRECTION ( 'NONE',  ( 0.000000000000000000, 0.2076859292882911323, -0.9781955605990343416 ) ) ;
#2073 = DIRECTION ( 'NONE',  ( 0.000000000000000000, 0.000000000000000000, 1.000000000000000000 ) ) ;
#2074 = ORIENTED_EDGE ( 'NONE', *, *, #744, .F. ) ;
#2075 = AXIS2_PLACEMENT_3D ( 'NONE', #412, #1864, #1589 ) ;
#2076 = DIRECTION ( 'NONE',  ( -1.000000000000000000, 0.000000000000000000, 0.000000000000000000 ) ) ;
#2077 = AXIS2_PLACEMENT_3D ( 'NONE', #304, #1155, #1794 ) ;
#2078 = VERTEX_POINT ( 'NONE', #1983 ) ;
#2079 = ORIENTED_EDGE ( 'NONE', *, *, #1468, .F. ) ;
#2080 = CARTESIAN_POINT ( 'NONE',  ( -67.36615085194036112, -5.132990351233639004, 0.002952755905511810983 ) ) ;
#2081 = CARTESIAN_POINT ( 'NONE',  ( -0.2342519685039330668, 0.000000000000000000, 0.009842519685039369942 ) ) ;
#2082 = EDGE_CURVE ( 'NONE', #382, #895, #2896, .T. ) ;
#2083 = ORIENTED_EDGE ( 'NONE', *, *, #1649, .T. ) ;
#2084 = DIRECTION ( 'NONE',  ( 1.000000000000000000, 2.775557561561964913E-13, 0.000000000000000000 ) ) ;
#2085 = CARTESIAN_POINT ( 'NONE',  ( -0.09173228346456475946, -0.2795275590551268285, 0.2822834645669252129 ) ) ;
#2086 = APPLICATION_CONTEXT ( 'automotive_design' ) ;
#2087 = FACE_OUTER_BOUND ( 'NONE', #2790, .T. ) ;
#2088 = CARTESIAN_POINT ( 'NONE',  ( 0.1377952755905535454, 0.03149606299211815674, 0.1771653543307086798 ) ) ;
#2089 = ORIENTED_EDGE ( 'NONE', *, *, #1027, .T. ) ;
#2090 = EDGE_CURVE ( 'NONE', #2885, #1211, #3217, .T. ) ;
#2091 = VERTEX_POINT ( 'NONE', #1709 ) ;
#2092 = LINE ( 'NONE', #2153, #2203 ) ;
#2093 = CARTESIAN_POINT ( 'NONE',  ( 0.1692913385826848582, -0.02362204724409515746, 0.1614173228346456879 ) ) ;
#2094 = PLANE ( 'NONE',  #849 ) ;
#2095 = EDGE_CURVE ( 'NONE', #3445, #1067, #2633, .T. ) ;
#2096 = VERTEX_POINT ( 'NONE', #1070 ) ;
#2097 = DIRECTION ( 'NONE',  ( 1.000000000000000000, 0.000000000000000000, 0.000000000000000000 ) ) ;
#2098 = ORIENTED_EDGE ( 'NONE', *, *, #1184, .T. ) ;
#2099 = LINE ( 'NONE', #624, #991 ) ;
#2100 = CARTESIAN_POINT ( 'NONE',  ( -0.1496062992125907487, -0.02362204724409515746, 0.000000000000000000 ) ) ;
#2101 = EDGE_LOOP ( 'NONE', ( #3283, #2996, #673, #2797, #1152, #3453, #3647, #164, #196, #2928, #3461, #3171 ) ) ;
#2102 = DIRECTION ( 'NONE',  ( 1.000000000000000000, 0.000000000000000000, 0.000000000000000000 ) ) ;
#2103 = DIRECTION ( 'NONE',  ( -6.083413833562569766E-14, 1.000000000000000000, 0.000000000000000000 ) ) ;
#2104 = FACE_OUTER_BOUND ( 'NONE', #421, .T. ) ;
#2105 = CARTESIAN_POINT ( 'NONE',  ( -0.1377952755905446913, 0.03149606299211815674, 0.1742125984251968462 ) ) ;
#2106 = ORIENTED_EDGE ( 'NONE', *, *, #996, .F. ) ;
#2107 = EDGE_LOOP ( 'NONE', ( #2543, #3273, #1298, #1323 ) ) ;
#2108 = CARTESIAN_POINT ( 'NONE',  ( -0.1889763779527527665, 0.03149606299211815674, 0.002952755905511810983 ) ) ;
#2109 = CARTESIAN_POINT ( 'NONE',  ( 0.1889763779527613985, 0.000000000000000000, 0.002952755905511810983 ) ) ;
#2110 = LINE ( 'NONE', #1429, #3817 ) ;
#2111 = ADVANCED_FACE ( 'NONE', ( #3816 ), #2230, .F. ) ;
#2112 = VERTEX_POINT ( 'NONE', #1326 ) ;
#2113 = EDGE_CURVE ( 'NONE', #2602, #1278, #1648, .T. ) ;
#2114 = ORIENTED_EDGE ( 'NONE', *, *, #603, .F. ) ;
#2115 = ORIENTED_EDGE ( 'NONE', *, *, #1705, .T. ) ;
#2116 = PLANE ( 'NONE',  #2982 ) ;
#2117 = VECTOR ( 'NONE', #3221, 39.37007874015748143 ) ;
#2118 = ORIENTED_EDGE ( 'NONE', *, *, #408, .T. ) ;
#2119 = VECTOR ( 'NONE', #3536, 39.37007874015748143 ) ;
#2120 = VERTEX_POINT ( 'NONE', #3456 ) ;
#2121 = CARTESIAN_POINT ( 'NONE',  ( 0.1200787401574889834, 0.1181102362204649731, 0.1771653543307086798 ) ) ;
#2122 = FACE_OUTER_BOUND ( 'NONE', #3483, .T. ) ;
#2123 = CARTESIAN_POINT ( 'NONE',  ( -0.06692913385826043671, 0.05118110236219685499, 0.001968503937007873988 ) ) ;
#2124 = VECTOR ( 'NONE', #3851, 39.37007874015748143 ) ;
#2125 = DIRECTION ( 'NONE',  ( 0.000000000000000000, 1.000000000000000000, 0.000000000000000000 ) ) ;
#2126 = ORIENTED_EDGE ( 'NONE', *, *, #438, .F. ) ;
#2127 = ORIENTED_EDGE ( 'NONE', *, *, #1950, .T. ) ;
#2128 = AXIS2_PLACEMENT_3D ( 'NONE', #3988, #1450, #1209 ) ;
#2129 = DIRECTION ( 'NONE',  ( -0.7071067811862999930, 0.000000000000000000, 0.7071067811867950414 ) ) ;
#2130 = AXIS2_PLACEMENT_3D ( 'NONE', #54, #1274, #2580 ) ;
#2131 = CARTESIAN_POINT ( 'NONE',  ( -0.1377952755905446913, 0.03149606299211815674, 0.002952755905511810983 ) ) ;
#2132 = LINE ( 'NONE', #3420, #1678 ) ;
#2133 = VECTOR ( 'NONE', #2576, 39.37007874015748143 ) ;
#2134 = VERTEX_POINT ( 'NONE', #495 ) ;
#2135 = EDGE_CURVE ( 'NONE', #1635, #3457, #2557, .T. ) ;
#2136 = AXIS2_PLACEMENT_3D ( 'NONE', #62, #102, #1318 ) ;
#2137 = LINE ( 'NONE', #620, #3813 ) ;
#2138 = ORIENTED_EDGE ( 'NONE', *, *, #2295, .F. ) ;
#2139 = VECTOR ( 'NONE', #231, 39.37007874015748143 ) ;
#2140 = ORIENTED_EDGE ( 'NONE', *, *, #3370, .F. ) ;
#2141 = ADVANCED_FACE ( 'NONE', ( #3499 ), #414, .T. ) ;
#2142 = DIRECTION ( 'NONE',  ( 0.000000000000000000, 0.000000000000000000, 1.000000000000000000 ) ) ;
#2143 = AXIS2_PLACEMENT_3D ( 'NONE', #487, #3342, #3026 ) ;
#2144 = EDGE_LOOP ( 'NONE', ( #2867, #3551, #537, #1654 ) ) ;
#2145 = ADVANCED_FACE ( 'NONE', ( #1631 ), #2247, .F. ) ;
#2146 = VERTEX_POINT ( 'NONE', #473 ) ;
#2147 = DIRECTION ( 'NONE',  ( -1.000000000000000000, 0.000000000000000000, 0.000000000000000000 ) ) ;
#2148 = LINE ( 'NONE', #3391, #283 ) ;
#2149 = CARTESIAN_POINT ( 'NONE',  ( -0.2440944881889669238, 0.1377952755905437199, 0.009842519685039369942 ) ) ;
#2150 = LINE ( 'NONE', #3394, #851 ) ;
#2151 = ORIENTED_EDGE ( 'NONE', *, *, #1228, .T. ) ;
#2152 = VERTEX_POINT ( 'NONE', #1665 ) ;
#2153 = CARTESIAN_POINT ( 'NONE',  ( 0.1101181102362267794, 0.07086614173227559488, 0.01574803149606299191 ) ) ;
#2154 = DIRECTION ( 'NONE',  ( 0.000000000000000000, 0.000000000000000000, 1.000000000000000000 ) ) ;
#2155 = CARTESIAN_POINT ( 'NONE',  ( 0.2244094488188976555, -5.132990351233639004, 0.002952755905511810983 ) ) ;
#2156 = ORIENTED_EDGE ( 'NONE', *, *, #883, .T. ) ;
#2157 = CARTESIAN_POINT ( 'NONE',  ( -0.1377952755905446913, 0.03149606299211815674, 0.002952755905511810983 ) ) ;
#2158 = DIRECTION ( 'NONE',  ( 0.000000000000000000, 1.000000000000000000, 0.000000000000000000 ) ) ;
#2159 = EDGE_LOOP ( 'NONE', ( #1315, #1112, #2438, #2978, #2650, #3254, #1249, #1765, #3790 ) ) ;
#2160 = ORIENTED_CLOSED_SHELL ( 'NONE', *, #2449, .F. );
#2161 = VERTEX_POINT ( 'NONE', #151 ) ;
#2162 = CARTESIAN_POINT ( 'NONE',  ( 0.1574803149606387731, -0.01181102362204812864, 0.000000000000000000 ) ) ;
#2163 = ORIENTED_EDGE ( 'NONE', *, *, #728, .F. ) ;
#2164 = ADVANCED_FACE ( 'NONE', ( #2007, #1688, #2292, #2920 ), #3858, .F. ) ;
#2165 = ORIENTED_EDGE ( 'NONE', *, *, #1061, .T. ) ;
#2166 = CARTESIAN_POINT ( 'NONE',  ( 0.1889763779527613985, 0.000000000000000000, 0.002952755905511810983 ) ) ;
#2167 = DIRECTION ( 'NONE',  ( 0.000000000000000000, 0.000000000000000000, -1.000000000000000000 ) ) ;
#2168 = CARTESIAN_POINT ( 'NONE',  ( 0.1574803149606387731, -0.01181102362204812864, 0.000000000000000000 ) ) ;
#2169 = CARTESIAN_POINT ( 'NONE',  ( -0.07874015748030631368, 0.1141732283464484271, 0.2952755905511755818 ) ) ;
#2170 = EDGE_CURVE ( 'NONE', #2033, #59, #3329, .T. ) ;
#2171 = VERTEX_POINT ( 'NONE', #1109 ) ;
#2172 = ORIENTED_EDGE ( 'NONE', *, *, #3722, .T. ) ;
#2173 = PLANE ( 'NONE',  #1371 ) ;
#2174 = CARTESIAN_POINT ( 'NONE',  ( -0.05275590551180692894, -0.2795275590551268285, 0.2952755905511689205 ) ) ;
#2175 = LINE ( 'NONE', #3101, #2194 ) ;
#2176 = VERTEX_POINT ( 'NONE', #2026 ) ;
#2177 = DIRECTION ( 'NONE',  ( 1.000000000000000000, 0.000000000000000000, 0.000000000000000000 ) ) ;
#2178 = VERTEX_POINT ( 'NONE', #2409 ) ;
#2179 = ORIENTED_EDGE ( 'NONE', *, *, #415, .F. ) ;
#2180 = FACE_OUTER_BOUND ( 'NONE', #2810, .T. ) ;
#2181 = VERTEX_POINT ( 'NONE', #2954 ) ;
#2182 = FACE_OUTER_BOUND ( 'NONE', #2416, .T. ) ;
#2183 = EDGE_CURVE ( 'NONE', #2400, #3940, #2977, .T. ) ;
#2184 = LINE ( 'NONE', #2569, #672 ) ;
#2185 = DIRECTION ( 'NONE',  ( 1.000000000000000000, 0.000000000000000000, 0.000000000000000000 ) ) ;
#2186 = ORIENTED_EDGE ( 'NONE', *, *, #3963, .F. ) ;
#2187 = VECTOR ( 'NONE', #1982, 39.37007874015748143 ) ;
#2188 = ORIENTED_EDGE ( 'NONE', *, *, #873, .F. ) ;
#2189 = CARTESIAN_POINT ( 'NONE',  ( 0.09055118110236969053, 0.09842519685038622623, 0.01574803149606299191 ) ) ;
#2190 = EDGE_CURVE ( 'NONE', #588, #1060, #2654, .T. ) ;
#2191 = AXIS2_PLACEMENT_3D ( 'NONE', #3787, #1977, #3745 ) ;
#2192 = DIRECTION ( 'NONE',  ( 0.000000000000000000, -1.000000000000000000, 0.000000000000000000 ) ) ;
#2193 = DIRECTION ( 'NONE',  ( 0.000000000000000000, 0.000000000000000000, -1.000000000000000000 ) ) ;
#2194 = VECTOR ( 'NONE', #2193, 39.37007874015748143 ) ;
#2195 = ORIENTED_EDGE ( 'NONE', *, *, #171, .T. ) ;
#2196 = ADVANCED_FACE ( 'NONE', ( #3583 ), #529, .F. ) ;
#2197 = VECTOR ( 'NONE', #2368, 39.37007874015748143 ) ;
#2198 = CARTESIAN_POINT ( 'NONE',  ( -0.1574803149606212593, -0.01181102362204812864, 0.000000000000000000 ) ) ;
#2199 = EDGE_LOOP ( 'NONE', ( #3060, #3110, #3898, #3496, #307, #3460, #3818 ) ) ;
#2200 = ORIENTED_EDGE ( 'NONE', *, *, #1969, .T. ) ;
#2201 = AXIS2_PLACEMENT_3D ( 'NONE', #1459, #3621, #1183 ) ;
#2202 = DIRECTION ( 'NONE',  ( 0.000000000000000000, -1.000000000000000000, 0.000000000000000000 ) ) ;
#2203 = VECTOR ( 'NONE', #3967, 39.37007874015748143 ) ;
#2204 = ORIENTED_EDGE ( 'NONE', *, *, #1995, .T. ) ;
#2205 = VECTOR ( 'NONE', #2282, 39.37007874015748143 ) ;
#2206 = CARTESIAN_POINT ( 'NONE',  ( -0.1818002768088531618, -0.1771653543307086798, 0.08267716535433072833 ) ) ;
#2207 = FACE_OUTER_BOUND ( 'NONE', #1956, .T. ) ;
#2208 = LINE ( 'NONE', #122, #2964 ) ;
#2209 = PLANE ( 'NONE',  #1812 ) ;
#2210 = CARTESIAN_POINT ( 'NONE',  ( 0.1377952755905535454, -7.649174382259940956E-15, 0.1742125984251968462 ) ) ;
#2211 = CIRCLE ( 'NONE', #1248, 0.01574803149606342559 ) ;
#2212 = ORIENTED_EDGE ( 'NONE', *, *, #1313, .F. ) ;
#2213 = DIRECTION ( 'NONE',  ( 0.000000000000000000, -1.000000000000000000, 0.000000000000000000 ) ) ;
#2214 = CARTESIAN_POINT ( 'NONE',  ( 0.09055118110236969053, 0.05118110236219685499, 0.01574803149606299191 ) ) ;
#2215 = CARTESIAN_POINT ( 'NONE',  ( 0.1496062992126082625, -0.01181102362204812864, 0.000000000000000000 ) ) ;
#2216 = EDGE_CURVE ( 'NONE', #2851, #3445, #1804, .T. ) ;
#2217 = ORIENTED_EDGE ( 'NONE', *, *, #2631, .T. ) ;
#2218 = PLANE ( 'NONE',  #274 ) ;
#2219 = EDGE_CURVE ( 'NONE', #2807, #3382, #248, .T. ) ;
#2220 = EDGE_LOOP ( 'NONE', ( #3087, #615, #1467, #2311 ) ) ;
#2221 = ORIENTED_EDGE ( 'NONE', *, *, #869, .F. ) ;
#2222 = CARTESIAN_POINT ( 'NONE',  ( 0.1574803149606387731, -0.02362204724409515746, 0.1771653543307086798 ) ) ;
#2223 = DIRECTION ( 'NONE',  ( 0.000000000000000000, 1.000000000000000000, 0.000000000000000000 ) ) ;
#2224 = DIRECTION ( 'NONE',  ( 0.000000000000000000, 0.000000000000000000, 1.000000000000000000 ) ) ;
#2225 = CARTESIAN_POINT ( 'NONE',  ( -0.06692913385826043671, 0.09842519685038622623, 0.001968503937007873988 ) ) ;
#2226 = ORIENTED_EDGE ( 'NONE', *, *, #2635, .F. ) ;
#2227 = ORIENTED_EDGE ( 'NONE', *, *, #2618, .T. ) ;
#2228 = DIRECTION ( 'NONE',  ( -1.000000000000000000, 2.775557561563197303E-13, 0.000000000000000000 ) ) ;
#2229 = DIRECTION ( 'NONE',  ( 0.000000000000000000, 0.000000000000000000, -1.000000000000000000 ) ) ;
#2230 = PLANE ( 'NONE',  #157 ) ;
#2231 = EDGE_LOOP ( 'NONE', ( #1148, #1263, #1806, #10 ) ) ;
#2232 = EDGE_CURVE ( 'NONE', #3028, #1211, #511, .T. ) ;
#2233 = DIRECTION ( 'NONE',  ( -1.000000000000000000, 0.000000000000000000, 0.000000000000000000 ) ) ;
#2234 = CARTESIAN_POINT ( 'NONE',  ( 0.2401574803149693349, -0.03149606299212689281, 0.05708661417322834220 ) ) ;
#2235 = ORIENTED_EDGE ( 'NONE', *, *, #2519, .T. ) ;
#2236 = ADVANCED_FACE ( 'NONE', ( #2674 ), #3939, .F. ) ;
#2237 = ORIENTED_EDGE ( 'NONE', *, *, #2290, .F. ) ;
#2238 = PLANE ( 'NONE',  #3363 ) ;
#2239 = ADVANCED_FACE ( 'NONE', ( #2067 ), #3875, .F. ) ;
#2240 = CARTESIAN_POINT ( 'NONE',  ( -0.2401574803149515991, -0.03149606299212689281, 0.1200787401574803237 ) ) ;
#2241 = DIRECTION ( 'NONE',  ( 0.000000000000000000, 0.000000000000000000, -1.000000000000000000 ) ) ;
#2242 = CARTESIAN_POINT ( 'NONE',  ( 0.2322834645669386022, -0.03149606299212689281, 0.1673228346456692994 ) ) ;
#2243 =( NAMED_UNIT ( * ) PLANE_ANGLE_UNIT ( ) SI_UNIT ( $, .RADIAN. ) );
#2244 = ORIENTED_EDGE ( 'NONE', *, *, #3931, .F. ) ;
#2245 = DIRECTION ( 'NONE',  ( -1.000000000000000000, 0.000000000000000000, 0.000000000000000000 ) ) ;
#2246 = FACE_OUTER_BOUND ( 'NONE', #3330, .T. ) ;
#2247 = PLANE ( 'NONE',  #89 ) ;
#2248 = ORIENTED_EDGE ( 'NONE', *, *, #1351, .F. ) ;
#2249 = VECTOR ( 'NONE', #1208, 39.37007874015748143 ) ;
#2250 = CARTESIAN_POINT ( 'NONE',  ( 0.1377952755905535454, -0.01181102362204812864, 0.1614173228346456879 ) ) ;
#2251 = CARTESIAN_POINT ( 'NONE',  ( 0.1476377952755960621, -0.1437007874015747977, 0.1771653543307086798 ) ) ;
#2252 = VECTOR ( 'NONE', #2241, 39.37007874015748143 ) ;
#2253 = AXIS2_PLACEMENT_3D ( 'NONE', #3917, #3579, #545 ) ;
#2254 = EDGE_CURVE ( 'NONE', #1789, #1206, #552, .T. ) ;
#2255 = ORIENTED_EDGE ( 'NONE', *, *, #3001, .T. ) ;
#2256 = CIRCLE ( 'NONE', #663, 0.01181102362204594289 ) ;
#2257 = DIRECTION ( 'NONE',  ( 0.000000000000000000, 0.000000000000000000, -1.000000000000000000 ) ) ;
#2258 = ORIENTED_EDGE ( 'NONE', *, *, #1453, .T. ) ;
#2259 = VECTOR ( 'NONE', #865, 39.37007874015748143 ) ;
#2260 = EDGE_CURVE ( 'NONE', #2489, #1951, #2994, .T. ) ;
#2261 = DIRECTION ( 'NONE',  ( 1.000000000000000000, 0.000000000000000000, 0.000000000000000000 ) ) ;
#2262 = DIRECTION ( 'NONE',  ( 1.000000000000000000, 5.551115123123930457E-14, 0.000000000000000000 ) ) ;
#2263 = VECTOR ( 'NONE', #2378, 39.37007874015748143 ) ;
#2264 = DIRECTION ( 'NONE',  ( 0.000000000000000000, 0.000000000000000000, 1.000000000000000000 ) ) ;
#2265 = LINE ( 'NONE', #1642, #1364 ) ;
#2266 = CARTESIAN_POINT ( 'NONE',  ( 0.06692913385826908257, 0.1181102362204649731, 0.08661417322834646937 ) ) ;
#2267 = ADVANCED_FACE ( 'NONE', ( #291 ), #2332, .T. ) ;
#2268 = VECTOR ( 'NONE', #375, 39.37007874015748143 ) ;
#2269 = VERTEX_POINT ( 'NONE', #2088 ) ;
#2270 = LINE ( 'NONE', #964, #360 ) ;
#2271 = CARTESIAN_POINT ( 'NONE',  ( -0.2244094488188905778, 0.000000000000000000, 0.1771653543307086798 ) ) ;
#2272 = VECTOR ( 'NONE', #2829, 39.37007874015748143 ) ;
#2273 = DIRECTION ( 'NONE',  ( 0.000000000000000000, 0.000000000000000000, -1.000000000000000000 ) ) ;
#2274 = ORIENTED_EDGE ( 'NONE', *, *, #2095, .T. ) ;
#2275 = LINE ( 'NONE', #1073, #3563 ) ;
#2276 = CARTESIAN_POINT ( 'NONE',  ( -0.1476377952755874023, 0.000000000000000000, 0.1771653543307086798 ) ) ;
#2277 = DIRECTION ( 'NONE',  ( 1.000000000000000000, 0.000000000000000000, 0.000000000000000000 ) ) ;
#2278 = ORIENTED_EDGE ( 'NONE', *, *, #1087, .T. ) ;
#2279 = CARTESIAN_POINT ( 'NONE',  ( -0.1377952755905446913, -0.01181102362204812864, 0.1771653543307086798 ) ) ;
#2280 = EDGE_CURVE ( 'NONE', #2887, #3369, #1483, .T. ) ;
#2281 = ORIENTED_EDGE ( 'NONE', *, *, #1580, .T. ) ;
#2282 = DIRECTION ( 'NONE',  ( 0.000000000000000000, 0.000000000000000000, 1.000000000000000000 ) ) ;
#2283 = DIRECTION ( 'NONE',  ( 0.000000000000000000, 0.000000000000000000, 1.000000000000000000 ) ) ;
#2284 = ADVANCED_FACE ( 'NONE', ( #3311 ), #2387, .F. ) ;
#2285 = CARTESIAN_POINT ( 'NONE',  ( 0.2500000000000031641, 0.1377952755905437199, 0.009842519685039369942 ) ) ;
#2286 = LINE ( 'NONE', #466, #1047 ) ;
#2287 = CARTESIAN_POINT ( 'NONE',  ( 0.1377952755905535454, 0.03149606299211815674, 0.002952755905511810983 ) ) ;
#2288 = ORIENTED_EDGE ( 'NONE', *, *, #3516, .T. ) ;
#2289 = CARTESIAN_POINT ( 'NONE',  ( 0.1200787401574889834, 0.03149606299211815674, 0.1771653543307086798 ) ) ;
#2290 = EDGE_CURVE ( 'NONE', #2567, #1286, #1171, .T. ) ;
#2291 = DIRECTION ( 'NONE',  ( 0.000000000000000000, 0.000000000000000000, 1.000000000000000000 ) ) ;
#2292 = FACE_BOUND ( 'NONE', #1484, .T. ) ;
#2293 = EDGE_LOOP ( 'NONE', ( #2420, #2186, #3854, #2726 ) ) ;
#2294 = DIRECTION ( 'NONE',  ( 1.000000000000000000, 0.000000000000000000, 0.000000000000000000 ) ) ;
#2295 = EDGE_CURVE ( 'NONE', #3886, #3940, #3013, .T. ) ;
#2296 = DIRECTION ( 'NONE',  ( 1.000000000000000000, 0.000000000000000000, 0.000000000000000000 ) ) ;
#2297 = DIRECTION ( 'NONE',  ( 0.000000000000000000, 0.000000000000000000, 1.000000000000000000 ) ) ;
#2298 = ORIENTED_EDGE ( 'NONE', *, *, #2927, .T. ) ;
#2299 = DIRECTION ( 'NONE',  ( 0.000000000000000000, 0.000000000000000000, -1.000000000000000000 ) ) ;
#2300 = PLANE ( 'NONE',  #2143 ) ;
#2301 = LINE ( 'NONE', #3529, #2060 ) ;
#2302 = CARTESIAN_POINT ( 'NONE',  ( -0.1200787401574714419, 0.1181102362204649731, 0.1614173228346456879 ) ) ;
#2303 = CARTESIAN_POINT ( 'NONE',  ( 0.2322834645669386022, 0.1377952755905437199, 0.1771653543307086798 ) ) ;
#2304 = EDGE_CURVE ( 'NONE', #2178, #1419, #2150, .T. ) ;
#2305 = VERTEX_POINT ( 'NONE', #631 ) ;
#2306 = DIRECTION ( 'NONE',  ( 0.000000000000000000, 1.000000000000000000, 0.000000000000000000 ) ) ;
#2307 = CARTESIAN_POINT ( 'NONE',  ( -0.2499999999999945044, -0.03149606299212689281, 0.05708661417322834220 ) ) ;
#2308 = CARTESIAN_POINT ( 'NONE',  ( -0.2401574803149515991, 0.03149606299211815674, 0.002952755905511810983 ) ) ;
#2309 = ORIENTED_EDGE ( 'NONE', *, *, #2952, .F. ) ;
#2310 = EDGE_CURVE ( 'NONE', #650, #2396, #1267, .T. ) ;
#2311 = ORIENTED_EDGE ( 'NONE', *, *, #2316, .F. ) ;
#2312 = VECTOR ( 'NONE', #3820, 39.37007874015748143 ) ;
#2313 = LINE ( 'NONE', #1952, #2312 ) ;
#2314 = CARTESIAN_POINT ( 'NONE',  ( 0.2322834645669386022, 0.1535433070866141780, 0.1614173228346456879 ) ) ;
#2315 = VECTOR ( 'NONE', #617, 39.37007874015748143 ) ;
#2316 = EDGE_CURVE ( 'NONE', #1839, #2602, #3662, .T. ) ;
#2317 = VERTEX_POINT ( 'NONE', #3093 ) ;
#2318 = DIRECTION ( 'NONE',  ( 0.000000000000000000, 0.000000000000000000, 1.000000000000000000 ) ) ;
#2319 = AXIS2_PLACEMENT_3D ( 'NONE', #3065, #3577, #200 ) ;
#2320 = ORIENTED_EDGE ( 'NONE', *, *, #632, .F. ) ;
#2321 = VECTOR ( 'NONE', #3650, 39.37007874015748143 ) ;
#2322 = AXIS2_PLACEMENT_3D ( 'NONE', #137, #1698, #1674 ) ;
#2323 = CARTESIAN_POINT ( 'NONE',  ( -67.36615085194036112, -5.132990351233639004, 0.1673228346456692994 ) ) ;
#2324 = LINE ( 'NONE', #520, #720 ) ;
#2325 = AXIS2_PLACEMENT_3D ( 'NONE', #3709, #3136, #1844 ) ;
#2326 = LINE ( 'NONE', #3578, #1493 ) ;
#2327 = CARTESIAN_POINT ( 'NONE',  ( -0.1818002768088531618, -0.1771653543307086798, 0.09448818897637795144 ) ) ;
#2328 = ORIENTED_EDGE ( 'NONE', *, *, #3956, .T. ) ;
#2329 = AXIS2_PLACEMENT_3D ( 'NONE', #1719, #2948, #2346 ) ;
#2330 = DIRECTION ( 'NONE',  ( 0.000000000000000000, -1.000000000000000000, 0.000000000000000000 ) ) ;
#2331 = DIRECTION ( 'NONE',  ( 0.000000000000000000, 1.000000000000000000, 0.000000000000000000 ) ) ;
#2332 = PLANE ( 'NONE',  #474 ) ;
#2333 = EDGE_CURVE ( 'NONE', #540, #2475, #2474, .T. ) ;
#2334 = VECTOR ( 'NONE', #2804, 39.37007874015748143 ) ;
#2335 = EDGE_LOOP ( 'NONE', ( #280, #3654, #3142, #2666 ) ) ;
#2336 = AXIS2_PLACEMENT_3D ( 'NONE', #2747, #1497, #1818 ) ;
#2337 = CARTESIAN_POINT ( 'NONE',  ( -0.2322834645669208664, 0.03149606299211815674, 0.1771653543307086798 ) ) ;
#2338 = PLANE ( 'NONE',  #1421 ) ;
#2339 = EDGE_CURVE ( 'NONE', #1130, #1775, #23, .T. ) ;
#2340 = VERTEX_POINT ( 'NONE', #2735 ) ;
#2341 = CARTESIAN_POINT ( 'NONE',  ( -0.2559055118110236671, -0.03149606299212689281, 0.1673228346456692994 ) ) ;
#2342 = EDGE_CURVE ( 'NONE', #561, #3663, #2448, .T. ) ;
#2343 = ORIENTED_EDGE ( 'NONE', *, *, #2412, .T. ) ;
#2344 = FACE_OUTER_BOUND ( 'NONE', #644, .T. ) ;
#2345 = DIRECTION ( 'NONE',  ( -4.550094363217860416E-15, 1.000000000000000000, 0.000000000000000000 ) ) ;
#2346 = DIRECTION ( 'NONE',  ( 0.000000000000000000, -1.000000000000000000, 0.000000000000000000 ) ) ;
#2347 = DIRECTION ( 'NONE',  ( 0.000000000000000000, -1.000000000000000000, 0.000000000000000000 ) ) ;
#2348 = ORIENTED_EDGE ( 'NONE', *, *, #700, .T. ) ;
#2349 = PLANE ( 'NONE',  #609 ) ;
#2350 = DIRECTION ( 'NONE',  ( 0.000000000000000000, 0.000000000000000000, 1.000000000000000000 ) ) ;
#2351 = DIRECTION ( 'NONE',  ( 0.000000000000000000, 0.000000000000000000, -1.000000000000000000 ) ) ;
#2352 = ORIENTED_EDGE ( 'NONE', *, *, #66, .T. ) ;
#2353 = ORIENTED_EDGE ( 'NONE', *, *, #3911, .T. ) ;
#2354 = DIRECTION ( 'NONE',  ( 0.000000000000000000, 0.000000000000000000, -1.000000000000000000 ) ) ;
#2355 = CARTESIAN_POINT ( 'NONE',  ( 0.1200787401574889834, 0.03149606299211815674, 0.01574803149606299191 ) ) ;
#2356 = ORIENTED_EDGE ( 'NONE', *, *, #2562, .F. ) ;
#2357 = ADVANCED_FACE ( 'NONE', ( #3747 ), #2209, .F. ) ;
#2358 = ORIENTED_EDGE ( 'NONE', *, *, #2280, .F. ) ;
#2359 = VERTEX_POINT ( 'NONE', #329 ) ;
#2360 = EDGE_CURVE ( 'NONE', #382, #3066, #3481, .T. ) ;
#2361 = CARTESIAN_POINT ( 'NONE',  ( 0.1496062992126082625, -0.02362204724409515746, 0.1614173228346456879 ) ) ;
#2362 = LINE ( 'NONE', #1212, #971 ) ;
#2363 = CARTESIAN_POINT ( 'NONE',  ( -0.06692913385826043671, 0.05118110236219685499, 0.01574803149606299191 ) ) ;
#2364 = LINE ( 'NONE', #1125, #721 ) ;
#2365 = EDGE_CURVE ( 'NONE', #1407, #3004, #354, .T. ) ;
#2366 = EDGE_LOOP ( 'NONE', ( #3297, #3611, #2746, #3416, #3401, #403, #2106 ) ) ;
#2367 = DIRECTION ( 'NONE',  ( 0.000000000000000000, 0.000000000000000000, -1.000000000000000000 ) ) ;
#2368 = DIRECTION ( 'NONE',  ( 0.000000000000000000, 1.000000000000000000, 0.000000000000000000 ) ) ;
#2369 = ORIENTED_EDGE ( 'NONE', *, *, #955, .T. ) ;
#2370 = CARTESIAN_POINT ( 'NONE',  ( 0.06692913385826908257, 0.07086614173227559488, 0.01574803149606299191 ) ) ;
#2371 = CARTESIAN_POINT ( 'NONE',  ( -0.1692913385826771699, -0.01181102362204812864, 0.01574803149606321048 ) ) ;
#2372 = ORIENTED_EDGE ( 'NONE', *, *, #186, .T. ) ;
#2373 = VECTOR ( 'NONE', #1787, 39.37007874015748143 ) ;
#2374 = ORIENTED_EDGE ( 'NONE', *, *, #2946, .F. ) ;
#2375 = EDGE_CURVE ( 'NONE', #3378, #788, #2775, .T. ) ;
#2376 = VERTEX_POINT ( 'NONE', #1203 ) ;
#2377 = CARTESIAN_POINT ( 'NONE',  ( -0.1574803149606212593, -0.02362204724409515746, 2.048885995248196921E-16 ) ) ;
#2378 = DIRECTION ( 'NONE',  ( 0.000000000000000000, 0.000000000000000000, -1.000000000000000000 ) ) ;
#2379 = EDGE_CURVE ( 'NONE', #830, #499, #2969, .T. ) ;
#2380 = VECTOR ( 'NONE', #32, 39.37007874015748143 ) ;
#2381 = CIRCLE ( 'NONE', #2253, 0.01574803149606299191 ) ;
#2382 = VERTEX_POINT ( 'NONE', #25 ) ;
#2383 = LINE ( 'NONE', #1800, #1691 ) ;
#2384 = DIRECTION ( 'NONE',  ( 1.000000000000000000, 0.000000000000000000, 0.000000000000000000 ) ) ;
#2385 = AXIS2_PLACEMENT_3D ( 'NONE', #2605, #1466, #3586 ) ;
#2386 = CARTESIAN_POINT ( 'NONE',  ( -0.2401574803149515991, -0.1292548965242285575, 0.1039873316629773697 ) ) ;
#2387 = PLANE ( 'NONE',  #1111 ) ;
#2388 = EDGE_CURVE ( 'NONE', #2045, #3612, #2427, .T. ) ;
#2389 = EDGE_LOOP ( 'NONE', ( #2547, #3396, #820, #3757, #807, #1767 ) ) ;
#2390 = AXIS2_PLACEMENT_3D ( 'NONE', #3564, #2351, #3644 ) ;
#2391 = ORIENTED_EDGE ( 'NONE', *, *, #2733, .T. ) ;
#2392 = CARTESIAN_POINT ( 'NONE',  ( -0.2322834645669208664, 0.000000000000000000, 0.1673228346456692994 ) ) ;
#2393 = CARTESIAN_POINT ( 'NONE',  ( 0.1889763779527613985, 0.03149606299211815674, 0.1742125984251968462 ) ) ;
#2394 = AXIS2_PLACEMENT_3D ( 'NONE', #567, #2712, #3327 ) ;
#2395 = CARTESIAN_POINT ( 'NONE',  ( -0.1889763779527527665, -7.649174382259940956E-15, 0.1742125984251968462 ) ) ;
#2396 = VERTEX_POINT ( 'NONE', #943 ) ;
#2397 = AXIS2_PLACEMENT_3D ( 'NONE', #783, #2367, #2598 ) ;
#2398 = VECTOR ( 'NONE', #1345, 39.37007874015748143 ) ;
#2399 = VERTEX_POINT ( 'NONE', #3435 ) ;
#2400 = VERTEX_POINT ( 'NONE', #1860 ) ;
#2401 = CARTESIAN_POINT ( 'NONE',  ( 0.2401574803149693349, -0.03149606299212689281, 0.1318897637795275746 ) ) ;
#2402 = ADVANCED_FACE ( 'NONE', ( #670 ), #3727, .T. ) ;
#2403 = DIRECTION ( 'NONE',  ( 0.000000000000000000, 1.000000000000000000, 0.000000000000000000 ) ) ;
#2404 = ORIENTED_EDGE ( 'NONE', *, *, #1837, .T. ) ;
#2405 = DIRECTION ( 'NONE',  ( -1.000000000000000000, 0.000000000000000000, 0.000000000000000000 ) ) ;
#2406 = ADVANCED_FACE ( 'NONE', ( #1826 ), #3057, .F. ) ;
#2407 = CARTESIAN_POINT ( 'NONE',  ( -0.03937007874015315684, 0.1141732283464484271, 0.1614173228346456879 ) ) ;
#2408 = DIRECTION ( 'NONE',  ( -1.000000000000000000, 0.000000000000000000, 0.000000000000000000 ) ) ;
#2409 = CARTESIAN_POINT ( 'NONE',  ( -0.1181102362204681094, 0.1141732283464484271, 0.1614173228346456879 ) ) ;
#2410 = ORIENTED_EDGE ( 'NONE', *, *, #35, .F. ) ;
#2411 = PLANE ( 'NONE',  #3689 ) ;
#2412 = EDGE_CURVE ( 'NONE', #3279, #515, #2818, .T. ) ;
#2413 = DIRECTION ( 'NONE',  ( -1.000000000000000000, 0.000000000000000000, 0.000000000000000000 ) ) ;
#2414 = CARTESIAN_POINT ( 'NONE',  ( -0.1216535433070793371, -0.2795275590551268285, 0.2783464566929090833 ) ) ;
#2415 = PRODUCT_DEFINITION_CONTEXT ( 'detailed design', #3848, 'design' ) ;
#2416 = EDGE_LOOP ( 'NONE', ( #1555, #2597, #579, #2172 ) ) ;
#2417 = EDGE_CURVE ( 'NONE', #395, #1035, #312, .T. ) ;
#2418 = CARTESIAN_POINT ( 'NONE',  ( -0.06574803149605669417, 0.1141732283464484271, 0.2822834645669291542 ) ) ;
#2419 = VERTEX_POINT ( 'NONE', #2 ) ;
#2420 = ORIENTED_EDGE ( 'NONE', *, *, #3058, .T. ) ;
#2421 = DIRECTION ( 'NONE',  ( -1.000000000000000000, 0.000000000000000000, 0.000000000000000000 ) ) ;
#2422 = VERTEX_POINT ( 'NONE', #2873 ) ;
#2423 = ORIENTED_EDGE ( 'NONE', *, *, #716, .T. ) ;
#2424 = DIRECTION ( 'NONE',  ( -1.000000000000000000, 0.000000000000000000, 0.000000000000000000 ) ) ;
#2425 = FACE_OUTER_BOUND ( 'NONE', #1885, .T. ) ;
#2426 = LINE ( 'NONE', #3374, #3092 ) ;
#2427 = LINE ( 'NONE', #900, #1299 ) ;
#2428 = ORIENTED_EDGE ( 'NONE', *, *, #368, .F. ) ;
#2429 = EDGE_CURVE ( 'NONE', #3382, #3994, #2552, .T. ) ;
#2430 = EDGE_LOOP ( 'NONE', ( #3811, #2074, #3652, #3984 ) ) ;
#2431 = CARTESIAN_POINT ( 'NONE',  ( -0.2499999999999945044, -0.03149606299212689281, 0.1200787401574803237 ) ) ;
#2432 = DIRECTION ( 'NONE',  ( 9.284449574024968172E-17, 0.000000000000000000, 1.000000000000000000 ) ) ;
#2433 = CARTESIAN_POINT ( 'NONE',  ( 0.2322834645669386022, -5.132990351233639004, 0.1742125984251968462 ) ) ;
#2434 = EDGE_CURVE ( 'NONE', #1905, #2496, #2857, .T. ) ;
#2435 = ORIENTED_EDGE ( 'NONE', *, *, #3911, .F. ) ;
#2436 = CARTESIAN_POINT ( 'NONE',  ( -67.36615085194036112, -0.02362204724409515746, 0.000000000000000000 ) ) ;
#2437 = EDGE_CURVE ( 'NONE', #3320, #3290, #3834, .T. ) ;
#2438 = ORIENTED_EDGE ( 'NONE', *, *, #56, .T. ) ;
#2439 = FACE_OUTER_BOUND ( 'NONE', #1369, .T. ) ;
#2440 = VECTOR ( 'NONE', #1927, 39.37007874015748143 ) ;
#2441 = VERTEX_POINT ( 'NONE', #144 ) ;
#2442 = VECTOR ( 'NONE', #1386, 39.37007874015748143 ) ;
#2443 = VERTEX_POINT ( 'NONE', #1978 ) ;
#2444 = DIRECTION ( 'NONE',  ( -0.000000000000000000, 1.000000000000000000, 0.000000000000000000 ) ) ;
#2445 = FACE_OUTER_BOUND ( 'NONE', #2389, .T. ) ;
#2446 = CARTESIAN_POINT ( 'NONE',  ( 0.1692913385826848582, -0.01181102362204812864, 0.1614173228346456879 ) ) ;
#2447 = CIRCLE ( 'NONE', #780, 0.01574803149606125718 ) ;
#2448 = LINE ( 'NONE', #3687, #219 ) ;
#2449 = CLOSED_SHELL ( 'NONE', ( #2980, #2111, #2236, #2040, #2542, #2239 ) ) ;
#2450 = ORIENTED_EDGE ( 'NONE', *, *, #3704, .T. ) ;
#2451 = ORIENTED_EDGE ( 'NONE', *, *, #2434, .F. ) ;
#2452 = AXIS2_PLACEMENT_3D ( 'NONE', #1406, #458, #2277 ) ;
#2453 = LINE ( 'NONE', #3942, #1814 ) ;
#2454 = EDGE_CURVE ( 'NONE', #3903, #3406, #407, .T. ) ;
#2455 = LINE ( 'NONE', #3666, #1099 ) ;
#2456 = CARTESIAN_POINT ( 'NONE',  ( -0.1692913385826771699, -0.01181102362204812864, 0.1614173228346456879 ) ) ;
#2457 = VECTOR ( 'NONE', #984, 39.37007874015748143 ) ;
#2458 = VERTEX_POINT ( 'NONE', #2302 ) ;
#2459 = AXIS2_PLACEMENT_3D ( 'NONE', #1201, #3937, #3960 ) ;
#2460 = ADVANCED_FACE ( 'NONE', ( #2612 ), #2534, .F. ) ;
#2461 = FACE_OUTER_BOUND ( 'NONE', #1994, .T. ) ;
#2462 = LINE ( 'NONE', #1531, #3220 ) ;
#2463 = VERTEX_POINT ( 'NONE', #3530 ) ;
#2464 = VECTOR ( 'NONE', #2084, 39.37007874015748143 ) ;
#2465 = EDGE_LOOP ( 'NONE', ( #1492, #400, #2768, #3918 ) ) ;
#2466 = DIRECTION ( 'NONE',  ( 1.000000000000000000, 0.000000000000000000, 0.000000000000000000 ) ) ;
#2467 = EDGE_CURVE ( 'NONE', #2096, #2887, #2286, .T. ) ;
#2468 = AXIS2_PLACEMENT_3D ( 'NONE', #2323, #2945, #3554 ) ;
#2469 = EDGE_LOOP ( 'NONE', ( #3166, #1513, #3723, #1017 ) ) ;
#2470 = ORIENTED_EDGE ( 'NONE', *, *, #2290, .T. ) ;
#2471 = CARTESIAN_POINT ( 'NONE',  ( -0.1889763779527527665, -7.649174382259940956E-15, 0.1771653543307086798 ) ) ;
#2472 = DIRECTION ( 'NONE',  ( -1.000000000000000000, 0.000000000000000000, 0.000000000000000000 ) ) ;
#2473 = LINE ( 'NONE', #924, #3027 ) ;
#2474 = LINE ( 'NONE', #389, #914 ) ;
#2475 = VERTEX_POINT ( 'NONE', #1682 ) ;
#2476 = ORIENTED_EDGE ( 'NONE', *, *, #3144, .T. ) ;
#2477 = PLANE ( 'NONE',  #1749 ) ;
#2478 = CARTESIAN_POINT ( 'NONE',  ( 0.1692913385826848582, 0.000000000000000000, 0.1771653543307086798 ) ) ;
#2479 = CARTESIAN_POINT ( 'NONE',  ( 0.1889763779527613985, -7.649174382259940956E-15, 0.1742125984251968462 ) ) ;
#2480 = VERTEX_POINT ( 'NONE', #1021 ) ;
#2481 = DIRECTION ( 'NONE',  ( -1.000000000000000000, 0.000000000000000000, 0.000000000000000000 ) ) ;
#2482 = DIRECTION ( 'NONE',  ( -1.000000000000000000, 0.000000000000000000, 0.000000000000000000 ) ) ;
#2483 = ORIENTED_EDGE ( 'NONE', *, *, #2510, .T. ) ;
#2484 = EDGE_CURVE ( 'NONE', #1419, #2070, #448, .T. ) ;
#2485 = ORIENTED_EDGE ( 'NONE', *, *, #1530, .T. ) ;
#2486 = CARTESIAN_POINT ( 'NONE',  ( 0.1889763779527613985, 0.000000000000000000, 0.000000000000000000 ) ) ;
#2487 = ORIENTED_EDGE ( 'NONE', *, *, #3262, .F. ) ;
#2488 = EDGE_CURVE ( 'NONE', #2513, #2146, #3768, .T. ) ;
#2489 = VERTEX_POINT ( 'NONE', #2001 ) ;
#2490 = DIRECTION ( 'NONE',  ( -1.000000000000000000, 0.000000000000000000, 0.000000000000000000 ) ) ;
#2491 = CYLINDRICAL_SURFACE ( 'NONE', #3105, 0.01181102362204724046 ) ;
#2492 = DIRECTION ( 'NONE',  ( -1.000000000000000000, 0.000000000000000000, 0.000000000000000000 ) ) ;
#2493 = DIRECTION ( 'NONE',  ( 0.000000000000000000, 0.000000000000000000, -1.000000000000000000 ) ) ;
#2494 = EDGE_LOOP ( 'NONE', ( #95, #3088, #1122, #284, #342, #891 ) ) ;
#2495 = ADVANCED_FACE ( 'NONE', ( #1320 ), #726, .T. ) ;
#2496 = VERTEX_POINT ( 'NONE', #2891 ) ;
#2497 = CARTESIAN_POINT ( 'NONE',  ( -0.2342519685039330668, -0.03149606299212689281, 0.1318897637795275746 ) ) ;
#2498 = LINE ( 'NONE', #1907, #2249 ) ;
#2499 = DIRECTION ( 'NONE',  ( 0.000000000000000000, 0.000000000000000000, 1.000000000000000000 ) ) ;
#2500 = ORIENTED_EDGE ( 'NONE', *, *, #154, .T. ) ;
#2501 = DIRECTION ( 'NONE',  ( 1.000000000000000000, 0.000000000000000000, 0.000000000000000000 ) ) ;
#2502 = ORIENTED_EDGE ( 'NONE', *, *, #3668, .F. ) ;
#2503 = VERTEX_POINT ( 'NONE', #706 ) ;
#2504 = DIRECTION ( 'NONE',  ( 0.000000000000000000, 1.000000000000000000, 0.000000000000000000 ) ) ;
#2505 = EDGE_CURVE ( 'NONE', #1138, #685, #1941, .T. ) ;
#2506 = VERTEX_POINT ( 'NONE', #1382 ) ;
#2507 = CARTESIAN_POINT ( 'NONE',  ( -0.2322834645669208664, -0.03149606299212689281, 0.1673228346456692994 ) ) ;
#2508 = AXIS2_PLACEMENT_3D ( 'NONE', #424, #3800, #3550 ) ;
#2509 = DIRECTION ( 'NONE',  ( 0.000000000000000000, 0.000000000000000000, 1.000000000000000000 ) ) ;
#2510 = EDGE_CURVE ( 'NONE', #357, #3597, #2265, .T. ) ;
#2511 = CARTESIAN_POINT ( 'NONE',  ( 0.1889763779527613985, 0.03149606299211815674, 0.002952755905511810983 ) ) ;
#2512 = CARTESIAN_POINT ( 'NONE',  ( -0.1047244094488143790, -0.2795275590551268285, 0.2952755905511661449 ) ) ;
#2513 = VERTEX_POINT ( 'NONE', #1083 ) ;
#2514 = VECTOR ( 'NONE', #30, 39.37007874015748143 ) ;
#2515 = ORIENTED_EDGE ( 'NONE', *, *, #2505, .F. ) ;
#2516 = CARTESIAN_POINT ( 'NONE',  ( -0.2499999999999945044, 0.1377952755905511861, 0.009842519685039369942 ) ) ;
#2517 = VECTOR ( 'NONE', #1593, 39.37007874015748143 ) ;
#2518 = CLOSED_SHELL ( 'NONE', ( #2985, #2814, #1696, #3829, #2460, #2808, #3441, #1322, #3780, #916, #1597, #3415, #1233, #2811, #1091, #285, #626, #771, #2842, #2141, #2164, #1747, #3339, #696, #2702, #959, #1400, #1140, #1725, #365, #3521, #3576, #379, #2665, #2357, #2529, #1279, #1331, #1404, #2196, #597, #3728, #1116, #2585, #1894, #1472, #3321, #1379, #3885, #3313, #2884, #2749, #987, #3052, #1543, #3248, #3770, #1671, #3596, #1720, #3567, #1071, #2911, #794, #138, #2677, #1821, #2145, #1038, #888, #2795, #1500, #3850, #944, #3103, #3488, #427, #3003, #2565, #1870, #2402, #3266, #2972, #3836, #1238, #2284, #1358, #401, #1766, #1891, #2728, #3775, #2558, #1136, #678, #476, #3631, #3500, #2267, #3218, #3199, #1110, #558, #1862, #2406, #1132, #3622, #578, #829, #1065, #2015, #3679, #3366, #2495, #206, #3025, #2537, #2685, #316 ) ) ;
#2519 = EDGE_CURVE ( 'NONE', #1016, #3573, #3152, .T. ) ;
#2520 = LINE ( 'NONE', #2214, #2055 ) ;
#2521 = DIRECTION ( 'NONE',  ( -1.000000000000000000, 0.000000000000000000, 0.000000000000000000 ) ) ;
#2522 = VECTOR ( 'NONE', #1029, 39.37007874015748143 ) ;
#2523 = ORIENTED_EDGE ( 'NONE', *, *, #2375, .T. ) ;
#2524 = AXIS2_PLACEMENT_3D ( 'NONE', #3921, #1146, #3624 ) ;
#2525 = DIRECTION ( 'NONE',  ( 6.083413833562569766E-14, -1.000000000000000000, -5.648114897563760417E-30 ) ) ;
#2526 = EDGE_LOOP ( 'NONE', ( #3032, #2523, #347, #332 ) ) ;
#2527 = VECTOR ( 'NONE', #470, 39.37007874015748143 ) ;
#2528 = VERTEX_POINT ( 'NONE', #1044 ) ;
#2529 = ADVANCED_FACE ( 'NONE', ( #3493 ), #3852, .F. ) ;
#2530 = VECTOR ( 'NONE', #831, 39.37007874015748143 ) ;
#2531 = PLANE ( 'NONE',  #1057 ) ;
#2532 = PLANE ( 'NONE',  #792 ) ;
#2533 = DIRECTION ( 'NONE',  ( -1.000000000000000000, 0.000000000000000000, 0.000000000000000000 ) ) ;
#2534 = CYLINDRICAL_SURFACE ( 'NONE', #3685, 0.01181102362204724046 ) ;
#2535 = ORIENTED_EDGE ( 'NONE', *, *, #3253, .F. ) ;
#2536 = PRODUCT_DEFINITION_FORMATION_WITH_SPECIFIED_SOURCE ( 'ANY', '', #3565, .NOT_KNOWN. ) ;
#2537 = ADVANCED_FACE ( 'NONE', ( #1961 ), #1601, .T. ) ;
#2538 = VERTEX_POINT ( 'NONE', #84 ) ;
#2539 = CARTESIAN_POINT ( 'NONE',  ( -0.05275590551180692894, 0.03543307086613346757, 0.2952755905511689205 ) ) ;
#2540 = CARTESIAN_POINT ( 'NONE',  ( 0.2500000000000031641, -0.03149606299212689281, 0.1318897637795275746 ) ) ;
#2541 = DIRECTION ( 'NONE',  ( 0.000000000000000000, 0.000000000000000000, -1.000000000000000000 ) ) ;
#2542 = ADVANCED_FACE ( 'NONE', ( #544 ), #2970, .T. ) ;
#2543 = ORIENTED_EDGE ( 'NONE', *, *, #2697, .T. ) ;
#2544 = CARTESIAN_POINT ( 'NONE',  ( 0.2500000000000031641, -0.03149606299212689281, 0.1200787401574803237 ) ) ;
#2545 = LINE ( 'NONE', #1928, #2642 ) ;
#2546 = EDGE_CURVE ( 'NONE', #2458, #3279, #2326, .T. ) ;
#2547 = ORIENTED_EDGE ( 'NONE', *, *, #2360, .T. ) ;
#2548 = VERTEX_POINT ( 'NONE', #2100 ) ;
#2549 = DIRECTION ( 'NONE',  ( -1.000000000000000000, 0.000000000000000000, 0.000000000000000000 ) ) ;
#2550 = DIRECTION ( 'NONE',  ( 1.000000000000000000, 0.000000000000000000, 0.000000000000000000 ) ) ;
#2551 = LINE ( 'NONE', #2872, #3609 ) ;
#2552 = LINE ( 'NONE', #2225, #3887 ) ;
#2553 = CARTESIAN_POINT ( 'NONE',  ( -0.1377952755905446913, 0.03149606299211815674, 0.002952755905511810983 ) ) ;
#2554 = VERTEX_POINT ( 'NONE', #1415 ) ;
#2555 = PLANE ( 'NONE',  #418 ) ;
#2556 = PLANE ( 'NONE',  #657 ) ;
#2557 = LINE ( 'NONE', #2878, #1936 ) ;
#2558 = ADVANCED_FACE ( 'NONE', ( #2627 ), #185, .F. ) ;
#2559 = VERTEX_POINT ( 'NONE', #2058 ) ;
#2560 = CARTESIAN_POINT ( 'NONE',  ( 0.1889763779527613985, 0.000000000000000000, 0.000000000000000000 ) ) ;
#2561 = DIRECTION ( 'NONE',  ( 0.000000000000000000, 0.000000000000000000, 1.000000000000000000 ) ) ;
#2562 = EDGE_CURVE ( 'NONE', #1839, #3715, #817, .T. ) ;
#2563 = EDGE_LOOP ( 'NONE', ( #1165, #2908, #314, #2573 ) ) ;
#2564 = DIRECTION ( 'NONE',  ( 0.000000000000000000, 1.000000000000000000, 0.000000000000000000 ) ) ;
#2565 = ADVANCED_FACE ( 'NONE', ( #1777 ), #3895, .F. ) ;
#2566 = VERTEX_POINT ( 'NONE', #1396 ) ;
#2567 = VERTEX_POINT ( 'NONE', #1101 ) ;
#2568 = CARTESIAN_POINT ( 'NONE',  ( 0.1692913385826848582, 0.000000000000000000, 0.000000000000000000 ) ) ;
#2569 = CARTESIAN_POINT ( 'NONE',  ( -0.1181102362204681094, 0.1141732283464484271, 0.2952755905511810774 ) ) ;
#2570 = LINE ( 'NONE', #3807, #1803 ) ;
#2571 = CARTESIAN_POINT ( 'NONE',  ( 0.1200787401574889834, 0.03149606299211815674, 0.08661417322834646937 ) ) ;
#2572 = DIRECTION ( 'NONE',  ( 0.000000000000000000, 0.000000000000000000, -1.000000000000000000 ) ) ;
#2573 = ORIENTED_EDGE ( 'NONE', *, *, #1816, .T. ) ;
#2574 = CARTESIAN_POINT ( 'NONE',  ( 0.1496062992126082625, -0.02362204724409515746, 0.000000000000000000 ) ) ;
#2575 = CARTESIAN_POINT ( 'NONE',  ( 0.1377952755905535454, 0.03149606299211815674, 0.1771653543307086798 ) ) ;
#2576 = DIRECTION ( 'NONE',  ( 0.000000000000000000, -1.000000000000000000, 0.000000000000000000 ) ) ;
#2577 = VERTEX_POINT ( 'NONE', #2931 ) ;
#2578 = VECTOR ( 'NONE', #452, 39.37007874015748143 ) ;
#2579 = DIRECTION ( 'NONE',  ( 0.000000000000000000, 0.000000000000000000, -1.000000000000000000 ) ) ;
#2580 = DIRECTION ( 'NONE',  ( 0.000000000000000000, 0.000000000000000000, -1.000000000000000000 ) ) ;
#2581 = FACE_OUTER_BOUND ( 'NONE', #1431, .T. ) ;
#2582 = VECTOR ( 'NONE', #3938, 39.37007874015748143 ) ;
#2583 = VECTOR ( 'NONE', #2874, 39.37007874015748143 ) ;
#2584 = VERTEX_POINT ( 'NONE', #3638 ) ;
#2585 = ADVANCED_FACE ( 'NONE', ( #3557 ), #521, .T. ) ;
#2586 = VECTOR ( 'NONE', #2541, 39.37007874015748143 ) ;
#2587 = DIRECTION ( 'NONE',  ( 0.000000000000000000, 0.000000000000000000, 1.000000000000000000 ) ) ;
#2588 = ORIENTED_EDGE ( 'NONE', *, *, #2635, .T. ) ;
#2589 = AXIS2_PLACEMENT_3D ( 'NONE', #3451, #2914, #3177 ) ;
#2590 = EDGE_CURVE ( 'NONE', #1684, #2802, #3619, .T. ) ;
#2591 = CARTESIAN_POINT ( 'NONE',  ( -0.1574803149606212593, -0.01181102362204812864, 0.1614173228346456879 ) ) ;
#2592 = DIRECTION ( 'NONE',  ( 1.000000000000000000, 0.000000000000000000, 0.000000000000000000 ) ) ;
#2593 = VECTOR ( 'NONE', #2403, 39.37007874015748143 ) ;
#2594 = LINE ( 'NONE', #1063, #1737 ) ;
#2595 = DIRECTION ( 'NONE',  ( -1.000000000000000000, 0.000000000000000000, 0.000000000000000000 ) ) ;
#2596 = VECTOR ( 'NONE', #2213, 39.37007874015748143 ) ;
#2597 = ORIENTED_EDGE ( 'NONE', *, *, #1705, .F. ) ;
#2598 = DIRECTION ( 'NONE',  ( 0.000000000000000000, -1.000000000000000000, 0.000000000000000000 ) ) ;
#2599 = LINE ( 'NONE', #3792, #2187 ) ;
#2600 = AXIS2_PLACEMENT_3D ( 'NONE', #2645, #3892, #3508 ) ;
#2601 = DIRECTION ( 'NONE',  ( 0.000000000000000000, 0.000000000000000000, -1.000000000000000000 ) ) ;
#2602 = VERTEX_POINT ( 'NONE', #1440 ) ;
#2603 = CARTESIAN_POINT ( 'NONE',  ( -0.1377952755905446913, -7.649174382259940956E-15, 0.1742125984251968462 ) ) ;
#2604 = PLANE ( 'NONE',  #2051 ) ;
#2605 = CARTESIAN_POINT ( 'NONE',  ( -67.36615085194036112, -5.132990351233639004, 0.002952755905511810983 ) ) ;
#2606 = VERTEX_POINT ( 'NONE', #244 ) ;
#2607 = CARTESIAN_POINT ( 'NONE',  ( 0.2342519685039417543, 0.1377952755905437199, -0.02952755905511811330 ) ) ;
#2608 = ORIENTED_EDGE ( 'NONE', *, *, #2789, .T. ) ;
#2609 = EDGE_CURVE ( 'NONE', #188, #2480, #2669, .T. ) ;
#2610 = FACE_OUTER_BOUND ( 'NONE', #492, .T. ) ;
#2611 = CARTESIAN_POINT ( 'NONE',  ( 0.1377952755905535454, 0.03149606299211815674, 0.000000000000000000 ) ) ;
#2612 = FACE_OUTER_BOUND ( 'NONE', #875, .T. ) ;
#2613 = EDGE_CURVE ( 'NONE', #576, #1258, #877, .T. ) ;
#2614 = ORIENTED_EDGE ( 'NONE', *, *, #1351, .T. ) ;
#2615 = CARTESIAN_POINT ( 'NONE',  ( -0.06574803149605669417, -0.2795275590551268285, 0.2822834645669291542 ) ) ;
#2616 = LINE ( 'NONE', #2575, #399 ) ;
#2617 = DIRECTION ( 'NONE',  ( 0.000000000000000000, 0.000000000000000000, 1.000000000000000000 ) ) ;
#2618 = EDGE_CURVE ( 'NONE', #3028, #717, #3251, .T. ) ;
#2619 = ORIENTED_EDGE ( 'NONE', *, *, #3587, .F. ) ;
#2620 = CARTESIAN_POINT ( 'NONE',  ( -0.1377952755905446913, -0.01181102362204812864, 0.000000000000000000 ) ) ;
#2621 = DIRECTION ( 'NONE',  ( 0.000000000000000000, 0.000000000000000000, 1.000000000000000000 ) ) ;
#2622 = ORIENTED_EDGE ( 'NONE', *, *, #2995, .F. ) ;
#2623 = DIRECTION ( 'NONE',  ( 0.000000000000000000, 0.000000000000000000, 1.000000000000000000 ) ) ;
#2624 = DIRECTION ( 'NONE',  ( -0.7071067811867429720, 0.000000000000000000, -0.7071067811863520625 ) ) ;
#2625 = EDGE_CURVE ( 'NONE', #3369, #1273, #1456, .T. ) ;
#2626 = LINE ( 'NONE', #3915, #2124 ) ;
#2627 = FACE_OUTER_BOUND ( 'NONE', #2430, .T. ) ;
#2628 = LINE ( 'NONE', #431, #2583 ) ;
#2629 = ORIENTED_EDGE ( 'NONE', *, *, #2613, .F. ) ;
#2630 = CARTESIAN_POINT ( 'NONE',  ( -0.1818002768088531618, 0.000000000000000000, 0.09448818897637795144 ) ) ;
#2631 = EDGE_CURVE ( 'NONE', #1067, #28, #201, .T. ) ;
#2632 = LINE ( 'NONE', #2386, #1033 ) ;
#2633 = LINE ( 'NONE', #436, #2905 ) ;
#2634 = VERTEX_POINT ( 'NONE', #1156 ) ;
#2635 = EDGE_CURVE ( 'NONE', #2880, #3527, #858, .T. ) ;
#2636 = VECTOR ( 'NONE', #3246, 39.37007874015748143 ) ;
#2637 = DIRECTION ( 'NONE',  ( 0.000000000000000000, -1.000000000000000000, 0.000000000000000000 ) ) ;
#2638 = LINE ( 'NONE', #2029, #3098 ) ;
#2639 = AXIS2_PLACEMENT_3D ( 'NONE', #2860, #3773, #3839 ) ;
#2640 = ORIENTED_EDGE ( 'NONE', *, *, #3147, .F. ) ;
#2641 = CARTESIAN_POINT ( 'NONE',  ( 0.1496062992126082625, -0.01181102362204812864, 0.1771653543307086798 ) ) ;
#2642 = VECTOR ( 'NONE', #12, 39.37007874015748143 ) ;
#2643 = VERTEX_POINT ( 'NONE', #490 ) ;
#2644 = CIRCLE ( 'NONE', #83, 0.009842519685042657243 ) ;
#2645 = CARTESIAN_POINT ( 'NONE',  ( 0.1574803149606387731, -0.01181102362204812864, 0.001968503937007873988 ) ) ;
#2646 = LINE ( 'NONE', #2930, #468 ) ;
#2647 = VECTOR ( 'NONE', #1505, 39.37007874015748143 ) ;
#2648 = DIRECTION ( 'NONE',  ( 0.000000000000000000, -0.9781955605990335645, 0.2076859292882944352 ) ) ;
#2649 = LINE ( 'NONE', #1736, #1356 ) ;
#2650 = ORIENTED_EDGE ( 'NONE', *, *, #3292, .F. ) ;
#2651 = VECTOR ( 'NONE', #2758, 39.37007874015748143 ) ;
#2652 = CARTESIAN_POINT ( 'NONE',  ( 0.1692913385826848582, 0.000000000000000000, 0.1614173228346456879 ) ) ;
#2653 = CARTESIAN_POINT ( 'NONE',  ( -0.1673228346456639704, 0.000000000000000000, 0.08267716535433072833 ) ) ;
#2654 = LINE ( 'NONE', #587, #2909 ) ;
#2655 = EDGE_LOOP ( 'NONE', ( #524, #14, #774, #3658 ) ) ;
#2656 = VECTOR ( 'NONE', #3061, 39.37007874015748143 ) ;
#2657 = EDGE_CURVE ( 'NONE', #2803, #3776, #564, .T. ) ;
#2658 = ORIENTED_EDGE ( 'NONE', *, *, #2071, .F. ) ;
#2659 = CARTESIAN_POINT ( 'NONE',  ( 0.1377952755905535454, -0.02362204724409515746, 2.048885995248196921E-16 ) ) ;
#2660 = DIRECTION ( 'NONE',  ( 0.000000000000000000, -1.000000000000000000, 0.000000000000000000 ) ) ;
#2661 = EDGE_CURVE ( 'NONE', #2506, #1273, #1475, .T. ) ;
#2662 = ORIENTED_EDGE ( 'NONE', *, *, #1910, .F. ) ;
#2663 = CARTESIAN_POINT ( 'NONE',  ( 0.06692913385826908257, 0.03149606299211815674, 0.08661417322834646937 ) ) ;
#2664 = ORIENTED_EDGE ( 'NONE', *, *, #2958, .T. ) ;
#2665 = ADVANCED_FACE ( 'NONE', ( #647 ), #3090, .F. ) ;
#2666 = ORIENTED_EDGE ( 'NONE', *, *, #607, .F. ) ;
#2667 = DIRECTION ( 'NONE',  ( -1.000000000000000000, 0.000000000000000000, 0.000000000000000000 ) ) ;
#2668 = DIRECTION ( 'NONE',  ( 0.000000000000000000, 0.000000000000000000, 1.000000000000000000 ) ) ;
#2669 = LINE ( 'NONE', #2990, #2263 ) ;
#2670 = CARTESIAN_POINT ( 'NONE',  ( -0.2342519685039330668, -0.09055118110236221041, 0.06496062992125747892 ) ) ;
#2671 = EDGE_LOOP ( 'NONE', ( #2014, #3930, #1137, #88, #1945, #245 ) ) ;
#2672 = CARTESIAN_POINT ( 'NONE',  ( -0.1889763779527527665, 0.03149606299211815674, 0.000000000000000000 ) ) ;
#2673 = DIRECTION ( 'NONE',  ( 1.000000000000000000, 0.000000000000000000, 0.000000000000000000 ) ) ;
#2674 = FACE_OUTER_BOUND ( 'NONE', #1604, .T. ) ;
#2675 = ORIENTED_EDGE ( 'NONE', *, *, #1935, .T. ) ;
#2676 = CARTESIAN_POINT ( 'NONE',  ( 0.000000000000000000, 0.000000000000000000, 0.000000000000000000 ) ) ;
#2677 = ADVANCED_FACE ( 'NONE', ( #3055 ), #2732, .T. ) ;
#2678 = CARTESIAN_POINT ( 'NONE',  ( 0.1692913385826848582, -0.02362204724409515746, 0.1771653543307086798 ) ) ;
#2679 = CARTESIAN_POINT ( 'NONE',  ( -0.1200787401574714419, 0.03149606299211815674, 0.1614173228346456879 ) ) ;
#2680 = EDGE_LOOP ( 'NONE', ( #2487, #2664, #2353, #1013 ) ) ;
#2681 = EDGE_CURVE ( 'NONE', #2443, #1003, #863, .T. ) ;
#2682 = VERTEX_POINT ( 'NONE', #3011 ) ;
#2683 = ORIENTED_EDGE ( 'NONE', *, *, #3126, .F. ) ;
#2684 = LINE ( 'NONE', #1438, #680 ) ;
#2685 = ADVANCED_FACE ( 'NONE', ( #2445 ), #3707, .T. ) ;
#2686 = DIRECTION ( 'NONE',  ( -0.000000000000000000, 1.000000000000000000, 0.000000000000000000 ) ) ;
#2687 = ORIENTED_EDGE ( 'NONE', *, *, #766, .T. ) ;
#2688 = PLANE ( 'NONE',  #1242 ) ;
#2689 = LINE ( 'NONE', #2085, #2786 ) ;
#2690 = CARTESIAN_POINT ( 'NONE',  ( 0.2500000000000031641, 0.1530432415204946994, 0.1673228346456692994 ) ) ;
#2691 = CARTESIAN_POINT ( 'NONE',  ( 0.09055118110236969053, 0.09842519685038622623, 0.01574803149606299191 ) ) ;
#2692 = VERTEX_POINT ( 'NONE', #265 ) ;
#2693 = ORIENTED_EDGE ( 'NONE', *, *, #2375, .F. ) ;
#2694 = DIRECTION ( 'NONE',  ( 0.000000000000000000, 1.000000000000000000, 0.000000000000000000 ) ) ;
#2695 = LINE ( 'NONE', #3017, #3874 ) ;
#2696 = LINE ( 'NONE', #2433, #2321 ) ;
#2697 = EDGE_CURVE ( 'NONE', #1398, #3200, #2689, .T. ) ;
#2698 = ORIENTED_EDGE ( 'NONE', *, *, #192, .T. ) ;
#2699 = CARTESIAN_POINT ( 'NONE',  ( 0.1574803149606387731, -0.01181102362204812864, 0.000000000000000000 ) ) ;
#2700 = VECTOR ( 'NONE', #215, 39.37007874015748143 ) ;
#2701 = ORIENTED_EDGE ( 'NONE', *, *, #3860, .F. ) ;
#2702 = ADVANCED_FACE ( 'NONE', ( #2425 ), #923, .F. ) ;
#2703 = EDGE_LOOP ( 'NONE', ( #230, #3929, #2813, #3403 ) ) ;
#2704 = DIRECTION ( 'NONE',  ( 0.000000000000000000, 0.000000000000000000, -1.000000000000000000 ) ) ;
#2705 = AXIS2_PLACEMENT_3D ( 'NONE', #800, #832, #2743 ) ;
#2706 = CARTESIAN_POINT ( 'NONE',  ( 0.09055118110236969053, 0.09842519685038622623, 0.001968503937007873988 ) ) ;
#2707 = VECTOR ( 'NONE', #8, 39.37007874015748143 ) ;
#2708 = VECTOR ( 'NONE', #1022, 39.37007874015748143 ) ;
#2709 = EDGE_CURVE ( 'NONE', #2443, #633, #3309, .T. ) ;
#2710 = VERTEX_POINT ( 'NONE', #3999 ) ;
#2711 = CARTESIAN_POINT ( 'NONE',  ( -0.2244094488188905778, 0.03149606299211815674, 0.000000000000000000 ) ) ;
#2712 = DIRECTION ( 'NONE',  ( 1.000000000000000000, 0.000000000000000000, 0.000000000000000000 ) ) ;
#2713 = AXIS2_PLACEMENT_3D ( 'NONE', #372, #2493, #47 ) ;
#2714 = CARTESIAN_POINT ( 'NONE',  ( -0.2401574803149515991, -0.03149606299212689281, 0.06889763779527559306 ) ) ;
#2715 = CARTESIAN_POINT ( 'NONE',  ( -0.06692913385826043671, 0.05118110236219685499, 0.01574803149606299191 ) ) ;
#2716 = ORIENTED_EDGE ( 'NONE', *, *, #3446, .T. ) ;
#2717 = AXIS2_PLACEMENT_3D ( 'NONE', #687, #2550, #2223 ) ;
#2718 = ORIENTED_EDGE ( 'NONE', *, *, #653, .F. ) ;
#2719 = LINE ( 'NONE', #616, #3759 ) ;
#2720 = PLANE ( 'NONE',  #1990 ) ;
#2721 = VECTOR ( 'NONE', #610, 39.37007874015748143 ) ;
#2722 = CARTESIAN_POINT ( 'NONE',  ( 0.1101181102362267794, 0.03149606299211815674, 0.01574803149606299191 ) ) ;
#2723 = ORIENTED_EDGE ( 'NONE', *, *, #3951, .T. ) ;
#2724 = VECTOR ( 'NONE', #2910, 39.37007874015748143 ) ;
#2725 = VERTEX_POINT ( 'NONE', #2407 ) ;
#2726 = ORIENTED_EDGE ( 'NONE', *, *, #1790, .F. ) ;
#2727 = DIRECTION ( 'NONE',  ( 0.000000000000000000, -1.000000000000000000, 0.000000000000000000 ) ) ;
#2728 = ADVANCED_FACE ( 'NONE', ( #2122 ), #309, .F. ) ;
#2729 = VERTEX_POINT ( 'NONE', #585 ) ;
#2730 = ORIENTED_EDGE ( 'NONE', *, *, #2417, .T. ) ;
#2731 = LINE ( 'NONE', #1823, #795 ) ;
#2732 = PLANE ( 'NONE',  #2459 ) ;
#2733 = EDGE_CURVE ( 'NONE', #1792, #2091, #1858, .T. ) ;
#2734 = DIRECTION ( 'NONE',  ( 0.000000000000000000, 0.000000000000000000, -1.000000000000000000 ) ) ;
#2735 = CARTESIAN_POINT ( 'NONE',  ( 0.1889763779527613985, 0.03149606299211815674, 0.000000000000000000 ) ) ;
#2736 = ORIENTED_EDGE ( 'NONE', *, *, #488, .T. ) ;
#2737 = ORIENTED_EDGE ( 'NONE', *, *, #671, .F. ) ;
#2738 = LINE ( 'NONE', #2108, #2651 ) ;
#2739 = EDGE_CURVE ( 'NONE', #1730, #2764, #3684, .T. ) ;
#2740 = CARTESIAN_POINT ( 'NONE',  ( -0.1496062992125907487, -0.01181102362204812864, 0.1614173228346456879 ) ) ;
#2741 = LINE ( 'NONE', #3000, #2064 ) ;
#2742 = EDGE_LOOP ( 'NONE', ( #2755, #1851, #3859, #531, #204, #1856 ) ) ;
#2743 = DIRECTION ( 'NONE',  ( 1.000000000000000000, 0.000000000000000000, 0.000000000000000000 ) ) ;
#2744 = ORIENTED_EDGE ( 'NONE', *, *, #279, .F. ) ;
#2745 = DIMENSIONAL_EXPONENTS ( 1.000000000000000000, 0.000000000000000000, 0.000000000000000000, 0.000000000000000000, 0.000000000000000000, 0.000000000000000000, 0.000000000000000000 ) ;
#2746 = ORIENTED_EDGE ( 'NONE', *, *, #2056, .T. ) ;
#2747 = CARTESIAN_POINT ( 'NONE',  ( 0.009842519685042657243, 0.000000000000000000, 0.1771653543307086798 ) ) ;
#2748 = ORIENTED_EDGE ( 'NONE', *, *, #3743, .F. ) ;
#2749 = ADVANCED_FACE ( 'NONE', ( #2752 ), #880, .F. ) ;
#2750 = VERTEX_POINT ( 'NONE', #1219 ) ;
#2751 = FACE_OUTER_BOUND ( 'NONE', #2101, .T. ) ;
#2752 = FACE_OUTER_BOUND ( 'NONE', #3560, .T. ) ;
#2753 = DIRECTION ( 'NONE',  ( -0.7071067811867650654, 0.000000000000000000, -0.7071067811863299690 ) ) ;
#2754 = DIRECTION ( 'NONE',  ( 1.000000000000000000, 0.000000000000000000, 0.000000000000000000 ) ) ;
#2755 = ORIENTED_EDGE ( 'NONE', *, *, #2756, .F. ) ;
#2756 = EDGE_CURVE ( 'NONE', #1684, #588, #2148, .T. ) ;
#2757 = ORIENTED_EDGE ( 'NONE', *, *, #3799, .T. ) ;
#2758 = DIRECTION ( 'NONE',  ( 0.000000000000000000, 0.000000000000000000, -1.000000000000000000 ) ) ;
#2759 = FACE_OUTER_BOUND ( 'NONE', #2955, .T. ) ;
#2760 = LINE ( 'NONE', #948, #2707 ) ;
#2761 = EDGE_CURVE ( 'NONE', #3680, #949, #898, .T. ) ;
#2762 = ORIENTED_EDGE ( 'NONE', *, *, #1837, .F. ) ;
#2763 = DIRECTION ( 'NONE',  ( -1.000000000000000000, 0.000000000000000000, 0.000000000000000000 ) ) ;
#2764 = VERTEX_POINT ( 'NONE', #611 ) ;
#2765 = ORIENTED_EDGE ( 'NONE', *, *, #3743, .T. ) ;
#2766 = LINE ( 'NONE', #3386, #3761 ) ;
#2767 = VECTOR ( 'NONE', #440, 39.37007874015748143 ) ;
#2768 = ORIENTED_EDGE ( 'NONE', *, *, #3552, .F. ) ;
#2769 = VECTOR ( 'NONE', #1401, 39.37007874015748143 ) ;
#2770 = ORIENTED_EDGE ( 'NONE', *, *, #2661, .T. ) ;
#2771 = CARTESIAN_POINT ( 'NONE',  ( -0.1476377952755874023, 0.000000000000000000, 0.08267716535433072833 ) ) ;
#2772 = DIRECTION ( 'NONE',  ( -0.000000000000000000, 1.000000000000000000, 0.000000000000000000 ) ) ;
#2773 = DIRECTION ( 'NONE',  ( 0.7071067811863299690, 0.000000000000000000, -0.7071067811867650654 ) ) ;
#2774 = AXIS2_PLACEMENT_3D ( 'NONE', #143, #2832, #103 ) ;
#2775 = LINE ( 'NONE', #2169, #978 ) ;
#2776 = VECTOR ( 'NONE', #3572, 39.37007874015748143 ) ;
#2777 = ORIENTED_EDGE ( 'NONE', *, *, #2030, .F. ) ;
#2778 = ORIENTED_EDGE ( 'NONE', *, *, #3494, .T. ) ;
#2779 = CIRCLE ( 'NONE', #3029, 0.01181102362204594289 ) ;
#2780 = FACE_OUTER_BOUND ( 'NONE', #912, .T. ) ;
#2781 = CARTESIAN_POINT ( 'NONE',  ( 0.1496062992126082625, -0.02362204724409515746, 0.1614173228346456879 ) ) ;
#2782 = CARTESIAN_POINT ( 'NONE',  ( 0.2401574803149693349, -0.09055118110236221041, 0.1122047244094507845 ) ) ;
#2783 = EDGE_CURVE ( 'NONE', #2566, #2382, #629, .T. ) ;
#2784 = VECTOR ( 'NONE', #2273, 39.37007874015748143 ) ;
#2785 = ORIENTED_EDGE ( 'NONE', *, *, #459, .F. ) ;
#2786 = VECTOR ( 'NONE', #941, 39.37007874015748143 ) ;
#2787 = DIRECTION ( 'NONE',  ( 1.000000000000000000, 0.000000000000000000, 0.000000000000000000 ) ) ;
#2788 = LINE ( 'NONE', #1893, #2517 ) ;
#2789 = EDGE_CURVE ( 'NONE', #1635, #188, #160, .T. ) ;
#2790 = EDGE_LOOP ( 'NONE', ( #782, #1181, #3935, #48 ) ) ;
#2791 = VECTOR ( 'NONE', #108, 39.37007874015748143 ) ;
#2792 = ORIENTED_EDGE ( 'NONE', *, *, #2219, .T. ) ;
#2793 = CARTESIAN_POINT ( 'NONE',  ( -0.1692913385826771699, 0.000000000000000000, 0.01574803149606321048 ) ) ;
#2794 = VECTOR ( 'NONE', #1380, 39.37007874015748143 ) ;
#2795 = ADVANCED_FACE ( 'NONE', ( #351 ), #3766, .F. ) ;
#2796 = EDGE_LOOP ( 'NONE', ( #3764, #1296, #3520, #1174, #99 ) ) ;
#2797 = ORIENTED_EDGE ( 'NONE', *, *, #438, .T. ) ;
#2798 = LINE ( 'NONE', #3490, #3696 ) ;
#2799 = CARTESIAN_POINT ( 'NONE',  ( 0.2342519685039417543, -0.03149606299213452559, 0.06889763779527559306 ) ) ;
#2800 = DIRECTION ( 'NONE',  ( 0.000000000000000000, 0.000000000000000000, -1.000000000000000000 ) ) ;
#2801 = DIRECTION ( 'NONE',  ( 0.000000000000000000, -1.000000000000000000, 0.000000000000000000 ) ) ;
#2802 = VERTEX_POINT ( 'NONE', #1281 ) ;
#2803 = VERTEX_POINT ( 'NONE', #1565 ) ;
#2804 = DIRECTION ( 'NONE',  ( 0.000000000000000000, 0.000000000000000000, 1.000000000000000000 ) ) ;
#2805 = CARTESIAN_POINT ( 'NONE',  ( 0.1673228346456726578, -0.1437007874015747977, 0.1771653543307086798 ) ) ;
#2806 = CARTESIAN_POINT ( 'NONE',  ( 0.2244094488188976555, 0.1523940915100234494, 0.009842519685039369942 ) ) ;
#2807 = VERTEX_POINT ( 'NONE', #371 ) ;
#2808 = ADVANCED_FACE ( 'NONE', ( #1265 ), #1336, .F. ) ;
#2809 = DIRECTION ( 'NONE',  ( 0.000000000000000000, 1.000000000000000000, 0.000000000000000000 ) ) ;
#2810 = EDGE_LOOP ( 'NONE', ( #3710, #3865, #373, #2622, #3331 ) ) ;
#2811 = ADVANCED_FACE ( 'NONE', ( #958 ), #80, .F. ) ;
#2812 = LINE ( 'NONE', #954, #2398 ) ;
#2813 = ORIENTED_EDGE ( 'NONE', *, *, #454, .F. ) ;
#2814 = ADVANCED_FACE ( 'NONE', ( #2207 ), #2532, .T. ) ;
#2815 = DIRECTION ( 'NONE',  ( 0.000000000000000000, 0.000000000000000000, -1.000000000000000000 ) ) ;
#2816 = LINE ( 'NONE', #1000, #1114 ) ;
#2817 = DIRECTION ( 'NONE',  ( -2.018587317500355117E-13, -1.000000000000000000, 0.000000000000000000 ) ) ;
#2818 = LINE ( 'NONE', #64, #1558 ) ;
#2819 = VERTEX_POINT ( 'NONE', #723 ) ;
#2820 = EDGE_LOOP ( 'NONE', ( #100, #1213, #1034, #496 ) ) ;
#2821 = DIRECTION ( 'NONE',  ( 0.000000000000000000, 1.000000000000000000, 0.000000000000000000 ) ) ;
#2822 = DIRECTION ( 'NONE',  ( 0.000000000000000000, 0.000000000000000000, -1.000000000000000000 ) ) ;
#2823 = LINE ( 'NONE', #394, #1486 ) ;
#2824 = EDGE_LOOP ( 'NONE', ( #1085, #38, #1632, #3355 ) ) ;
#2825 = CARTESIAN_POINT ( 'NONE',  ( 0.1889763779527613985, 0.03149606299211815674, 0.1742125984251968462 ) ) ;
#2826 = ORIENTED_EDGE ( 'NONE', *, *, #2834, .F. ) ;
#2827 = ORIENTED_EDGE ( 'NONE', *, *, #41, .F. ) ;
#2828 = EDGE_CURVE ( 'NONE', #2112, #2178, #2184, .T. ) ;
#2829 = DIRECTION ( 'NONE',  ( 0.000000000000000000, -0.9977851578566064861, -0.06651901052381073431 ) ) ;
#2830 = VECTOR ( 'NONE', #3202, 39.37007874015748143 ) ;
#2831 = CARTESIAN_POINT ( 'NONE',  ( -0.1200787401574714419, 0.1181102362204649731, 0.1614173228346456879 ) ) ;
#2832 = DIRECTION ( 'NONE',  ( 1.000000000000000000, 0.000000000000000000, 0.000000000000000000 ) ) ;
#2833 = DIRECTION ( 'NONE',  ( 0.000000000000000000, 0.000000000000000000, -1.000000000000000000 ) ) ;
#2834 = EDGE_CURVE ( 'NONE', #2567, #139, #387, .T. ) ;
#2835 = ORIENTED_EDGE ( 'NONE', *, *, #3571, .T. ) ;
#2836 = VECTOR ( 'NONE', #2154, 39.37007874015748143 ) ;
#2837 = ORIENTED_EDGE ( 'NONE', *, *, #761, .F. ) ;
#2838 = CARTESIAN_POINT ( 'NONE',  ( 0.2500000000000031641, -0.1259842519685039353, 0.08858267716535433989 ) ) ;
#2839 = AXIS2_PLACEMENT_3D ( 'NONE', #388, #429, #1600 ) ;
#2840 = LINE ( 'NONE', #2271, #1672 ) ;
#2841 = LINE ( 'NONE', #1831, #3224 ) ;
#2842 = ADVANCED_FACE ( 'NONE', ( #1917 ), #2491, .F. ) ;
#2843 = VECTOR ( 'NONE', #254, 39.37007874015748143 ) ;
#2844 = AXIS2_PLACEMENT_3D ( 'NONE', #461, #1392, #2623 ) ;
#2845 = ORIENTED_EDGE ( 'NONE', *, *, #3908, .F. ) ;
#2846 = AXIS2_PLACEMENT_3D ( 'NONE', #453, #3793, #2617 ) ;
#2847 = DIRECTION ( 'NONE',  ( 0.000000000000000000, 0.000000000000000000, 1.000000000000000000 ) ) ;
#2848 = ORIENTED_EDGE ( 'NONE', *, *, #2681, .T. ) ;
#2849 = AXIS2_PLACEMENT_3D ( 'NONE', #746, #3234, #1362 ) ;
#2850 = VECTOR ( 'NONE', #861, 39.37007874015748143 ) ;
#2851 = VERTEX_POINT ( 'NONE', #2799 ) ;
#2852 = VECTOR ( 'NONE', #2466, 39.37007874015748143 ) ;
#2853 = CYLINDRICAL_SURFACE ( 'NONE', #422, 0.01181102362204596024 ) ;
#2854 = EDGE_CURVE ( 'NONE', #2419, #2458, #1938, .T. ) ;
#2855 = LINE ( 'NONE', #45, #1368 ) ;
#2856 = DIRECTION ( 'NONE',  ( 0.000000000000000000, 0.000000000000000000, -1.000000000000000000 ) ) ;
#2857 = LINE ( 'NONE', #1660, #3164 ) ;
#2858 = CARTESIAN_POINT ( 'NONE',  ( -0.1889763779527527665, 0.000000000000000000, 0.002952755905511810983 ) ) ;
#2859 = EDGE_CURVE ( 'NONE', #2176, #2400, #2816, .T. ) ;
#2860 = CARTESIAN_POINT ( 'NONE',  ( 0.2401574803149693349, -0.09055118110236221041, 0.06496062992125747892 ) ) ;
#2861 = CARTESIAN_POINT ( 'NONE',  ( -0.2244094488188905778, 0.1535433070866141780, 0.01574803149606299191 ) ) ;
#2862 = ORIENTED_EDGE ( 'NONE', *, *, #294, .F. ) ;
#2863 = EDGE_CURVE ( 'NONE', #1052, #2112, #2855, .T. ) ;
#2864 = CARTESIAN_POINT ( 'NONE',  ( -0.2342519685039330668, -0.1292548965242285575, 0.07317802266773131004 ) ) ;
#2865 = DIRECTION ( 'NONE',  ( -1.000000000000000000, 0.000000000000000000, -9.284449574024968172E-17 ) ) ;
#2866 = VERTEX_POINT ( 'NONE', #1882 ) ;
#2867 = ORIENTED_EDGE ( 'NONE', *, *, #3444, .F. ) ;
#2868 = CARTESIAN_POINT ( 'NONE',  ( 0.1673228346456726578, 0.000000000000000000, 0.08267716535433072833 ) ) ;
#2869 = ORIENTED_EDGE ( 'NONE', *, *, #1477, .F. ) ;
#2870 = CARTESIAN_POINT ( 'NONE',  ( 0.2500000000000031641, 0.1377952755905437199, 0.1673228346456692994 ) ) ;
#2871 = DIRECTION ( 'NONE',  ( -1.000000000000000000, -4.550094363217860416E-15, 0.000000000000000000 ) ) ;
#2872 = CARTESIAN_POINT ( 'NONE',  ( 0.1200787401574889834, 0.03149606299211815674, 0.1614173228346456879 ) ) ;
#2873 = CARTESIAN_POINT ( 'NONE',  ( 0.2244094488188976555, 0.1523940915100234494, 0.009842519685039369942 ) ) ;
#2874 = DIRECTION ( 'NONE',  ( 0.000000000000000000, 0.000000000000000000, -1.000000000000000000 ) ) ;
#2875 = ORIENTED_EDGE ( 'NONE', *, *, #1700, .T. ) ;
#2876 = DIRECTION ( 'NONE',  ( -1.000000000000000000, 0.000000000000000000, 0.000000000000000000 ) ) ;
#2877 = DIRECTION ( 'NONE',  ( 1.000000000000000000, 0.000000000000000000, 0.000000000000000000 ) ) ;
#2878 = CARTESIAN_POINT ( 'NONE',  ( 0.1692913385826848582, -0.02362204724409515746, 0.01574803149606321048 ) ) ;
#2879 = EDGE_CURVE ( 'NONE', #2305, #874, #3433, .T. ) ;
#2880 = VERTEX_POINT ( 'NONE', #3449 ) ;
#2881 = LINE ( 'NONE', #1668, #1310 ) ;
#2882 = CARTESIAN_POINT ( 'NONE',  ( 0.1476377952755960621, -0.1437007874015747977, 0.09448818897637795144 ) ) ;
#2883 = LINE ( 'NONE', #1348, #3681 ) ;
#2884 = ADVANCED_FACE ( 'NONE', ( #743, #405 ), #1620, .T. ) ;
#2885 = VERTEX_POINT ( 'NONE', #3467 ) ;
#2886 = CARTESIAN_POINT ( 'NONE',  ( 0.06692913385826908257, 0.03149606299211815674, 0.1614173228346456879 ) ) ;
#2887 = VERTEX_POINT ( 'NONE', #3174 ) ;
#2888 = CARTESIAN_POINT ( 'NONE',  ( -0.07874015748030631368, -0.2795275590551268285, 0.2952755905511755818 ) ) ;
#2889 = FACE_OUTER_BOUND ( 'NONE', #1815, .T. ) ;
#2890 = DIRECTION ( 'NONE',  ( 0.000000000000000000, 3.083952846180970125E-14, -1.000000000000000000 ) ) ;
#2891 = CARTESIAN_POINT ( 'NONE',  ( -0.1377952755905446913, 0.000000000000000000, 0.01574803149606321048 ) ) ;
#2892 = LENGTH_MEASURE_WITH_UNIT ( LENGTH_MEASURE( 0.02539999999999999897 ), #1661 );
#2893 = EDGE_LOOP ( 'NONE', ( #3039, #2204, #2515, #1695 ) ) ;
#2894 = DIRECTION ( 'NONE',  ( 0.000000000000000000, -0.9977851578566068191, 0.06651901052380540524 ) ) ;
#2895 = CARTESIAN_POINT ( 'NONE',  ( 0.06692913385826908257, 0.09842519685038622623, 0.001968503937007873988 ) ) ;
#2896 = LINE ( 'NONE', #1050, #730 ) ;
#2897 = ORIENTED_EDGE ( 'NONE', *, *, #3704, .F. ) ;
#2898 = VECTOR ( 'NONE', #639, 39.37007874015748143 ) ;
#2899 = LINE ( 'NONE', #2486, #614 ) ;
#2900 = EDGE_CURVE ( 'NONE', #561, #1130, #428, .T. ) ;
#2901 = LINE ( 'NONE', #133, #2767 ) ;
#2902 = LINE ( 'NONE', #2923, #784 ) ;
#2903 = VECTOR ( 'NONE', #2572, 39.37007874015748143 ) ;
#2904 = ORIENTED_EDGE ( 'NONE', *, *, #3398, .T. ) ;
#2905 = VECTOR ( 'NONE', #3477, 39.37007874015748143 ) ;
#2906 = EDGE_CURVE ( 'NONE', #3584, #1773, #3806, .T. ) ;
#2907 = FACE_OUTER_BOUND ( 'NONE', #2494, .T. ) ;
#2908 = ORIENTED_EDGE ( 'NONE', *, *, #362, .F. ) ;
#2909 = VECTOR ( 'NONE', #3257, 39.37007874015748143 ) ;
#2910 = DIRECTION ( 'NONE',  ( 0.000000000000000000, 0.000000000000000000, 1.000000000000000000 ) ) ;
#2911 = ADVANCED_FACE ( 'NONE', ( #2889 ), #3832, .T. ) ;
#2912 = VECTOR ( 'NONE', #3073, 39.37007874015748143 ) ;
#2913 = FACE_OUTER_BOUND ( 'NONE', #2965, .T. ) ;
#2914 = DIRECTION ( 'NONE',  ( 1.000000000000000000, 0.000000000000000000, 0.000000000000000000 ) ) ;
#2915 = SURFACE_STYLE_USAGE ( .BOTH. , #3452 ) ;
#2916 = ORIENTED_EDGE ( 'NONE', *, *, #671, .T. ) ;
#2917 = DIRECTION ( 'NONE',  ( 0.000000000000000000, 0.000000000000000000, -1.000000000000000000 ) ) ;
#2918 = DIRECTION ( 'NONE',  ( -1.000000000000000000, 0.000000000000000000, 0.000000000000000000 ) ) ;
#2919 = AXIS2_PLACEMENT_3D ( 'NONE', #2401, #563, #1215 ) ;
#2920 = FACE_BOUND ( 'NONE', #641, .T. ) ;
#2921 = VERTEX_POINT ( 'NONE', #758 ) ;
#2922 = CARTESIAN_POINT ( 'NONE',  ( 0.1692913385826848582, 0.000000000000000000, 0.1614173228346456879 ) ) ;
#2923 = CARTESIAN_POINT ( 'NONE',  ( -0.1692913385826771699, -0.01181102362204812864, 0.01574803149606321048 ) ) ;
#2924 = EDGE_CURVE ( 'NONE', #2866, #2606, #142, .T. ) ;
#2925 = ORIENTED_EDGE ( 'NONE', *, *, #1628, .T. ) ;
#2926 = CARTESIAN_POINT ( 'NONE',  ( 0.2342519685039417543, -0.1292548965242285575, 0.1039873316629773697 ) ) ;
#2927 = EDGE_CURVE ( 'NONE', #3976, #2376, #3191, .T. ) ;
#2928 = ORIENTED_EDGE ( 'NONE', *, *, #554, .T. ) ;
#2929 = DIRECTION ( 'NONE',  ( -0.7071067811863520625, 0.000000000000000000, 0.7071067811867429720 ) ) ;
#2930 = CARTESIAN_POINT ( 'NONE',  ( -0.1114173228346413413, 0.03543307086613346757, 0.2885826771653425271 ) ) ;
#2931 = CARTESIAN_POINT ( 'NONE',  ( 0.1377952755905535454, 0.000000000000000000, 0.1614173228346456879 ) ) ;
#2932 = CARTESIAN_POINT ( 'NONE',  ( -0.2382752915138417471, 0.1531554743684699349, 0.01172470848600559723 ) ) ;
#2933 = EDGE_CURVE ( 'NONE', #1286, #259, #2453, .T. ) ;
#2934 = ORIENTED_EDGE ( 'NONE', *, *, #3823, .F. ) ;
#2935 = DIRECTION ( 'NONE',  ( -6.083413833562519279E-14, 1.000000000000000000, -5.648114897563720480E-30 ) ) ;
#2936 = LINE ( 'NONE', #2690, #528 ) ;
#2937 = CARTESIAN_POINT ( 'NONE',  ( 0.1496062992126082625, -0.02362204724409515746, 0.1771653543307086798 ) ) ;
#2938 = EDGE_LOOP ( 'NONE', ( #442, #1896, #1316, #695, #3719, #3636, #20, #57, #2391, #952, #963, #3501, #2698, #3588, #1980, #3349, #2156, #530, #606, #3950, #3574, #3801, #3904, #625 ) ) ;
#2939 = VERTEX_POINT ( 'NONE', #1847 ) ;
#2940 = DIRECTION ( 'NONE',  ( -1.000000000000000000, 0.000000000000000000, 0.000000000000000000 ) ) ;
#2941 = LINE ( 'NONE', #441, #1932 ) ;
#2942 = ORIENTED_EDGE ( 'NONE', *, *, #716, .F. ) ;
#2943 = CARTESIAN_POINT ( 'NONE',  ( -0.2401574803149515991, -0.09055118110236221041, 0.06496062992125786750 ) ) ;
#2944 = ORIENTED_EDGE ( 'NONE', *, *, #1375, .T. ) ;
#2945 = DIRECTION ( 'NONE',  ( 0.000000000000000000, 0.000000000000000000, 1.000000000000000000 ) ) ;
#2946 = EDGE_CURVE ( 'NONE', #313, #3566, #3890, .T. ) ;
#2947 = DIRECTION ( 'NONE',  ( 0.000000000000000000, -1.000000000000000000, 0.000000000000000000 ) ) ;
#2948 = DIRECTION ( 'NONE',  ( 0.000000000000000000, 0.000000000000000000, -1.000000000000000000 ) ) ;
#2949 = DIRECTION ( 'NONE',  ( 1.000000000000000000, 0.000000000000000000, -9.284449574024968172E-17 ) ) ;
#2950 = ORIENTED_EDGE ( 'NONE', *, *, #1061, .F. ) ;
#2951 = CARTESIAN_POINT ( 'NONE',  ( -0.2322834645669208664, -5.132990351233639004, 0.1742125984251968462 ) ) ;
#2952 = EDGE_CURVE ( 'NONE', #2049, #3320, #2738, .T. ) ;
#2953 = DIRECTION ( 'NONE',  ( 0.000000000000000000, -1.000000000000000000, 0.000000000000000000 ) ) ;
#2954 = CARTESIAN_POINT ( 'NONE',  ( 0.1377952755905535454, -0.01181102362204812864, 0.01574803149606321048 ) ) ;
#2955 = EDGE_LOOP ( 'NONE', ( #1350, #1746, #1046, #1846 ) ) ;
#2956 = ORIENTED_EDGE ( 'NONE', *, *, #383, .F. ) ;
#2957 = VECTOR ( 'NONE', #812, 39.37007874015748854 ) ;
#2958 = EDGE_CURVE ( 'NONE', #2973, #2399, #6, .T. ) ;
#2959 = CARTESIAN_POINT ( 'NONE',  ( 0.1476377952755960621, 0.000000000000000000, 0.08267716535433072833 ) ) ;
#2960 = DIRECTION ( 'NONE',  ( -1.000000000000000000, 0.000000000000000000, 0.000000000000000000 ) ) ;
#2961 = VECTOR ( 'NONE', #1723, 39.37007874015748143 ) ;
#2962 = ORIENTED_EDGE ( 'NONE', *, *, #2739, .T. ) ;
#2963 = DIRECTION ( 'NONE',  ( 0.000000000000000000, 1.000000000000000000, 0.000000000000000000 ) ) ;
#2964 = VECTOR ( 'NONE', #2890, 39.37007874015748143 ) ;
#2965 = EDGE_LOOP ( 'NONE', ( #3187, #3878, #837, #1384 ) ) ;
#2966 = VECTOR ( 'NONE', #3443, 39.37007874015748143 ) ;
#2967 = CYLINDRICAL_SURFACE ( 'NONE', #3897, 0.009842519685042657243 ) ;
#2968 = DIRECTION ( 'NONE',  ( 0.000000000000000000, 0.000000000000000000, 1.000000000000000000 ) ) ;
#2969 = CIRCLE ( 'NONE', #2713, 0.01181102362204592728 ) ;
#2970 = PLANE ( 'NONE',  #2329 ) ;
#2971 = DIRECTION ( 'NONE',  ( 0.000000000000000000, 0.000000000000000000, 1.000000000000000000 ) ) ;
#2972 = ADVANCED_FACE ( 'NONE', ( #3016 ), #2411, .F. ) ;
#2973 = VERTEX_POINT ( 'NONE', #3040 ) ;
#2974 = VECTOR ( 'NONE', #2283, 39.37007874015748143 ) ;
#2975 = DIRECTION ( 'NONE',  ( 0.000000000000000000, 0.000000000000000000, 1.000000000000000000 ) ) ;
#2976 = DIRECTION ( 'NONE',  ( 9.284449574024968172E-17, 0.000000000000000000, -1.000000000000000000 ) ) ;
#2977 = LINE ( 'NONE', #1744, #3616 ) ;
#2978 = ORIENTED_EDGE ( 'NONE', *, *, #2484, .T. ) ;
#2979 = AXIS2_PLACEMENT_3D ( 'NONE', #1144, #3620, #1779 ) ;
#2980 = ADVANCED_FACE ( 'NONE', ( #3332 ), #3078, .F. ) ;
#2981 = VERTEX_POINT ( 'NONE', #2392 ) ;
#2982 = AXIS2_PLACEMENT_3D ( 'NONE', #2080, #3676, #2727 ) ;
#2983 = DIRECTION ( 'NONE',  ( 0.000000000000000000, 1.000000000000000000, 0.000000000000000000 ) ) ;
#2984 = LINE ( 'NONE', #968, #2380 ) ;
#2985 = ADVANCED_FACE ( 'NONE', ( #3648 ), #2477, .F. ) ;
#2986 = ORIENTED_EDGE ( 'NONE', *, *, #3805, .T. ) ;
#2987 = EDGE_LOOP ( 'NONE', ( #608, #322, #1172, #855 ) ) ;
#2988 = ORIENTED_EDGE ( 'NONE', *, *, #154, .F. ) ;
#2989 = CARTESIAN_POINT ( 'NONE',  ( -0.2342519685039330668, 0.1535433070866141780, -0.02952755905511811330 ) ) ;
#2990 = CARTESIAN_POINT ( 'NONE',  ( 0.1692913385826848582, -0.01181102362204812864, 2.048885995248196921E-16 ) ) ;
#2991 = EDGE_LOOP ( 'NONE', ( #683, #3645, #1609, #3922 ) ) ;
#2992 = DIRECTION ( 'NONE',  ( 0.000000000000000000, 0.9977851578566068191, -0.06651901052380540524 ) ) ;
#2993 = CARTESIAN_POINT ( 'NONE',  ( -0.2322834645669208664, 0.03149606299211815674, 0.1742125984251968462 ) ) ;
#2994 = LINE ( 'NONE', #3037, #2647 ) ;
#2995 = EDGE_CURVE ( 'NONE', #2866, #3442, #2719, .T. ) ;
#2996 = ORIENTED_EDGE ( 'NONE', *, *, #996, .T. ) ;
#2997 = ORIENTED_EDGE ( 'NONE', *, *, #2365, .T. ) ;
#2998 = CARTESIAN_POINT ( 'NONE',  ( -0.2440944881889669238, 0.1535433070866141780, 0.1771653543307086798 ) ) ;
#2999 = FACE_OUTER_BOUND ( 'NONE', #2824, .T. ) ;
#3000 = CARTESIAN_POINT ( 'NONE',  ( -0.1200787401574714419, 0.1181102362204649731, 0.1614173228346456879 ) ) ;
#3001 = EDGE_CURVE ( 'NONE', #828, #259, #3712, .T. ) ;
#3002 = ORIENTED_EDGE ( 'NONE', *, *, #2900, .T. ) ;
#3003 = ADVANCED_FACE ( 'NONE', ( #3628 ), #868, .F. ) ;
#3004 = VERTEX_POINT ( 'NONE', #3397 ) ;
#3005 = VERTEX_POINT ( 'NONE', #1250 ) ;
#3006 = PLANE ( 'NONE',  #1180 ) ;
#3007 = EDGE_CURVE ( 'NONE', #501, #1863, #2092, .T. ) ;
#3008 = CARTESIAN_POINT ( 'NONE',  ( 0.2342519685039417543, 0.000000000000000000, 0.1673228346456692994 ) ) ;
#3009 = ORIENTED_EDGE ( 'NONE', *, *, #214, .F. ) ;
#3010 = LINE ( 'NONE', #1160, #3693 ) ;
#3011 = CARTESIAN_POINT ( 'NONE',  ( 0.1377952755905535454, -7.649174382259940956E-15, 0.1742125984251968462 ) ) ;
#3012 = DIRECTION ( 'NONE',  ( 0.000000000000000000, 0.000000000000000000, 1.000000000000000000 ) ) ;
#3013 = LINE ( 'NONE', #2105, #3751 ) ;
#3014 = VERTEX_POINT ( 'NONE', #3379 ) ;
#3015 = ORIENTED_EDGE ( 'NONE', *, *, #324, .F. ) ;
#3016 = FACE_OUTER_BOUND ( 'NONE', #1667, .T. ) ;
#3017 = CARTESIAN_POINT ( 'NONE',  ( 0.2401574803149693349, -0.1292548965242285575, 0.1039873316629773697 ) ) ;
#3018 = LINE ( 'NONE', #3926, #1742 ) ;
#3019 = ORIENTED_EDGE ( 'NONE', *, *, #2933, .T. ) ;
#3020 = EDGE_CURVE ( 'NONE', #211, #1195, #1785, .T. ) ;
#3021 = CYLINDRICAL_SURFACE ( 'NONE', #1107, 0.01181102362204594289 ) ;
#3022 = VECTOR ( 'NONE', #636, 39.37007874015748143 ) ;
#3023 = ORIENTED_EDGE ( 'NONE', *, *, #3194, .F. ) ;
#3024 = ORIENTED_EDGE ( 'NONE', *, *, #3464, .T. ) ;
#3025 = ADVANCED_FACE ( 'NONE', ( #635 ), #1189, .T. ) ;
#3026 = DIRECTION ( 'NONE',  ( 0.000000000000000000, 0.000000000000000000, -1.000000000000000000 ) ) ;
#3027 = VECTOR ( 'NONE', #630, 39.37007874015748143 ) ;
#3028 = VERTEX_POINT ( 'NONE', #3985 ) ;
#3029 = AXIS2_PLACEMENT_3D ( 'NONE', #2198, #3778, #2482 ) ;
#3030 = VECTOR ( 'NONE', #2564, 39.37007874015748143 ) ;
#3031 = EDGE_CURVE ( 'NONE', #3597, #2359, #1689, .T. ) ;
#3032 = ORIENTED_EDGE ( 'NONE', *, *, #3245, .T. ) ;
#3033 = PLANE ( 'NONE',  #3232 ) ;
#3034 = DIRECTION ( 'NONE',  ( 1.000000000000000000, 0.000000000000000000, 0.000000000000000000 ) ) ;
#3035 = VECTOR ( 'NONE', #1220, 39.37007874015748143 ) ;
#3036 = LINE ( 'NONE', #24, #3947 ) ;
#3037 = CARTESIAN_POINT ( 'NONE',  ( 0.2401574803149693349, 0.000000000000000000, 0.009842519685039369942 ) ) ;
#3038 = EDGE_LOOP ( 'NONE', ( #1532, #2217, #2640, #355 ) ) ;
#3039 = ORIENTED_EDGE ( 'NONE', *, *, #3702, .F. ) ;
#3040 = CARTESIAN_POINT ( 'NONE',  ( -0.2322834645669208664, -7.649174382259940956E-15, 0.1742125984251968462 ) ) ;
#3041 = CARTESIAN_POINT ( 'NONE',  ( -0.06574803149605669417, -0.2795275590551268285, 0.2822834645669291542 ) ) ;
#3042 = VECTOR ( 'NONE', #308, 39.37007874015748143 ) ;
#3043 = LINE ( 'NONE', #2679, #598 ) ;
#3044 = ORIENTED_EDGE ( 'NONE', *, *, #1770, .F. ) ;
#3045 = VECTOR ( 'NONE', #1455, 39.37007874015748143 ) ;
#3046 = LINE ( 'NONE', #3671, #212 ) ;
#3047 = ORIENTED_EDGE ( 'NONE', *, *, #1015, .F. ) ;
#3048 = EDGE_CURVE ( 'NONE', #1398, #2554, #904, .T. ) ;
#3049 = EDGE_LOOP ( 'NONE', ( #3695, #1828, #65, #3784 ) ) ;
#3050 = PLANE ( 'NONE',  #2077 ) ;
#3051 = ORIENTED_EDGE ( 'NONE', *, *, #1649, .F. ) ;
#3052 = ADVANCED_FACE ( 'NONE', ( #2780 ), #2173, .F. ) ;
#3053 = ORIENTED_EDGE ( 'NONE', *, *, #331, .F. ) ;
#3054 = CARTESIAN_POINT ( 'NONE',  ( -0.1673228346456639704, -0.1437007874015747977, 0.08267716535433072833 ) ) ;
#3055 = FACE_OUTER_BOUND ( 'NONE', #2035, .T. ) ;
#3056 = CARTESIAN_POINT ( 'NONE',  ( -0.2342519685039330668, 0.1535433070866141780, 0.1614173228346456879 ) ) ;
#3057 = PLANE ( 'NONE',  #602 ) ;
#3058 = EDGE_CURVE ( 'NONE', #3974, #249, #3731, .T. ) ;
#3059 = VERTEX_POINT ( 'NONE', #1571 ) ;
#3060 = ORIENTED_EDGE ( 'NONE', *, *, #3079, .F. ) ;
#3061 = DIRECTION ( 'NONE',  ( 1.000000000000000000, 0.000000000000000000, -9.284449574024968172E-17 ) ) ;
#3062 = LINE ( 'NONE', #1849, #3340 ) ;
#3063 = DIRECTION ( 'NONE',  ( -1.000000000000000000, 0.000000000000000000, 0.000000000000000000 ) ) ;
#3064 = ORIENTED_EDGE ( 'NONE', *, *, #488, .F. ) ;
#3065 = CARTESIAN_POINT ( 'NONE',  ( -0.1692913385826771699, -0.02362204724409515746, 2.048885995248196921E-16 ) ) ;
#3066 = VERTEX_POINT ( 'NONE', #2516 ) ;
#3067 = ORIENTED_EDGE ( 'NONE', *, *, #238, .F. ) ;
#3068 = LINE ( 'NONE', #1897, #3699 ) ;
#3069 = ORIENTED_EDGE ( 'NONE', *, *, #3181, .T. ) ;
#3070 = ORIENTED_EDGE ( 'NONE', *, *, #9, .T. ) ;
#3071 = CARTESIAN_POINT ( 'NONE',  ( 0.2500000000000031641, -0.03149606299212689281, 0.05708661417322834220 ) ) ;
#3072 = EDGE_CURVE ( 'NONE', #2538, #1268, #2270, .T. ) ;
#3073 = DIRECTION ( 'NONE',  ( 0.000000000000000000, 0.000000000000000000, -1.000000000000000000 ) ) ;
#3074 = DIRECTION ( 'NONE',  ( 0.000000000000000000, 1.000000000000000000, 0.000000000000000000 ) ) ;
#3075 = DIRECTION ( 'NONE',  ( -0.7071067811863520625, 0.000000000000000000, 0.7071067811867429720 ) ) ;
#3076 = ORIENTED_EDGE ( 'NONE', *, *, #3571, .F. ) ;
#3077 = VERTEX_POINT ( 'NONE', #3497 ) ;
#3078 = PLANE ( 'NONE',  #1239 ) ;
#3079 = EDGE_CURVE ( 'NONE', #1214, #3388, #31, .T. ) ;
#3080 = DIRECTION ( 'NONE',  ( -0.7071067811867890462, 0.000000000000000000, -0.7071067811863059882 ) ) ;
#3081 = LINE ( 'NONE', #637, #3613 ) ;
#3082 = ORIENTED_EDGE ( 'NONE', *, *, #2709, .F. ) ;
#3083 = EDGE_CURVE ( 'NONE', #2419, #263, #392, .T. ) ;
#3084 = LINE ( 'NONE', #340, #1163 ) ;
#3085 = CARTESIAN_POINT ( 'NONE',  ( 0.09055118110236969053, 0.09842519685038622623, 0.01574803149606299191 ) ) ;
#3086 = VECTOR ( 'NONE', #1226, 39.37007874015748143 ) ;
#3087 = ORIENTED_EDGE ( 'NONE', *, *, #3298, .T. ) ;
#3088 = ORIENTED_EDGE ( 'NONE', *, *, #3697, .T. ) ;
#3089 = CARTESIAN_POINT ( 'NONE',  ( 0.2500000000000031641, -0.09055118110236221041, 0.1122047244094507845 ) ) ;
#3090 = PLANE ( 'NONE',  #3229 ) ;
#3091 = CARTESIAN_POINT ( 'NONE',  ( 0.2342519685039417543, 0.1377952755905437199, 0.1673228346456692994 ) ) ;
#3092 = VECTOR ( 'NONE', #2817, 39.37007874015748143 ) ;
#3093 = CARTESIAN_POINT ( 'NONE',  ( -0.07874015748030631368, 0.03543307086613346757, 0.2952755905511755818 ) ) ;
#3094 =( GEOMETRIC_REPRESENTATION_CONTEXT ( 3 ) GLOBAL_UNCERTAINTY_ASSIGNED_CONTEXT ( ( #1079 ) ) GLOBAL_UNIT_ASSIGNED_CONTEXT ( ( #145, #2243, #170 ) ) REPRESENTATION_CONTEXT ( 'NONE', 'WORKASPACE' ) );
#3095 = ORIENTED_EDGE ( 'NONE', *, *, #3856, .T. ) ;
#3096 = EDGE_CURVE ( 'NONE', #633, #3903, #3438, .T. ) ;
#3097 = EDGE_LOOP ( 'NONE', ( #3395, #824, #3514, #1276, #919 ) ) ;
#3098 = VECTOR ( 'NONE', #793, 39.37007874015748143 ) ;
#3099 = LINE ( 'NONE', #2189, #2596 ) ;
#3100 = CARTESIAN_POINT ( 'NONE',  ( -0.09055118110236103079, 0.05118110236219685499, 0.01574803149606299191 ) ) ;
#3101 = CARTESIAN_POINT ( 'NONE',  ( 0.09055118110236969053, 0.05118110236219685499, 0.01574803149606299191 ) ) ;
#3102 = VECTOR ( 'NONE', #430, 39.37007874015748143 ) ;
#3103 = ADVANCED_FACE ( 'NONE', ( #358 ), #1023, .T. ) ;
#3104 = VERTEX_POINT ( 'NONE', #2539 ) ;
#3105 = AXIS2_PLACEMENT_3D ( 'NONE', #2240, #1599, #3117 ) ;
#3106 = PLANE ( 'NONE',  #2130 ) ;
#3107 = CARTESIAN_POINT ( 'NONE',  ( -0.1476377952755874023, -0.1437007874015747977, 0.1771653543307086798 ) ) ;
#3108 = EDGE_CURVE ( 'NONE', #3966, #2559, #692, .T. ) ;
#3109 = AXIS2_PLACEMENT_3D ( 'NONE', #3196, #2024, #1722 ) ;
#3110 = ORIENTED_EDGE ( 'NONE', *, *, #1958, .F. ) ;
#3111 = CARTESIAN_POINT ( 'NONE',  ( -0.1377952755905446913, 0.03149606299211815674, 0.1742125984251968462 ) ) ;
#3112 = AXIS2_PLACEMENT_3D ( 'NONE', #445, #1701, #3190 ) ;
#3113 = ORIENTED_EDGE ( 'NONE', *, *, #575, .F. ) ;
#3114 =( GEOMETRIC_REPRESENTATION_CONTEXT ( 3 ) GLOBAL_UNCERTAINTY_ASSIGNED_CONTEXT ( ( #3971 ) ) GLOBAL_UNIT_ASSIGNED_CONTEXT ( ( #1534, #642, #3629 ) ) REPRESENTATION_CONTEXT ( 'NONE', 'WORKASPACE' ) );
#3115 = ORIENTED_EDGE ( 'NONE', *, *, #3462, .T. ) ;
#3116 = LINE ( 'NONE', #1582, #98 ) ;
#3117 = DIRECTION ( 'NONE',  ( 0.000000000000000000, 0.000000000000000000, 1.000000000000000000 ) ) ;
#3118 = LINE ( 'NONE', #3328, #1355 ) ;
#3119 = DIRECTION ( 'NONE',  ( 0.000000000000000000, 0.000000000000000000, 1.000000000000000000 ) ) ;
#3120 = ORIENTED_EDGE ( 'NONE', *, *, #2657, .T. ) ;
#3121 = ORIENTED_EDGE ( 'NONE', *, *, #1942, .T. ) ;
#3122 = DIRECTION ( 'NONE',  ( 0.000000000000000000, 0.000000000000000000, -1.000000000000000000 ) ) ;
#3123 = CARTESIAN_POINT ( 'NONE',  ( 0.009842519685042657243, 0.000000000000000000, 0.08267716535433072833 ) ) ;
#3124 = LINE ( 'NONE', #677, #471 ) ;
#3125 = ORIENTED_EDGE ( 'NONE', *, *, #3877, .T. ) ;
#3126 = EDGE_CURVE ( 'NONE', #3423, #643, #989, .T. ) ;
#3127 = CARTESIAN_POINT ( 'NONE',  ( -0.06692913385826043671, 0.05118110236219685499, 0.01574803149606299191 ) ) ;
#3128 = EDGE_LOOP ( 'NONE', ( #1876, #1581, #2835, #735, #3184, #3070 ) ) ;
#3129 = LENGTH_MEASURE_WITH_UNIT ( LENGTH_MEASURE( 0.02539999999999999897 ), #753 );
#3130 = EDGE_CURVE ( 'NONE', #972, #223, #3099, .T. ) ;
#3131 = EDGE_LOOP ( 'NONE', ( #1411, #2227, #1424, #656 ) ) ;
#3132 = DIRECTION ( 'NONE',  ( -1.000000000000000000, 0.000000000000000000, 0.000000000000000000 ) ) ;
#3133 = EDGE_CURVE ( 'NONE', #2496, #3876, #1270, .T. ) ;
#3134 = DIRECTION ( 'NONE',  ( 0.000000000000000000, -0.9977851578566068191, 0.06651901052380539137 ) ) ;
#3135 = FACE_OUTER_BOUND ( 'NONE', #2991, .T. ) ;
#3136 = DIRECTION ( 'NONE',  ( 0.000000000000000000, 0.000000000000000000, 1.000000000000000000 ) ) ;
#3137 = VERTEX_POINT ( 'NONE', #2497 ) ;
#3138 = ORIENTED_EDGE ( 'NONE', *, *, #1989, .T. ) ;
#3139 = CARTESIAN_POINT ( 'NONE',  ( -0.2342519685039330668, 0.000000000000000000, 0.1673228346456692994 ) ) ;
#3140 = DIRECTION ( 'NONE',  ( 0.000000000000000000, -1.000000000000000000, 0.000000000000000000 ) ) ;
#3141 = FACE_OUTER_BOUND ( 'NONE', #3325, .T. ) ;
#3142 = ORIENTED_EDGE ( 'NONE', *, *, #938, .F. ) ;
#3143 = DIRECTION ( 'NONE',  ( 0.000000000000000000, 0.000000000000000000, -1.000000000000000000 ) ) ;
#3144 = EDGE_CURVE ( 'NONE', #3527, #756, #1906, .T. ) ;
#3145 = EDGE_LOOP ( 'NONE', ( #3730, #3688, #3002, #570 ) ) ;
#3146 = ORIENTED_EDGE ( 'NONE', *, *, #115, .F. ) ;
#3147 = EDGE_CURVE ( 'NONE', #2729, #28, #3827, .T. ) ;
#3148 = CARTESIAN_POINT ( 'NONE',  ( 0.1101181102362267794, 0.03149606299211815674, 0.08661417322834646937 ) ) ;
#3149 = VECTOR ( 'NONE', #3458, 39.37007874015748143 ) ;
#3150 = CARTESIAN_POINT ( 'NONE',  ( 0.1476377952755960621, -0.1437007874015747977, 0.1771653543307086798 ) ) ;
#3151 = CARTESIAN_POINT ( 'NONE',  ( -0.2499999999999945044, -0.1292548965242285575, 0.07317802266773131004 ) ) ;
#3152 = LINE ( 'NONE', #2571, #281 ) ;
#3153 = LINE ( 'NONE', #2553, #1930 ) ;
#3154 = AXIS2_PLACEMENT_3D ( 'NONE', #2307, #2877, #732 ) ;
#3155 = EDGE_CURVE ( 'NONE', #691, #2921, #1324, .T. ) ;
#3156 = ORIENTED_EDGE ( 'NONE', *, *, #135, .F. ) ;
#3157 = DIRECTION ( 'NONE',  ( 0.000000000000000000, 0.000000000000000000, 1.000000000000000000 ) ) ;
#3158 = AXIS2_PLACEMENT_3D ( 'NONE', #1539, #2773, #1859 ) ;
#3159 = FACE_OUTER_BOUND ( 'NONE', #53, .T. ) ;
#3160 = DIRECTION ( 'NONE',  ( 1.000000000000000000, 0.000000000000000000, 0.000000000000000000 ) ) ;
#3161 = VECTOR ( 'NONE', #3714, 39.37007874015748143 ) ;
#3162 = VERTEX_POINT ( 'NONE', #1005 ) ;
#3163 = CARTESIAN_POINT ( 'NONE',  ( 0.1101181102362267794, 0.07086614173227559488, 0.01574803149606299191 ) ) ;
#3164 = VECTOR ( 'NONE', #3469, 39.37007874015748143 ) ;
#3165 = LINE ( 'NONE', #3107, #2898 ) ;
#3166 = ORIENTED_EDGE ( 'NONE', *, *, #1622, .T. ) ;
#3167 = AXIS2_PLACEMENT_3D ( 'NONE', #1480, #1161, #3034 ) ;
#3168 = CARTESIAN_POINT ( 'NONE',  ( -0.06692913385826043671, 0.05118110236219685499, 0.001968503937007873988 ) ) ;
#3169 = AXIS2_PLACEMENT_3D ( 'NONE', #189, #451, #1399 ) ;
#3170 = ORIENTED_EDGE ( 'NONE', *, *, #241, .F. ) ;
#3171 = ORIENTED_EDGE ( 'NONE', *, *, #1958, .T. ) ;
#3172 = AXIS2_PLACEMENT_3D ( 'NONE', #426, #1639, #120 ) ;
#3173 = CYLINDRICAL_SURFACE ( 'NONE', #3172, 0.01181102362204594289 ) ;
#3174 = CARTESIAN_POINT ( 'NONE',  ( 0.06692913385826908257, 0.09842519685038622623, 0.01574803149606299191 ) ) ;
#3175 = EDGE_CURVE ( 'NONE', #2538, #2496, #731, .T. ) ;
#3176 = DIRECTION ( 'NONE',  ( 1.000000000000000000, 0.000000000000000000, 0.000000000000000000 ) ) ;
#3177 = DIRECTION ( 'NONE',  ( 0.000000000000000000, 1.000000000000000000, 0.000000000000000000 ) ) ;
#3178 = LINE ( 'NONE', #3809, #781 ) ;
#3179 = ORIENTED_EDGE ( 'NONE', *, *, #581, .F. ) ;
#3180 = FACE_OUTER_BOUND ( 'NONE', #712, .T. ) ;
#3181 = EDGE_CURVE ( 'NONE', #3457, #1403, #674, .T. ) ;
#3182 = DIRECTION ( 'NONE',  ( 0.000000000000000000, 0.000000000000000000, 1.000000000000000000 ) ) ;
#3183 = CARTESIAN_POINT ( 'NONE',  ( -0.1476377952755874023, -0.1437007874015747977, 0.09448818897637795144 ) ) ;
#3184 = ORIENTED_EDGE ( 'NONE', *, *, #1526, .T. ) ;
#3185 = LINE ( 'NONE', #2882, #3869 ) ;
#3186 = CARTESIAN_POINT ( 'NONE',  ( 0.1496062992126082625, -0.01181102362204812864, 0.000000000000000000 ) ) ;
#3187 = ORIENTED_EDGE ( 'NONE', *, *, #3870, .F. ) ;
#3188 = PLANE ( 'NONE',  #3212 ) ;
#3189 = ORIENTED_EDGE ( 'NONE', *, *, #1394, .F. ) ;
#3190 = DIRECTION ( 'NONE',  ( -1.000000000000000000, 0.000000000000000000, 0.000000000000000000 ) ) ;
#3191 = LINE ( 'NONE', #446, #478 ) ;
#3192 = DIRECTION ( 'NONE',  ( -1.000000000000000000, 0.000000000000000000, 0.000000000000000000 ) ) ;
#3193 = CARTESIAN_POINT ( 'NONE',  ( -0.1574803149606212593, 0.1377952755905437199, 0.1614173228346456879 ) ) ;
#3194 = EDGE_CURVE ( 'NONE', #3005, #3994, #3812, .T. ) ;
#3195 = ORIENTED_EDGE ( 'NONE', *, *, #3387, .T. ) ;
#3196 = CARTESIAN_POINT ( 'NONE',  ( -67.36615085194036112, -5.132990351233639004, 0.01574803149606299191 ) ) ;
#3197 = CARTESIAN_POINT ( 'NONE',  ( -0.009842519685033917706, -0.1437007874015747977, 0.08267716535433072833 ) ) ;
#3198 = DIRECTION ( 'NONE',  ( 0.000000000000000000, 0.000000000000000000, 1.000000000000000000 ) ) ;
#3199 = ADVANCED_FACE ( 'NONE', ( #3180 ), #2555, .F. ) ;
#3200 = VERTEX_POINT ( 'NONE', #3535 ) ;
#3201 = CARTESIAN_POINT ( 'NONE',  ( -0.1047244094488143790, -0.2795275590551268285, 0.2952755905511661449 ) ) ;
#3202 = DIRECTION ( 'NONE',  ( 1.000000000000000000, 0.000000000000000000, 0.000000000000000000 ) ) ;
#3203 = PLANE ( 'NONE',  #2385 ) ;
#3204 = EDGE_CURVE ( 'NONE', #1838, #1004, #1686, .T. ) ;
#3205 = ORIENTED_EDGE ( 'NONE', *, *, #3427, .F. ) ;
#3206 = DIRECTION ( 'NONE',  ( 0.000000000000000000, 1.000000000000000000, 0.000000000000000000 ) ) ;
#3207 = EDGE_LOOP ( 'NONE', ( #1535, #374, #3302, #516, #1931, #2777, #621, #2041 ) ) ;
#3208 = LINE ( 'NONE', #1080, #1948 ) ;
#3209 = DIRECTION ( 'NONE',  ( 0.000000000000000000, 0.9781955605990342306, 0.2076859292882911046 ) ) ;
#3210 = CARTESIAN_POINT ( 'NONE',  ( 0.06692913385826908257, 0.07086614173227559488, 0.08661417322834646937 ) ) ;
#3211 = DIRECTION ( 'NONE',  ( 0.000000000000000000, 0.000000000000000000, -1.000000000000000000 ) ) ;
#3212 = AXIS2_PLACEMENT_3D ( 'NONE', #2943, #3506, #3485 ) ;
#3213 = ORIENTED_EDGE ( 'NONE', *, *, #3934, .T. ) ;
#3214 = CARTESIAN_POINT ( 'NONE',  ( 0.1476377952755960621, -0.1437007874015747977, 0.08267716535433072833 ) ) ;
#3215 = LINE ( 'NONE', #3857, #2442 ) ;
#3216 = VECTOR ( 'NONE', #2413, 39.37007874015748143 ) ;
#3217 = LINE ( 'NONE', #1402, #789 ) ;
#3218 = ADVANCED_FACE ( 'NONE', ( #3238 ), #3561, .T. ) ;
#3219 = EDGE_LOOP ( 'NONE', ( #74, #2328, #1592, #2320 ) ) ;
#3220 = VECTOR ( 'NONE', #3717, 39.37007874015748143 ) ;
#3221 = DIRECTION ( 'NONE',  ( -1.000000000000000000, 0.000000000000000000, 0.000000000000000000 ) ) ;
#3222 = DIRECTION ( 'NONE',  ( 0.000000000000000000, 0.000000000000000000, -1.000000000000000000 ) ) ;
#3223 = EDGE_CURVE ( 'NONE', #2682, #2577, #509, .T. ) ;
#3224 = VECTOR ( 'NONE', #3755, 39.37007874015748143 ) ;
#3225 = ORIENTED_EDGE ( 'NONE', *, *, #2216, .T. ) ;
#3226 = VECTOR ( 'NONE', #110, 39.37007874015748143 ) ;
#3227 = LINE ( 'NONE', #500, #3466 ) ;
#3228 = EDGE_CURVE ( 'NONE', #139, #600, #173, .T. ) ;
#3229 = AXIS2_PLACEMENT_3D ( 'NONE', #1824, #2772, #2384 ) ;
#3230 = ORIENTED_EDGE ( 'NONE', *, *, #3020, .T. ) ;
#3231 = LINE ( 'NONE', #757, #229 ) ;
#3232 = AXIS2_PLACEMENT_3D ( 'NONE', #921, #288, #1502 ) ;
#3233 = CARTESIAN_POINT ( 'NONE',  ( -0.1200787401574714419, 0.1181102362204649731, 0.1614173228346456879 ) ) ;
#3234 = DIRECTION ( 'NONE',  ( 1.000000000000000000, 0.000000000000000000, 0.000000000000000000 ) ) ;
#3235 = DIRECTION ( 'NONE',  ( 0.000000000000000000, 1.000000000000000000, 0.000000000000000000 ) ) ;
#3236 = CIRCLE ( 'NONE', #1498, 0.01181102362204594289 ) ;
#3237 = ORIENTED_EDGE ( 'NONE', *, *, #1453, .F. ) ;
#3238 = FACE_OUTER_BOUND ( 'NONE', #2199, .T. ) ;
#3239 = DIRECTION ( 'NONE',  ( 2.018587317500355117E-13, 1.000000000000000000, 0.000000000000000000 ) ) ;
#3240 = DIRECTION ( 'NONE',  ( -0.000000000000000000, 1.000000000000000000, 0.000000000000000000 ) ) ;
#3241 = ORIENTED_EDGE ( 'NONE', *, *, #3228, .T. ) ;
#3242 = CARTESIAN_POINT ( 'NONE',  ( -0.2499999999999945044, -0.09055118110236221041, 0.06496062992125747892 ) ) ;
#3243 = DIRECTION ( 'NONE',  ( 0.000000000000000000, 0.000000000000000000, 1.000000000000000000 ) ) ;
#3244 = ORIENTED_EDGE ( 'NONE', *, *, #161, .T. ) ;
#3245 = EDGE_CURVE ( 'NONE', #2939, #3378, #3919, .T. ) ;
#3246 = DIRECTION ( 'NONE',  ( -1.000000000000000000, 0.000000000000000000, 0.000000000000000000 ) ) ;
#3247 = VERTEX_POINT ( 'NONE', #2005 ) ;
#3248 = ADVANCED_FACE ( 'NONE', ( #493 ), #1068, .T. ) ;
#3249 = DIRECTION ( 'NONE',  ( 1.000000000000000000, 0.000000000000000000, 0.000000000000000000 ) ) ;
#3250 = CARTESIAN_POINT ( 'NONE',  ( 0.2244094488188976555, 0.1377952755905437199, 0.000000000000000000 ) ) ;
#3251 = LINE ( 'NONE', #2363, #982 ) ;
#3252 = LINE ( 'NONE', #3558, #1613 ) ;
#3253 = EDGE_CURVE ( 'NONE', #3580, #3607, #3255, .T. ) ;
#3254 = ORIENTED_EDGE ( 'NONE', *, *, #129, .T. ) ;
#3255 = LINE ( 'NONE', #1385, #857 ) ;
#3256 = FACE_OUTER_BOUND ( 'NONE', #1332, .T. ) ;
#3257 = DIRECTION ( 'NONE',  ( 0.000000000000000000, 0.000000000000000000, -1.000000000000000000 ) ) ;
#3258 = ORIENTED_EDGE ( 'NONE', *, *, #2437, .T. ) ;
#3259 = CARTESIAN_POINT ( 'NONE',  ( 0.2342519685039417543, 0.1535433070866061012, 0.01574803149606299191 ) ) ;
#3260 = CARTESIAN_POINT ( 'NONE',  ( -0.2499999999999945044, -0.1292548965242285575, 0.1039873316629773697 ) ) ;
#3261 = VERTEX_POINT ( 'NONE', #804 ) ;
#3262 = EDGE_CURVE ( 'NONE', #2973, #1060, #1707, .T. ) ;
#3263 = ORIENTED_EDGE ( 'NONE', *, *, #507, .T. ) ;
#3264 = CARTESIAN_POINT ( 'NONE',  ( 0.2382752915140022854, 0.1531554743684672149, 0.01172470848600503344 ) ) ;
#3265 = DIRECTION ( 'NONE',  ( -0.000000000000000000, 1.000000000000000000, 0.000000000000000000 ) ) ;
#3266 = ADVANCED_FACE ( 'NONE', ( #3855 ), #147, .F. ) ;
#3267 = CARTESIAN_POINT ( 'NONE',  ( -0.1200787401574714419, 0.03149606299211815674, 0.1771653543307086798 ) ) ;
#3268 = VERTEX_POINT ( 'NONE', #2289 ) ;
#3269 = CARTESIAN_POINT ( 'NONE',  ( -0.1200787401574714419, 0.1181102362204649731, 0.1614173228346456879 ) ) ;
#3270 = CARTESIAN_POINT ( 'NONE',  ( -0.2499999999999945044, -0.03149606299212689281, 0.1673228346456692994 ) ) ;
#3271 = DIRECTION ( 'NONE',  ( 1.000000000000000000, 0.000000000000000000, 0.000000000000000000 ) ) ;
#3272 = EDGE_CURVE ( 'NONE', #1838, #3612, #821, .T. ) ;
#3273 = ORIENTED_EDGE ( 'NONE', *, *, #2019, .T. ) ;
#3274 = EDGE_LOOP ( 'NONE', ( #1235, #1596, #125, #1783 ) ) ;
#3275 = VECTOR ( 'NONE', #1651, 39.37007874015748143 ) ;
#3276 = PLANE ( 'NONE',  #715 ) ;
#3277 = CARTESIAN_POINT ( 'NONE',  ( 0.1574803149606387731, -0.02362204724409515746, 0.1614173228346456879 ) ) ;
#3278 = VECTOR ( 'NONE', #2331, 39.37007874015748143 ) ;
#3279 = VERTEX_POINT ( 'NONE', #763 ) ;
#3280 = DIRECTION ( 'NONE',  ( 0.000000000000000000, 0.000000000000000000, -1.000000000000000000 ) ) ;
#3281 = AXIS2_PLACEMENT_3D ( 'NONE', #2436, #543, #504 ) ;
#3282 = VECTOR ( 'NONE', #2059, 39.37007874015748143 ) ;
#3283 = ORIENTED_EDGE ( 'NONE', *, *, #449, .T. ) ;
#3284 = VECTOR ( 'NONE', #3822, 39.37007874015748143 ) ;
#3285 = CARTESIAN_POINT ( 'NONE',  ( 0.2401574803149693349, -0.09055118110236221041, 0.06496062992125747892 ) ) ;
#3286 = PLANE ( 'NONE',  #3281 ) ;
#3287 = AXIS2_PLACEMENT_3D ( 'NONE', #1089, #3240, #3271 ) ;
#3288 = DIRECTION ( 'NONE',  ( 0.000000000000000000, 0.000000000000000000, -1.000000000000000000 ) ) ;
#3289 = PLANE ( 'NONE',  #3344 ) ;
#3290 = VERTEX_POINT ( 'NONE', #2042 ) ;
#3291 = FACE_OUTER_BOUND ( 'NONE', #1501, .T. ) ;
#3292 = EDGE_CURVE ( 'NONE', #369, #2070, #1964, .T. ) ;
#3293 = DIRECTION ( 'NONE',  ( 0.000000000000000000, 0.000000000000000000, -1.000000000000000000 ) ) ;
#3294 = DIRECTION ( 'NONE',  ( 0.000000000000000000, 0.000000000000000000, 1.000000000000000000 ) ) ;
#3295 = ORIENTED_EDGE ( 'NONE', *, *, #1666, .T. ) ;
#3296 = VECTOR ( 'NONE', #2894, 39.37007874015748143 ) ;
#3297 = ORIENTED_EDGE ( 'NONE', *, *, #1178, .F. ) ;
#3298 = EDGE_CURVE ( 'NONE', #1839, #3680, #1981, .T. ) ;
#3299 = VECTOR ( 'NONE', #3448, 39.37007874015748143 ) ;
#3300 = LINE ( 'NONE', #556, #3216 ) ;
#3301 = PLANE ( 'NONE',  #1361 ) ;
#3302 = ORIENTED_EDGE ( 'NONE', *, *, #1190, .F. ) ;
#3303 = CARTESIAN_POINT ( 'NONE',  ( -0.2342519685039330668, -0.03149606299212689281, 0.1082677165354330728 ) ) ;
#3304 = VERTEX_POINT ( 'NONE', #2652 ) ;
#3305 = CARTESIAN_POINT ( 'NONE',  ( 0.2342519685039417543, -0.1259842519685039353, 0.08858267716535433989 ) ) ;
#3306 = DIRECTION ( 'NONE',  ( 0.000000000000000000, 0.000000000000000000, 1.000000000000000000 ) ) ;
#3307 = ORIENTED_EDGE ( 'NONE', *, *, #3639, .T. ) ;
#3308 = FACE_OUTER_BOUND ( 'NONE', #286, .T. ) ;
#3309 = LINE ( 'NONE', #3351, #3756 ) ;
#3310 = PLANE ( 'NONE',  #1417 ) ;
#3311 = FACE_OUTER_BOUND ( 'NONE', #1797, .T. ) ;
#3312 = ORIENTED_EDGE ( 'NONE', *, *, #507, .F. ) ;
#3313 = ADVANCED_FACE ( 'NONE', ( #1663 ), #1443, .T. ) ;
#3314 = ORIENTED_EDGE ( 'NONE', *, *, #2379, .T. ) ;
#3315 = DIRECTION ( 'NONE',  ( 0.000000000000000000, 0.000000000000000000, -1.000000000000000000 ) ) ;
#3316 = DIRECTION ( 'NONE',  ( -1.000000000000000000, 0.000000000000000000, 0.000000000000000000 ) ) ;
#3317 = DIRECTION ( 'NONE',  ( 1.000000000000000000, 0.000000000000000000, 0.000000000000000000 ) ) ;
#3318 = EDGE_CURVE ( 'NONE', #357, #853, #205, .T. ) ;
#3319 = ORIENTED_EDGE ( 'NONE', *, *, #3001, .F. ) ;
#3320 = VERTEX_POINT ( 'NONE', #2672 ) ;
#3321 = ADVANCED_FACE ( 'NONE', ( #1127 ), #2349, .F. ) ;
#3322 = ORIENTED_EDGE ( 'NONE', *, *, #2095, .F. ) ;
#3323 = DIRECTION ( 'NONE',  ( 0.000000000000000000, 0.000000000000000000, 1.000000000000000000 ) ) ;
#3324 = ORIENTED_EDGE ( 'NONE', *, *, #3144, .F. ) ;
#3325 = EDGE_LOOP ( 'NONE', ( #3828, #3263, #2997, #1887, #2281, #1452, #303, #3213, #295, #2200, #679, #977, #918, #1072, #193, #2046, #741, #1147, #2098, #3258 ) ) ;
#3326 = DIRECTION ( 'NONE',  ( 0.000000000000000000, 0.000000000000000000, -1.000000000000000000 ) ) ;
#3327 = DIRECTION ( 'NONE',  ( 0.000000000000000000, 1.000000000000000000, 0.000000000000000000 ) ) ;
#3328 = CARTESIAN_POINT ( 'NONE',  ( 0.1377952755905535454, 0.000000000000000000, 2.048885995248196921E-16 ) ) ;
#3329 = LINE ( 'NONE', #3962, #2197 ) ;
#3330 = EDGE_LOOP ( 'NONE', ( #1334, #300, #130, #1985 ) ) ;
#3331 = ORIENTED_EDGE ( 'NONE', *, *, #2924, .T. ) ;
#3332 = FACE_OUTER_BOUND ( 'NONE', #634, .T. ) ;
#3333 = EDGE_CURVE ( 'NONE', #2181, #3457, #96, .T. ) ;
#3334 = CARTESIAN_POINT ( 'NONE',  ( -67.36615085194036112, -5.132990351233639004, 0.002952755905511810983 ) ) ;
#3335 = DIRECTION ( 'NONE',  ( 0.000000000000000000, 1.000000000000000000, 0.000000000000000000 ) ) ;
#3336 =( BOUNDED_CURVE ( )  B_SPLINE_CURVE ( 3, ( #353, #899, #1566, #3056 ),
 .UNSPECIFIED., .F., .F. ) 
 B_SPLINE_CURVE_WITH_KNOTS ( ( 4, 4 ),
 ( 4.327992205888869570, 4.712388980384689674 ),
 .UNSPECIFIED. ) 
 CURVE ( )  GEOMETRIC_REPRESENTATION_ITEM ( )  RATIONAL_B_SPLINE_CURVE ( ( 1.000000000000000000, 0.9877244516659730023, 0.9877244516659730023, 1.000000000000000000 ) ) 
 REPRESENTATION_ITEM ( '' )  );
#3337 = ORIENTED_EDGE ( 'NONE', *, *, #1526, .F. ) ;
#3338 = CIRCLE ( 'NONE', #1030, 0.009842519685042657243 ) ;
#3339 = ADVANCED_FACE ( 'NONE', ( #3291 ), #2688, .F. ) ;
#3340 = VECTOR ( 'NONE', #1573, 39.37007874015748143 ) ;
#3341 = ORIENTED_EDGE ( 'NONE', *, *, #454, .T. ) ;
#3342 = DIRECTION ( 'NONE',  ( 0.000000000000000000, -1.000000000000000000, 0.000000000000000000 ) ) ;
#3343 = AXIS2_PLACEMENT_3D ( 'NONE', #3233, #2345, #489 ) ;
#3344 = AXIS2_PLACEMENT_3D ( 'NONE', #2327, #2039, #2949 ) ;
#3345 = EDGE_CURVE ( 'NONE', #2887, #867, #3010, .T. ) ;
#3346 = ORIENTED_EDGE ( 'NONE', *, *, #1015, .T. ) ;
#3347 = VECTOR ( 'NONE', #2621, 39.37007874015748143 ) ;
#3348 = VECTOR ( 'NONE', #2032, 39.37007874015748143 ) ;
#3349 = ORIENTED_EDGE ( 'NONE', *, *, #1774, .T. ) ;
#3350 = LINE ( 'NONE', #3998, #2464 ) ;
#3351 = CARTESIAN_POINT ( 'NONE',  ( 0.06692913385826908257, 0.09842519685038622623, 0.01574803149606299191 ) ) ;
#3352 = VECTOR ( 'NONE', #1540, 39.37007874015748143 ) ;
#3353 = CARTESIAN_POINT ( 'NONE',  ( 0.2382752915140941008, 0.1531554743684693243, 0.1654406458447000572 ) ) ;
#3354 = DIRECTION ( 'NONE',  ( 0.000000000000000000, 0.000000000000000000, -1.000000000000000000 ) ) ;
#3355 = ORIENTED_EDGE ( 'NONE', *, *, #1012, .F. ) ;
#3356 = VECTOR ( 'NONE', #1019, 39.37007874015748143 ) ;
#3357 = VERTEX_POINT ( 'NONE', #2121 ) ;
#3358 = CARTESIAN_POINT ( 'NONE',  ( 0.2342519685039417543, -0.03149606299212689281, 0.1200787401574803237 ) ) ;
#3359 = CARTESIAN_POINT ( 'NONE',  ( 0.1101181102362267794, 0.07086614173227559488, 0.08661417322834646937 ) ) ;
#3360 = VECTOR ( 'NONE', #3418, 39.37007874015748143 ) ;
#3361 = DIRECTION ( 'NONE',  ( 1.000000000000000000, 0.000000000000000000, 0.000000000000000000 ) ) ;
#3362 = ORIENTED_EDGE ( 'NONE', *, *, #135, .T. ) ;
#3363 = AXIS2_PLACEMENT_3D ( 'NONE', #2206, #3432, #686 ) ;
#3364 = DIRECTION ( 'NONE',  ( -0.7071067811867109976, 0.000000000000000000, -0.7071067811863840369 ) ) ;
#3365 = ORIENTED_EDGE ( 'NONE', *, *, #1103, .F. ) ;
#3366 = ADVANCED_FACE ( 'NONE', ( #2751 ), #628, .T. ) ;
#3367 = EDGE_LOOP ( 'NONE', ( #2827, #3195, #1975, #913 ) ) ;
#3368 = LINE ( 'NONE', #2377, #859 ) ;
#3369 = VERTEX_POINT ( 'NONE', #2063 ) ;
#3370 = EDGE_CURVE ( 'NONE', #3290, #3077, #326, .T. ) ;
#3371 = ORIENTED_EDGE ( 'NONE', *, *, #3427, .T. ) ;
#3372 = DIRECTION ( 'NONE',  ( -1.000000000000000000, 0.000000000000000000, 0.000000000000000000 ) ) ;
#3373 = CARTESIAN_POINT ( 'NONE',  ( -0.009842519685033917706, -0.1437007874015747977, 0.1771653543307086798 ) ) ;
#3374 = CARTESIAN_POINT ( 'NONE',  ( -0.1377952755905446913, 0.03149606299211815674, 0.000000000000000000 ) ) ;
#3375 = DIRECTION ( 'NONE',  ( 0.000000000000000000, -1.000000000000000000, 0.000000000000000000 ) ) ;
#3376 = ORIENTED_EDGE ( 'NONE', *, *, #3155, .F. ) ;
#3377 = EDGE_CURVE ( 'NONE', #2528, #3059, #1182, .T. ) ;
#3378 = VERTEX_POINT ( 'NONE', #3959 ) ;
#3379 = CARTESIAN_POINT ( 'NONE',  ( -0.2499999999999945044, -0.03149606299212689281, 0.1673228346456692994 ) ) ;
#3380 = CARTESIAN_POINT ( 'NONE',  ( -0.05275590551180692894, -0.2795275590551268285, 0.2952755905511689205 ) ) ;
#3381 = DIRECTION ( 'NONE',  ( 0.000000000000000000, 1.000000000000000000, 0.000000000000000000 ) ) ;
#3382 = VERTEX_POINT ( 'NONE', #3936 ) ;
#3383 = DIRECTION ( 'NONE',  ( -0.000000000000000000, 1.000000000000000000, 0.000000000000000000 ) ) ;
#3384 = ORIENTED_EDGE ( 'NONE', *, *, #575, .T. ) ;
#3385 = ORIENTED_EDGE ( 'NONE', *, *, #2011, .F. ) ;
#3386 = CARTESIAN_POINT ( 'NONE',  ( 0.2342519685039417543, 0.000000000000000000, 0.009842519685039369942 ) ) ;
#3387 = EDGE_CURVE ( 'NONE', #3137, #2359, #549, .T. ) ;
#3388 = VERTEX_POINT ( 'NONE', #897 ) ;
#3389 = VERTEX_POINT ( 'NONE', #584 ) ;
#3390 = LINE ( 'NONE', #3089, #1434 ) ;
#3391 = CARTESIAN_POINT ( 'NONE',  ( -0.2322834645669208664, 0.1535433070866141780, 0.1771653543307086798 ) ) ;
#3392 = EDGE_CURVE ( 'NONE', #3663, #2566, #3350, .T. ) ;
#3393 = DIRECTION ( 'NONE',  ( 0.000000000000000000, -1.000000000000000000, 0.000000000000000000 ) ) ;
#3394 = CARTESIAN_POINT ( 'NONE',  ( -0.1181102362204681094, 0.1141732283464484271, 0.1614173228346456879 ) ) ;
#3395 = ORIENTED_EDGE ( 'NONE', *, *, #2661, .F. ) ;
#3396 = ORIENTED_EDGE ( 'NONE', *, *, #993, .T. ) ;
#3397 = CARTESIAN_POINT ( 'NONE',  ( 0.2244094488188976555, 0.03149606299211815674, 0.000000000000000000 ) ) ;
#3398 = EDGE_CURVE ( 'NONE', #3059, #1496, #163, .T. ) ;
#3399 = CARTESIAN_POINT ( 'NONE',  ( 0.09055118110236969053, 0.09842519685038622623, 0.001968503937007873988 ) ) ;
#3400 = DIRECTION ( 'NONE',  ( 0.000000000000000000, 1.000000000000000000, 9.252256588640847844E-17 ) ) ;
#3401 = ORIENTED_EDGE ( 'NONE', *, *, #234, .F. ) ;
#3402 = CARTESIAN_POINT ( 'NONE',  ( 0.1889763779527613985, -7.649174382259940956E-15, 0.1742125984251968462 ) ) ;
#3403 = ORIENTED_EDGE ( 'NONE', *, *, #385, .F. ) ;
#3404 = DIRECTION ( 'NONE',  ( 0.000000000000000000, 0.000000000000000000, 1.000000000000000000 ) ) ;
#3405 = AXIS2_PLACEMENT_3D ( 'NONE', #1629, #1687, #1966 ) ;
#3406 = VERTEX_POINT ( 'NONE', #1243 ) ;
#3407 = AXIS2_PLACEMENT_3D ( 'NONE', #207, #3012, #1422 ) ;
#3408 = PRODUCT_DEFINITION ( 'UNKNOWN', '', #2536, #2415 ) ;
#3409 = FACE_OUTER_BOUND ( 'NONE', #2671, .T. ) ;
#3410 = DIRECTION ( 'NONE',  ( 0.000000000000000000, 1.000000000000000000, 0.000000000000000000 ) ) ;
#3411 = DIRECTION ( 'NONE',  ( 0.000000000000000000, 0.000000000000000000, -1.000000000000000000 ) ) ;
#3412 = VECTOR ( 'NONE', #52, 39.37007874015748143 ) ;
#3413 = DIRECTION ( 'NONE',  ( -0.7071067811867950414, 0.000000000000000000, -0.7071067811862999930 ) ) ;
#3414 = COLOUR_RGB ( '',0.7921568627450980005, 0.8196078431372548767, 0.9333333333333333481 ) ;
#3415 = ADVANCED_FACE ( 'NONE', ( #3308 ), #879, .F. ) ;
#3416 = ORIENTED_EDGE ( 'NONE', *, *, #2657, .F. ) ;
#3417 = AXIS2_PLACEMENT_3D ( 'NONE', #649, #3354, #1246 ) ;
#3418 = DIRECTION ( 'NONE',  ( 0.000000000000000000, -1.000000000000000000, 0.000000000000000000 ) ) ;
#3419 = LINE ( 'NONE', #2805, #3086 ) ;
#3420 = CARTESIAN_POINT ( 'NONE',  ( -0.1818002768088531618, 0.000000000000000000, 0.08267716535433072833 ) ) ;
#3421 = AXIS2_PLACEMENT_3D ( 'NONE', #1901, #3491, #2509 ) ;
#3422 = EDGE_CURVE ( 'NONE', #3913, #3597, #2383, .T. ) ;
#3423 = VERTEX_POINT ( 'NONE', #3683 ) ;
#3424 = VECTOR ( 'NONE', #1503, 39.37007874015748143 ) ;
#3425 = CARTESIAN_POINT ( 'NONE',  ( -0.1496062992125907487, -0.02362204724409515746, 0.000000000000000000 ) ) ;
#3426 = VECTOR ( 'NONE', #3515, 39.37007874015748143 ) ;
#3427 = EDGE_CURVE ( 'NONE', #1253, #3290, #246, .T. ) ;
#3428 = ORIENTED_EDGE ( 'NONE', *, *, #719, .F. ) ;
#3429 = DIRECTION ( 'NONE',  ( -0.7071067811863520625, 0.000000000000000000, 0.7071067811867429720 ) ) ;
#3430 = VECTOR ( 'NONE', #1277, 39.37007874015748854 ) ;
#3431 = ORIENTED_EDGE ( 'NONE', *, *, #2219, .F. ) ;
#3432 = DIRECTION ( 'NONE',  ( 9.284449574024968172E-17, 0.000000000000000000, -1.000000000000000000 ) ) ;
#3433 = LINE ( 'NONE', #1584, #3356 ) ;
#3434 = DIRECTION ( 'NONE',  ( -1.000000000000000000, 0.000000000000000000, 0.000000000000000000 ) ) ;
#3435 = CARTESIAN_POINT ( 'NONE',  ( -0.1889763779527527665, -7.649174382259940956E-15, 0.1742125984251968462 ) ) ;
#3436 = ORIENTED_EDGE ( 'NONE', *, *, #331, .T. ) ;
#3437 = ORIENTED_EDGE ( 'NONE', *, *, #834, .T. ) ;
#3438 = LINE ( 'NONE', #3791, #1118 ) ;
#3439 = DIRECTION ( 'NONE',  ( 1.000000000000000000, 0.000000000000000000, 0.000000000000000000 ) ) ;
#3440 = LINE ( 'NONE', #2806, #1166 ) ;
#3441 = ADVANCED_FACE ( 'NONE', ( #1200 ), #3033, .F. ) ;
#3442 = VERTEX_POINT ( 'NONE', #3598 ) ;
#3443 = DIRECTION ( 'NONE',  ( 0.000000000000000000, 0.000000000000000000, 1.000000000000000000 ) ) ;
#3444 = EDGE_CURVE ( 'NONE', #2634, #2606, #2731, .T. ) ;
#3445 = VERTEX_POINT ( 'NONE', #838 ) ;
#3446 = EDGE_CURVE ( 'NONE', #1496, #1004, #1518, .T. ) ;
#3447 = ORIENTED_EDGE ( 'NONE', *, *, #3181, .F. ) ;
#3448 = DIRECTION ( 'NONE',  ( 0.000000000000000000, 1.000000000000000000, 0.000000000000000000 ) ) ;
#3449 = CARTESIAN_POINT ( 'NONE',  ( -0.2342519685039330668, 0.000000000000000000, 0.009842519685039369942 ) ) ;
#3450 = DIRECTION ( 'NONE',  ( 0.000000000000000000, -1.000000000000000000, -4.626128294320428852E-17 ) ) ;
#3451 = CARTESIAN_POINT ( 'NONE',  ( -0.2342519685039330668, -0.03149606299212689281, 0.05708661417322834220 ) ) ;
#3452 = SURFACE_SIDE_STYLE ('',( #3789 ) ) ;
#3453 = ORIENTED_EDGE ( 'NONE', *, *, #3587, .T. ) ;
#3454 = CARTESIAN_POINT ( 'NONE',  ( -0.2401574803149515991, -0.03149606299212689281, 0.009842519685039369942 ) ) ;
#3455 = LINE ( 'NONE', #1069, #1926 ) ;
#3456 = CARTESIAN_POINT ( 'NONE',  ( 0.2244094488188976555, 0.000000000000000000, 0.002952755905511810983 ) ) ;
#3457 = VERTEX_POINT ( 'NONE', #1840 ) ;
#3458 = DIRECTION ( 'NONE',  ( -0.7071067811867650654, 0.000000000000000000, -0.7071067811863299690 ) ) ;
#3459 = CARTESIAN_POINT ( 'NONE',  ( -0.1181102362204681094, 0.03543307086613346757, 0.2952755905511810774 ) ) ;
#3460 = ORIENTED_EDGE ( 'NONE', *, *, #1733, .T. ) ;
#3461 = ORIENTED_EDGE ( 'NONE', *, *, #3646, .T. ) ;
#3462 = EDGE_CURVE ( 'NONE', #499, #2577, #1537, .T. ) ;
#3463 = VERTEX_POINT ( 'NONE', #2870 ) ;
#3464 = EDGE_CURVE ( 'NONE', #717, #2885, #3724, .T. ) ;
#3465 = FACE_OUTER_BOUND ( 'NONE', #1699, .T. ) ;
#3466 = VECTOR ( 'NONE', #1637, 39.37007874015748143 ) ;
#3467 = CARTESIAN_POINT ( 'NONE',  ( -0.09055118110236103079, 0.05118110236219685499, 0.001968503937007873988 ) ) ;
#3468 = CARTESIAN_POINT ( 'NONE',  ( 0.1889763779527613985, 0.03149606299211815674, 0.1742125984251968462 ) ) ;
#3469 = DIRECTION ( 'NONE',  ( 0.000000000000000000, 1.000000000000000000, 0.000000000000000000 ) ) ;
#3470 = LINE ( 'NONE', #3531, #1869 ) ;
#3471 = VECTOR ( 'NONE', #870, 39.37007874015748143 ) ;
#3472 = EDGE_LOOP ( 'NONE', ( #384, #2483, #3996, #3635 ) ) ;
#3473 = CARTESIAN_POINT ( 'NONE',  ( 0.2342519685039417543, 0.1377952755905437199, 0.009842519685039369942 ) ) ;
#3474 = VECTOR ( 'NONE', #1802, 39.37007874015748143 ) ;
#3475 = STYLED_ITEM ( 'NONE', ( #1920 ), #132 ) ;
#3476 = PLANE ( 'NONE',  #2639 ) ;
#3477 = DIRECTION ( 'NONE',  ( 0.000000000000000000, -0.9781955605990337865, 0.2076859292882939911 ) ) ;
#3478 = VECTOR ( 'NONE', #714, 39.37007874015748143 ) ;
#3479 = ORIENTED_EDGE ( 'NONE', *, *, #3204, .T. ) ;
#3480 = CARTESIAN_POINT ( 'NONE',  ( 0.1574803149606387731, -0.01181102362204812864, 0.1771653543307086798 ) ) ;
#3481 = CIRCLE ( 'NONE', #2325, 0.01574803149606125718 ) ;
#3482 = DIRECTION ( 'NONE',  ( -1.000000000000000000, 0.000000000000000000, 0.000000000000000000 ) ) ;
#3483 = EDGE_LOOP ( 'NONE', ( #3634, #1568, #3376, #2988 ) ) ;
#3484 = VECTOR ( 'NONE', #1959, 39.37007874015748143 ) ;
#3485 = DIRECTION ( 'NONE',  ( 1.000000000000000000, 0.000000000000000000, 0.000000000000000000 ) ) ;
#3486 = VECTOR ( 'NONE', #90, 39.37007874015748143 ) ;
#3487 = ORIENTED_EDGE ( 'NONE', *, *, #2859, .T. ) ;
#3488 = ADVANCED_FACE ( 'NONE', ( #2182 ), #2531, .F. ) ;
#3489 = AXIS2_PLACEMENT_3D ( 'NONE', #876, #915, #2142 ) ;
#3490 = CARTESIAN_POINT ( 'NONE',  ( 0.2401574803149693349, -0.03149606299212689281, 0.1082677165354330728 ) ) ;
#3491 = DIRECTION ( 'NONE',  ( -1.000000000000000000, 0.000000000000000000, 0.000000000000000000 ) ) ;
#3492 = LINE ( 'NONE', #983, #1550 ) ;
#3493 = FACE_OUTER_BOUND ( 'NONE', #3097, .T. ) ;
#3494 = EDGE_CURVE ( 'NONE', #1904, #576, #645, .T. ) ;
#3495 = LINE ( 'NONE', #467, #3543 ) ;
#3496 = ORIENTED_EDGE ( 'NONE', *, *, #3951, .F. ) ;
#3497 = CARTESIAN_POINT ( 'NONE',  ( -0.2244094488188905778, 0.1377952755905437199, 0.000000000000000000 ) ) ;
#3498 = CARTESIAN_POINT ( 'NONE',  ( -0.1692913385826771699, -0.02362204724409515746, 0.01574803149606321048 ) ) ;
#3499 = FACE_OUTER_BOUND ( 'NONE', #1710, .T. ) ;
#3500 = ADVANCED_FACE ( 'NONE', ( #3409 ), #666, .F. ) ;
#3501 = ORIENTED_EDGE ( 'NONE', *, *, #3108, .T. ) ;
#3502 = CARTESIAN_POINT ( 'NONE',  ( 0.1889763779527613985, 0.03149606299211815674, 0.1771653543307086798 ) ) ;
#3503 = CARTESIAN_POINT ( 'NONE',  ( 8.741913579725650188E-15, -0.1437007874015747977, 0.08267716535433072833 ) ) ;
#3504 = FACE_OUTER_BOUND ( 'NONE', #3274, .T. ) ;
#3505 = ORIENTED_EDGE ( 'NONE', *, *, #1081, .F. ) ;
#3506 = DIRECTION ( 'NONE',  ( -0.000000000000000000, 0.2076859292882911323, 0.9781955605990343416 ) ) ;
#3507 = EDGE_LOOP ( 'NONE', ( #1151, #343, #988, #363 ) ) ;
#3508 = DIRECTION ( 'NONE',  ( 0.000000000000000000, -1.000000000000000000, 0.000000000000000000 ) ) ;
#3509 = EDGE_CURVE ( 'NONE', #259, #211, #3116, .T. ) ;
#3510 = CARTESIAN_POINT ( 'NONE',  ( -0.1818002768088531618, -0.1771653543307086798, 0.08267716535433072833 ) ) ;
#3511 = DIRECTION ( 'NONE',  ( 0.000000000000000000, 0.000000000000000000, 1.000000000000000000 ) ) ;
#3512 = DIRECTION ( 'NONE',  ( 0.000000000000000000, -1.000000000000000000, 0.000000000000000000 ) ) ;
#3513 = CARTESIAN_POINT ( 'NONE',  ( -0.08543307086613326218, 0.03543307086613346757, 0.3279527559054968289 ) ) ;
#3514 = ORIENTED_EDGE ( 'NONE', *, *, #3130, .F. ) ;
#3515 = DIRECTION ( 'NONE',  ( 0.000000000000000000, 0.000000000000000000, -1.000000000000000000 ) ) ;
#3516 = EDGE_CURVE ( 'NONE', #1775, #3389, #3765, .T. ) ;
#3517 = CARTESIAN_POINT ( 'NONE',  ( -0.1377952755905446913, -0.02362204724409515746, 2.048885995248196921E-16 ) ) ;
#3518 = FACE_OUTER_BOUND ( 'NONE', #2987, .T. ) ;
#3519 =( BOUNDED_CURVE ( )  B_SPLINE_CURVE ( 3, ( #1123, #3264, #518, #1731 ),
 .UNSPECIFIED., .F., .F. ) 
 B_SPLINE_CURVE_WITH_KNOTS ( ( 4, 4 ),
 ( 4.327992205888884669, 4.712388980384689674 ),
 .UNSPECIFIED. ) 
 CURVE ( )  GEOMETRIC_REPRESENTATION_ITEM ( )  RATIONAL_B_SPLINE_CURVE ( ( 1.000000000000000000, 0.9877244516659730023, 0.9877244516659730023, 1.000000000000000000 ) ) 
 REPRESENTATION_ITEM ( '' )  );
#3520 = ORIENTED_EDGE ( 'NONE', *, *, #171, .F. ) ;
#3521 = ADVANCED_FACE ( 'NONE', ( #404 ), #2853, .T. ) ;
#3522 = CARTESIAN_POINT ( 'NONE',  ( -0.09055118110236103079, 0.09842519685038622623, 0.001968503937007873988 ) ) ;
#3523 = DIRECTION ( 'NONE',  ( 0.000000000000000000, 1.000000000000000000, 0.000000000000000000 ) ) ;
#3524 = CARTESIAN_POINT ( 'NONE',  ( -0.1574803149606212593, -0.1437007874015747977, 0.09448818897637795144 ) ) ;
#3525 = ORIENTED_EDGE ( 'NONE', *, *, #3345, .F. ) ;
#3526 = DIRECTION ( 'NONE',  ( 0.000000000000000000, 0.000000000000000000, -1.000000000000000000 ) ) ;
#3527 = VERTEX_POINT ( 'NONE', #722 ) ;
#3528 = FACE_OUTER_BOUND ( 'NONE', #1216, .T. ) ;
#3529 = CARTESIAN_POINT ( 'NONE',  ( 0.2322834645669386022, 0.000000000000000000, 0.1712598425196850405 ) ) ;
#3530 = CARTESIAN_POINT ( 'NONE',  ( -0.05275590551180692894, 0.1141732283464484271, 0.2952755905511689205 ) ) ;
#3531 = CARTESIAN_POINT ( 'NONE',  ( -0.1692913385826771699, -0.02362204724409515746, 0.01574803149606321048 ) ) ;
#3532 = EDGE_CURVE ( 'NONE', #633, #972, #999, .T. ) ;
#3533 = AXIS2_PLACEMENT_3D ( 'NONE', #36, #1255, #2481 ) ;
#3534 = ORIENTED_EDGE ( 'NONE', *, *, #797, .T. ) ;
#3535 = CARTESIAN_POINT ( 'NONE',  ( -0.09173228346456475946, 0.1141732283464484271, 0.2822834645669252129 ) ) ;
#3536 = DIRECTION ( 'NONE',  ( -1.000000000000000000, 0.000000000000000000, 0.000000000000000000 ) ) ;
#3537 = AXIS2_PLACEMENT_3D ( 'NONE', #2740, #990, #3439 ) ;
#3538 = LINE ( 'NONE', #765, #2133 ) ;
#3539 = EDGE_LOOP ( 'NONE', ( #1097, #2962, #1026, #1638 ) ) ;
#3540 = EDGE_CURVE ( 'NONE', #2981, #2802, #1317, .T. ) ;
#3541 = EDGE_LOOP ( 'NONE', ( #893, #813, #1292, #2195, #1751, #1511, #349, #1516 ) ) ;
#3542 = VECTOR ( 'NONE', #2753, 39.37007874015748143 ) ;
#3543 = VECTOR ( 'NONE', #1339, 39.37007874015748143 ) ;
#3544 = CARTESIAN_POINT ( 'NONE',  ( 0.1692913385826848582, -0.01181102362204812864, 0.1771653543307086798 ) ) ;
#3545 = DIRECTION ( 'NONE',  ( 1.000000000000000000, 0.000000000000000000, 0.000000000000000000 ) ) ;
#3546 = AXIS2_PLACEMENT_3D ( 'NONE', #3882, #1634, #3222 ) ;
#3547 = EDGE_CURVE ( 'NONE', #548, #2710, #44, .T. ) ;
#3548 = ORIENTED_EDGE ( 'NONE', *, *, #1676, .F. ) ;
#3549 = AXIS2_PLACEMENT_3D ( 'NONE', #1782, #823, #2044 ) ;
#3550 = DIRECTION ( 'NONE',  ( 0.000000000000000000, 0.000000000000000000, 1.000000000000000000 ) ) ;
#3551 = ORIENTED_EDGE ( 'NONE', *, *, #910, .T. ) ;
#3552 = EDGE_CURVE ( 'NONE', #949, #3715, #702, .T. ) ;
#3553 = VECTOR ( 'NONE', #2871, 39.37007874015748143 ) ;
#3554 = DIRECTION ( 'NONE',  ( 1.000000000000000000, 0.000000000000000000, 0.000000000000000000 ) ) ;
#3555 = VECTOR ( 'NONE', #1545, 39.37007874015748143 ) ;
#3556 = LINE ( 'NONE', #1100, #1868 ) ;
#3557 = FACE_OUTER_BOUND ( 'NONE', #1715, .T. ) ;
#3558 = CARTESIAN_POINT ( 'NONE',  ( -0.1889763779527527665, 0.03149606299211815674, 0.002952755905511810983 ) ) ;
#3559 = AXIS2_PLACEMENT_3D ( 'NONE', #936, #131, #344 ) ;
#3560 = EDGE_LOOP ( 'NONE', ( #49, #3479, #3841, #2188 ) ) ;
#3561 = PLANE ( 'NONE',  #2397 ) ;
#3562 = FACE_OUTER_BOUND ( 'NONE', #1656, .T. ) ;
#3563 = VECTOR ( 'NONE', #3429, 39.37007874015748143 ) ;
#3564 = CARTESIAN_POINT ( 'NONE',  ( 0.1574803149606387731, -0.01181102362204812864, 0.001968503937007873988 ) ) ;
#3565 = PRODUCT ( 'Same_Sky_SLW-1277545-3A-RA-N-D', 'Same_Sky_SLW-1277545-3A-RA-N-D', '', ( #3943 ) ) ;
#3566 = VERTEX_POINT ( 'NONE', #1916 ) ;
#3567 = ADVANCED_FACE ( 'NONE', ( #3785 ), #2238, .T. ) ;
#3568 = CARTESIAN_POINT ( 'NONE',  ( -0.2401574803149515991, -0.09055118110236221041, 0.1122047244094507845 ) ) ;
#3569 = CARTESIAN_POINT ( 'NONE',  ( 0.1574803149606387731, -0.02362204724409515746, 0.01574803149606321048 ) ) ;
#3570 = ORIENTED_EDGE ( 'NONE', *, *, #2739, .F. ) ;
#3571 = EDGE_CURVE ( 'NONE', #515, #3886, #386, .T. ) ;
#3572 = DIRECTION ( 'NONE',  ( 0.000000000000000000, 1.000000000000000000, 0.000000000000000000 ) ) ;
#3573 = VERTEX_POINT ( 'NONE', #3148 ) ;
#3574 = ORIENTED_EDGE ( 'NONE', *, *, #2342, .T. ) ;
#3575 = DIRECTION ( 'NONE',  ( 0.000000000000000000, -1.000000000000000000, 0.000000000000000000 ) ) ;
#3576 = ADVANCED_FACE ( 'NONE', ( #3465 ), #3173, .T. ) ;
#3577 = DIRECTION ( 'NONE',  ( 1.000000000000000000, 0.000000000000000000, 0.000000000000000000 ) ) ;
#3578 = CARTESIAN_POINT ( 'NONE',  ( -0.1200787401574714419, 0.1181102362204649731, 0.1614173228346456879 ) ) ;
#3579 = DIRECTION ( 'NONE',  ( -1.000000000000000000, 0.000000000000000000, 0.000000000000000000 ) ) ;
#3580 = VERTEX_POINT ( 'NONE', #2166 ) ;
#3581 = DIRECTION ( 'NONE',  ( 0.000000000000000000, 0.000000000000000000, -1.000000000000000000 ) ) ;
#3582 = DIRECTION ( 'NONE',  ( 0.000000000000000000, 0.000000000000000000, -1.000000000000000000 ) ) ;
#3583 = FACE_OUTER_BOUND ( 'NONE', #136, .T. ) ;
#3584 = VERTEX_POINT ( 'NONE', #2471 ) ;
#3585 = DIRECTION ( 'NONE',  ( -1.000000000000000000, 0.000000000000000000, 0.000000000000000000 ) ) ;
#3586 = DIRECTION ( 'NONE',  ( 0.000000000000000000, -1.000000000000000000, 0.000000000000000000 ) ) ;
#3587 = EDGE_CURVE ( 'NONE', #685, #2729, #3390, .T. ) ;
#3588 = ORIENTED_EDGE ( 'NONE', *, *, #1556, .T. ) ;
#3589 = ORIENTED_EDGE ( 'NONE', *, *, #862, .F. ) ;
#3590 = EDGE_CURVE ( 'NONE', #313, #1138, #2798, .T. ) ;
#3591 = ORIENTED_EDGE ( 'NONE', *, *, #1087, .F. ) ;
#3592 = CARTESIAN_POINT ( 'NONE',  ( -0.2342519685039330668, -0.03149606299212689281, 0.1673228346456692994 ) ) ;
#3593 = DIRECTION ( 'NONE',  ( 0.000000000000000000, 1.000000000000000000, 0.000000000000000000 ) ) ;
#3594 = CARTESIAN_POINT ( 'NONE',  ( 0.2401574803149693349, -0.1292548965242285575, 0.07317802266773131004 ) ) ;
#3595 = LINE ( 'NONE', #3267, #2061 ) ;
#3596 = ADVANCED_FACE ( 'NONE', ( #3528 ), #2967, .T. ) ;
#3597 = VERTEX_POINT ( 'NONE', #3866 ) ;
#3598 = CARTESIAN_POINT ( 'NONE',  ( 0.1200787401574889834, 0.1181102362204649731, 0.01574803149606299191 ) ) ;
#3599 = CARTESIAN_POINT ( 'NONE',  ( 0.09055118110236969053, 0.07086614173227559488, 0.01574803149606299191 ) ) ;
#3600 = DIRECTION ( 'NONE',  ( 1.000000000000000000, 0.000000000000000000, 0.000000000000000000 ) ) ;
#3601 = ORIENTED_EDGE ( 'NONE', *, *, #3795, .F. ) ;
#3602 = VERTEX_POINT ( 'NONE', #2568 ) ;
#3603 = VECTOR ( 'NONE', #1830, 39.37007874015748143 ) ;
#3604 = CARTESIAN_POINT ( 'NONE',  ( -0.2401574803149515991, -0.1292548965242285575, 0.07317802266773131004 ) ) ;
#3605 = DIRECTION ( 'NONE',  ( 0.000000000000000000, 0.000000000000000000, 1.000000000000000000 ) ) ;
#3606 = AXIS2_PLACEMENT_3D ( 'NONE', #494, #2976, #232 ) ;
#3607 = VERTEX_POINT ( 'NONE', #1412 ) ;
#3608 = CARTESIAN_POINT ( 'NONE',  ( 0.2500000000000031641, -0.1292548965242285575, 0.07317802266773131004 ) ) ;
#3609 = VECTOR ( 'NONE', #3511, 39.37007874015748143 ) ;
#3610 = CIRCLE ( 'NONE', #836, 0.01181102362204592728 ) ;
#3611 = ORIENTED_EDGE ( 'NONE', *, *, #2254, .T. ) ;
#3612 = VERTEX_POINT ( 'NONE', #167 ) ;
#3613 = VECTOR ( 'NONE', #361, 39.37007874015748143 ) ;
#3614 = CARTESIAN_POINT ( 'NONE',  ( 0.2322834645669386022, 0.000000000000000000, 0.1673228346456692994 ) ) ;
#3615 = EDGE_CURVE ( 'NONE', #3442, #3357, #503, .T. ) ;
#3616 = VECTOR ( 'NONE', #3294, 39.37007874015748143 ) ;
#3617 = CARTESIAN_POINT ( 'NONE',  ( 0.1496062992126082625, -0.01181102362204812864, 0.000000000000000000 ) ) ;
#3618 = ORIENTED_EDGE ( 'NONE', *, *, #2339, .T. ) ;
#3619 = CIRCLE ( 'NONE', #27, 0.01574803149606299885 ) ;
#3620 = DIRECTION ( 'NONE',  ( 0.000000000000000000, 0.000000000000000000, 1.000000000000000000 ) ) ;
#3621 = DIRECTION ( 'NONE',  ( -0.000000000000000000, 1.000000000000000000, 0.000000000000000000 ) ) ;
#3622 = ADVANCED_FACE ( 'NONE', ( #3803 ), #742, .F. ) ;
#3623 = FACE_OUTER_BOUND ( 'NONE', #2231, .T. ) ;
#3624 = DIRECTION ( 'NONE',  ( 0.000000000000000000, 1.000000000000000000, 0.000000000000000000 ) ) ;
#3625 = ORIENTED_EDGE ( 'NONE', *, *, #3672, .T. ) ;
#3626 = AXIS2_PLACEMENT_3D ( 'NONE', #572, #315, #1525 ) ;
#3627 = ORIENTED_EDGE ( 'NONE', *, *, #56, .F. ) ;
#3628 = FACE_OUTER_BOUND ( 'NONE', #889, .T. ) ;
#3629 =( NAMED_UNIT ( * ) SI_UNIT ( $, .STERADIAN. ) SOLID_ANGLE_UNIT ( ) );
#3630 = CIRCLE ( 'NONE', #1886, 0.01181102362204596024 ) ;
#3631 = ADVANCED_FACE ( 'NONE', ( #2344 ), #183, .T. ) ;
#3632 = CARTESIAN_POINT ( 'NONE',  ( -0.1181102362204681094, 0.1141732283464484271, 0.2818897637795098610 ) ) ;
#3633 = LINE ( 'NONE', #848, #1553 ) ;
#3634 = ORIENTED_EDGE ( 'NONE', *, *, #2952, .T. ) ;
#3635 = ORIENTED_EDGE ( 'NONE', *, *, #797, .F. ) ;
#3636 = ORIENTED_EDGE ( 'NONE', *, *, #2906, .T. ) ;
#3637 = PLANE ( 'NONE',  #3489 ) ;
#3638 = CARTESIAN_POINT ( 'NONE',  ( -0.2342519685039330668, 0.1535433070866141780, 0.01574803149606299191 ) ) ;
#3639 = EDGE_CURVE ( 'NONE', #933, #1905, #3968, .T. ) ;
#3640 = ORIENTED_EDGE ( 'NONE', *, *, #3133, .T. ) ;
#3641 = DIRECTION ( 'NONE',  ( 0.000000000000000000, 0.000000000000000000, 1.000000000000000000 ) ) ;
#3642 = CARTESIAN_POINT ( 'NONE',  ( -0.1673228346456639704, -0.1437007874015747977, 0.1771653543307086798 ) ) ;
#3643 = CARTESIAN_POINT ( 'NONE',  ( 0.2322834645669386022, 0.03149606299211815674, 0.1742125984251968462 ) ) ;
#3644 = DIRECTION ( 'NONE',  ( 0.000000000000000000, -1.000000000000000000, 0.000000000000000000 ) ) ;
#3645 = ORIENTED_EDGE ( 'NONE', *, *, #3651, .F. ) ;
#3646 = EDGE_CURVE ( 'NONE', #1035, #548, #140, .T. ) ;
#3647 = ORIENTED_EDGE ( 'NONE', *, *, #3147, .T. ) ;
#3648 = FACE_OUTER_BOUND ( 'NONE', #255, .T. ) ;
#3649 = DIRECTION ( 'NONE',  ( 0.000000000000000000, -1.000000000000000000, 0.000000000000000000 ) ) ;
#3650 = DIRECTION ( 'NONE',  ( 0.000000000000000000, -1.000000000000000000, 0.000000000000000000 ) ) ;
#3651 = EDGE_CURVE ( 'NONE', #1773, #2161, #2036, .T. ) ;
#3652 = ORIENTED_EDGE ( 'NONE', *, *, #1308, .T. ) ;
#3653 = LINE ( 'NONE', #3608, #3348 ) ;
#3654 = ORIENTED_EDGE ( 'NONE', *, *, #2783, .F. ) ;
#3655 = ORIENTED_EDGE ( 'NONE', *, *, #2863, .F. ) ;
#3656 = FACE_OUTER_BOUND ( 'NONE', #3675, .T. ) ;
#3657 = ORIENTED_EDGE ( 'NONE', *, *, #115, .T. ) ;
#3658 = ORIENTED_EDGE ( 'NONE', *, *, #1795, .T. ) ;
#3659 = DIRECTION ( 'NONE',  ( 0.000000000000000000, 1.000000000000000000, 0.000000000000000000 ) ) ;
#3660 = DIRECTION ( 'NONE',  ( 0.000000000000000000, -1.000000000000000000, 0.000000000000000000 ) ) ;
#3661 = DIRECTION ( 'NONE',  ( -1.000000000000000000, 0.000000000000000000, 0.000000000000000000 ) ) ;
#3662 = LINE ( 'NONE', #1283, #3352 ) ;
#3663 = VERTEX_POINT ( 'NONE', #1657 ) ;
#3664 = ORIENTED_EDGE ( 'NONE', *, *, #60, .F. ) ;
#3665 = DIRECTION ( 'NONE',  ( 1.000000000000000000, 0.000000000000000000, 0.000000000000000000 ) ) ;
#3666 = CARTESIAN_POINT ( 'NONE',  ( -0.2401574803149515991, -0.03149606299212689281, 0.04527559055118110520 ) ) ;
#3667 = CARTESIAN_POINT ( 'NONE',  ( 0.2401574803149693349, 0.1523940915100234494, 0.1673228346456692994 ) ) ;
#3668 = EDGE_CURVE ( 'NONE', #3680, #2134, #483, .T. ) ;
#3669 = EDGE_LOOP ( 'NONE', ( #2737, #1533, #3015, #582, #1187, #896, #198, #1143, #3113, #1778, #3734, #3993, #3909, #1587, #3044, #250, #176, #112, #3120, #2079, #2053, #1761, #1662, #998, #3064, #3740, #3337, #1729, #3053, #2837, #1529, #3009, #2031, #2934, #1650, #2226 ) ) ;
#3670 = VECTOR ( 'NONE', #3945, 39.37007874015748143 ) ;
#3671 = CARTESIAN_POINT ( 'NONE',  ( -0.06692913385826043671, 0.09842519685038622623, 0.01574803149606299191 ) ) ;
#3672 = EDGE_CURVE ( 'NONE', #3976, #2033, #798, .T. ) ;
#3673 = AXIS2_PLACEMENT_3D ( 'NONE', #174, #127, #2229 ) ;
#3674 = ORIENTED_EDGE ( 'NONE', *, *, #834, .F. ) ;
#3675 = EDGE_LOOP ( 'NONE', ( #1755, #1076, #2785, #469 ) ) ;
#3676 = DIRECTION ( 'NONE',  ( 0.000000000000000000, 0.000000000000000000, -1.000000000000000000 ) ) ;
#3677 = CIRCLE ( 'NONE', #595, 0.01574803149606125718 ) ;
#3678 = VECTOR ( 'NONE', #86, 39.37007874015748143 ) ;
#3679 = ADVANCED_FACE ( 'NONE', ( #3831 ), #1717, .F. ) ;
#3680 = VERTEX_POINT ( 'NONE', #1393 ) ;
#3681 = VECTOR ( 'NONE', #479, 39.37007874015748143 ) ;
#3682 = ORIENTED_EDGE ( 'NONE', *, *, #1816, .F. ) ;
#3683 = CARTESIAN_POINT ( 'NONE',  ( -0.2342519685039330668, -0.03149606299212689281, 0.009842519685039369942 ) ) ;
#3684 = LINE ( 'NONE', #1520, #605 ) ;
#3685 = AXIS2_PLACEMENT_3D ( 'NONE', #1002, #1338, #1304 ) ;
#3686 = CARTESIAN_POINT ( 'NONE',  ( -0.09842519685039154143, 0.03543307086613346757, 0.2755905511811023723 ) ) ;
#3687 = CARTESIAN_POINT ( 'NONE',  ( 0.1692913385826848582, -0.01181102362204812864, 0.1771653543307086798 ) ) ;
#3688 = ORIENTED_EDGE ( 'NONE', *, *, #2342, .F. ) ;
#3689 = AXIS2_PLACEMENT_3D ( 'NONE', #251, #1464, #29 ) ;
#3690 = ORIENTED_EDGE ( 'NONE', *, *, #3108, .F. ) ;
#3691 = CARTESIAN_POINT ( 'NONE',  ( -0.09055118110236103079, 0.05118110236219685499, 0.01574803149606299191 ) ) ;
#3692 = CARTESIAN_POINT ( 'NONE',  ( -0.07874015748030631368, 0.1141732283464484271, 0.2952755905511755818 ) ) ;
#3693 = VECTOR ( 'NONE', #3978, 39.37007874015748143 ) ;
#3694 = LINE ( 'NONE', #2155, #3952 ) ;
#3695 = ORIENTED_EDGE ( 'NONE', *, *, #1848, .F. ) ;
#3696 = VECTOR ( 'NONE', #3849, 39.37007874015748143 ) ;
#3697 = EDGE_CURVE ( 'NONE', #3388, #650, #3519, .T. ) ;
#3698 = CARTESIAN_POINT ( 'NONE',  ( -0.2401574803149515991, -0.03149606299212689281, 0.06889763779527559306 ) ) ;
#3699 = VECTOR ( 'NONE', #662, 39.37007874015748143 ) ;
#3700 = ORIENTED_EDGE ( 'NONE', *, *, #1284, .T. ) ;
#3701 = ORIENTED_EDGE ( 'NONE', *, *, #2631, .F. ) ;
#3702 = EDGE_CURVE ( 'NONE', #2023, #313, #3208, .T. ) ;
#3703 = ORIENTED_EDGE ( 'NONE', *, *, #2828, .F. ) ;
#3704 = EDGE_CURVE ( 'NONE', #1253, #2750, #3231, .T. ) ;
#3705 = ORIENTED_EDGE ( 'NONE', *, *, #1969, .F. ) ;
#3706 = DIRECTION ( 'NONE',  ( 0.000000000000000000, 0.000000000000000000, -1.000000000000000000 ) ) ;
#3707 = CYLINDRICAL_SURFACE ( 'NONE', #3167, 0.01574803149606125718 ) ;
#3708 = CARTESIAN_POINT ( 'NONE',  ( 0.2500000000000031641, -0.03149606299212689281, 0.1082677165354330728 ) ) ;
#3709 = CARTESIAN_POINT ( 'NONE',  ( -0.2342519685039330668, 0.1377952755905437199, 0.009842519685039369942 ) ) ;
#3710 = ORIENTED_EDGE ( 'NONE', *, *, #1291, .T. ) ;
#3711 = ORIENTED_EDGE ( 'NONE', *, *, #1228, .F. ) ;
#3712 = LINE ( 'NONE', #591, #2656 ) ;
#3713 = LINE ( 'NONE', #3399, #2119 ) ;
#3714 = DIRECTION ( 'NONE',  ( 1.000000000000000000, 2.135044278125170234E-14, 0.000000000000000000 ) ) ;
#3715 = VERTEX_POINT ( 'NONE', #1976 ) ;
#3716 = LINE ( 'NONE', #950, #3884 ) ;
#3717 = DIRECTION ( 'NONE',  ( 1.000000000000000000, 0.000000000000000000, 0.000000000000000000 ) ) ;
#3718 = ORIENTED_EDGE ( 'NONE', *, *, #2316, .T. ) ;
#3719 = ORIENTED_EDGE ( 'NONE', *, *, #415, .T. ) ;
#3720 = DIRECTION ( 'NONE',  ( -1.000000000000000000, 0.000000000000000000, 0.000000000000000000 ) ) ;
#3721 = ORIENTED_EDGE ( 'NONE', *, *, #2379, .F. ) ;
#3722 = EDGE_CURVE ( 'NONE', #501, #3406, #464, .T. ) ;
#3723 = ORIENTED_EDGE ( 'NONE', *, *, #2697, .F. ) ;
#3724 = LINE ( 'NONE', #1264, #34 ) ;
#3725 = DIRECTION ( 'NONE',  ( 0.000000000000000000, -0.06651901052380539137, -0.9977851578566068191 ) ) ;
#3726 = LINE ( 'NONE', #3686, #3542 ) ;
#3727 = PLANE ( 'NONE',  #1745 ) ;
#3728 = ADVANCED_FACE ( 'NONE', ( #2610 ), #2300, .T. ) ;
#3729 = DIRECTION ( 'NONE',  ( -1.000000000000000000, 0.000000000000000000, 0.000000000000000000 ) ) ;
#3730 = ORIENTED_EDGE ( 'NONE', *, *, #749, .T. ) ;
#3731 = LINE ( 'NONE', #1888, #2334 ) ;
#3732 = LINE ( 'NONE', #693, #3022 ) ;
#3733 = PLANE ( 'NONE',  #975 ) ;
#3734 = ORIENTED_EDGE ( 'NONE', *, *, #526, .F. ) ;
#3735 = FACE_OUTER_BOUND ( 'NONE', #2465, .T. ) ;
#3736 = ORIENTED_EDGE ( 'NONE', *, *, #3272, .T. ) ;
#3737 = VECTOR ( 'NONE', #2963, 39.37007874015748143 ) ;
#3738 = ORIENTED_EDGE ( 'NONE', *, *, #2339, .F. ) ;
#3739 = CARTESIAN_POINT ( 'NONE',  ( -0.1377952755905446913, 0.03149606299211815674, 0.1771653543307086798 ) ) ;
#3740 = ORIENTED_EDGE ( 'NONE', *, *, #3223, .F. ) ;
#3741 = VECTOR ( 'NONE', #2968, 39.37007874015748143 ) ;
#3742 = CARTESIAN_POINT ( 'NONE',  ( -0.009842519685033917706, -0.1437007874015747977, 0.08267716535433072833 ) ) ;
#3743 = EDGE_CURVE ( 'NONE', #2068, #830, #2054, .T. ) ;
#3744 = CARTESIAN_POINT ( 'NONE',  ( -0.2499999999999945044, -0.03149606299212689281, 0.05708661417322834220 ) ) ;
#3745 = DIRECTION ( 'NONE',  ( 1.000000000000000000, 0.000000000000000000, 0.000000000000000000 ) ) ;
#3746 = VECTOR ( 'NONE', #3063, 39.37007874015748143 ) ;
#3747 = FACE_OUTER_BOUND ( 'NONE', #638, .T. ) ;
#3748 = MECHANICAL_DESIGN_GEOMETRIC_PRESENTATION_REPRESENTATION (  '', ( #3475 ), #3094 ) ;
#3749 = CARTESIAN_POINT ( 'NONE',  ( 0.1377952755905535454, 0.03149606299211815674, 0.000000000000000000 ) ) ;
#3750 = ORIENTED_EDGE ( 'NONE', *, *, #41, .T. ) ;
#3751 = VECTOR ( 'NONE', #267, 39.37007874015748143 ) ;
#3752 = CARTESIAN_POINT ( 'NONE',  ( 0.06692913385826908257, 0.03149606299211815674, 0.1614173228346456879 ) ) ;
#3753 = EDGE_CURVE ( 'NONE', #3445, #752, #541, .T. ) ;
#3754 = DIRECTION ( 'NONE',  ( 0.000000000000000000, 0.000000000000000000, 1.000000000000000000 ) ) ;
#3755 = DIRECTION ( 'NONE',  ( 0.000000000000000000, 0.000000000000000000, 1.000000000000000000 ) ) ;
#3756 = VECTOR ( 'NONE', #289, 39.37007874015748143 ) ;
#3757 = ORIENTED_EDGE ( 'NONE', *, *, #1190, .T. ) ;
#3758 = EDGE_CURVE ( 'NONE', #853, #2503, #2684, .T. ) ;
#3759 = VECTOR ( 'NONE', #270, 39.37007874015748143 ) ;
#3760 = CYLINDRICAL_SURFACE ( 'NONE', #1612, 0.01181102362204594289 ) ;
#3761 = VECTOR ( 'NONE', #155, 39.37007874015748143 ) ;
#3762 = ORIENTED_EDGE ( 'NONE', *, *, #3083, .T. ) ;
#3763 = AXIS2_PLACEMENT_3D ( 'NONE', #2676, #846, #3924 ) ;
#3764 = ORIENTED_EDGE ( 'NONE', *, *, #2454, .T. ) ;
#3765 = LINE ( 'NONE', #2222, #1819 ) ;
#3766 = PLANE ( 'NONE',  #2717 ) ;
#3767 = CARTESIAN_POINT ( 'NONE',  ( 0.1673228346456726578, -0.1437007874015747977, 0.09448818897637795144 ) ) ;
#3768 = LINE ( 'NONE', #2242, #2069 ) ;
#3769 = VERTEX_POINT ( 'NONE', #1757 ) ;
#3770 = ADVANCED_FACE ( 'NONE', ( #282 ), #3932, .F. ) ;
#3771 = ORIENTED_EDGE ( 'NONE', *, *, #182, .T. ) ;
#3772 = CARTESIAN_POINT ( 'NONE',  ( -0.1692913385826771699, 0.000000000000000000, 0.01574803149606321048 ) ) ;
#3773 = DIRECTION ( 'NONE',  ( 0.000000000000000000, -0.06651901052381073431, 0.9977851578566064861 ) ) ;
#3774 = CARTESIAN_POINT ( 'NONE',  ( -0.1692913385826771699, 0.000000000000000000, 0.000000000000000000 ) ) ;
#3775 = ADVANCED_FACE ( 'NONE', ( #243 ), #2116, .T. ) ;
#3776 = VERTEX_POINT ( 'NONE', #3614 ) ;
#3777 = DIRECTION ( 'NONE',  ( 0.000000000000000000, 0.000000000000000000, -1.000000000000000000 ) ) ;
#3778 = DIRECTION ( 'NONE',  ( 0.000000000000000000, 0.000000000000000000, -1.000000000000000000 ) ) ;
#3779 = ORIENTED_EDGE ( 'NONE', *, *, #547, .F. ) ;
#3780 = ADVANCED_FACE ( 'NONE', ( #1197 ), #3050, .F. ) ;
#3781 = ORIENTED_EDGE ( 'NONE', *, *, #3509, .T. ) ;
#3782 = ORIENTED_EDGE ( 'NONE', *, *, #2681, .F. ) ;
#3783 = ORIENTED_EDGE ( 'NONE', *, *, #1301, .T. ) ;
#3784 = ORIENTED_EDGE ( 'NONE', *, *, #2113, .F. ) ;
#3785 = FACE_OUTER_BOUND ( 'NONE', #878, .T. ) ;
#3786 = DIRECTION ( 'NONE',  ( 0.000000000000000000, 0.000000000000000000, 1.000000000000000000 ) ) ;
#3787 = CARTESIAN_POINT ( 'NONE',  ( -0.2401574803149515991, -0.03149606299212689281, 0.1712598425196850405 ) ) ;
#3788 = DIRECTION ( 'NONE',  ( -1.000000000000000000, 0.000000000000000000, 0.000000000000000000 ) ) ;
#3789 = SURFACE_STYLE_FILL_AREA ( #707 ) ;
#3790 = ORIENTED_EDGE ( 'NONE', *, *, #1157, .T. ) ;
#3791 = CARTESIAN_POINT ( 'NONE',  ( 0.06692913385826908257, 0.07086614173227559488, 0.01574803149606299191 ) ) ;
#3792 = CARTESIAN_POINT ( 'NONE',  ( 0.1377952755905535454, 0.03149606299211815674, 0.1742125984251968462 ) ) ;
#3793 = DIRECTION ( 'NONE',  ( -1.000000000000000000, 0.000000000000000000, 0.000000000000000000 ) ) ;
#3794 = ORIENTED_EDGE ( 'NONE', *, *, #2034, .T. ) ;
#3795 = EDGE_CURVE ( 'NONE', #939, #3261, #3368, .T. ) ;
#3796 = CARTESIAN_POINT ( 'NONE',  ( 0.1377952755905535454, 0.000000000000000000, 0.002952755905511810983 ) ) ;
#3797 = DIRECTION ( 'NONE',  ( 1.000000000000000000, 0.000000000000000000, 0.000000000000000000 ) ) ;
#3798 = EDGE_LOOP ( 'NONE', ( #3657, #2062, #3384, #565 ) ) ;
#3799 = EDGE_CURVE ( 'NONE', #2584, #1363, #580, .T. ) ;
#3800 = DIRECTION ( 'NONE',  ( -1.000000000000000000, 0.000000000000000000, 0.000000000000000000 ) ) ;
#3801 = ORIENTED_EDGE ( 'NONE', *, *, #3392, .T. ) ;
#3802 = ORIENTED_EDGE ( 'NONE', *, *, #1733, .F. ) ;
#3803 = FACE_OUTER_BOUND ( 'NONE', #2526, .T. ) ;
#3804 = AXIS2_PLACEMENT_3D ( 'NONE', #1347, #1669, #1329 ) ;
#3805 = EDGE_CURVE ( 'NONE', #1067, #302, #2211, .T. ) ;
#3806 = LINE ( 'NONE', #1041, #222 ) ;
#3807 = CARTESIAN_POINT ( 'NONE',  ( 0.1200787401574889834, 0.1181102362204649731, 0.01574803149606299191 ) ) ;
#3808 = DIRECTION ( 'NONE',  ( 1.000000000000000000, 0.000000000000000000, 0.000000000000000000 ) ) ;
#3809 = CARTESIAN_POINT ( 'NONE',  ( -0.2244094488188905778, 0.1614173228346456879, 0.009842519685039369942 ) ) ;
#3810 = AXIS2_PLACEMENT_3D ( 'NONE', #805, #3293, #2953 ) ;
#3811 = ORIENTED_EDGE ( 'NONE', *, *, #1121, .T. ) ;
#3812 = LINE ( 'NONE', #1946, #1054 ) ;
#3813 = VECTOR ( 'NONE', #1395, 39.37007874015748143 ) ;
#3814 = AXIS2_PLACEMENT_3D ( 'NONE', #187, #3853, #2002 ) ;
#3815 = CARTESIAN_POINT ( 'NONE',  ( -0.2244094488188905778, 0.1523940915100234494, 0.009842519685039369942 ) ) ;
#3816 = FACE_OUTER_BOUND ( 'NONE', #1845, .T. ) ;
#3817 = VECTOR ( 'NONE', #3335, 39.37007874015748143 ) ;
#3818 = ORIENTED_EDGE ( 'NONE', *, *, #1979, .T. ) ;
#3819 = CARTESIAN_POINT ( 'NONE',  ( -0.1574803149606212593, -0.02362204724409515746, 0.1614173228346456879 ) ) ;
#3820 = DIRECTION ( 'NONE',  ( -1.000000000000000000, 0.000000000000000000, 0.000000000000000000 ) ) ;
#3821 = VECTOR ( 'NONE', #104, 39.37007874015748143 ) ;
#3822 = DIRECTION ( 'NONE',  ( 0.000000000000000000, -1.000000000000000000, 0.000000000000000000 ) ) ;
#3823 = EDGE_CURVE ( 'NONE', #2981, #2973, #1515, .T. ) ;
#3824 = ORIENTED_EDGE ( 'NONE', *, *, #3702, .T. ) ;
#3825 = VECTOR ( 'NONE', #2648, 39.37007874015748143 ) ;
#3826 = CARTESIAN_POINT ( 'NONE',  ( -0.1889763779527527665, 0.03149606299211815674, 0.1771653543307086798 ) ) ;
#3827 = CIRCLE ( 'NONE', #3893, 0.01574803149606340824 ) ;
#3828 = ORIENTED_EDGE ( 'NONE', *, *, #3370, .T. ) ;
#3829 = ADVANCED_FACE ( 'NONE', ( #3656 ), #894, .F. ) ;
#3830 = VECTOR ( 'NONE', #604, 39.37007874015748143 ) ;
#3831 = FACE_OUTER_BOUND ( 'NONE', #1269, .T. ) ;
#3832 = PLANE ( 'NONE',  #1175 ) ;
#3833 = CARTESIAN_POINT ( 'NONE',  ( 0.009842519685042657243, 0.000000000000000000, 0.08267716535433072833 ) ) ;
#3834 = LINE ( 'NONE', #1919, #2000 ) ;
#3835 = LINE ( 'NONE', #2287, #2903 ) ;
#3836 = ADVANCED_FACE ( 'NONE', ( #1776 ), #3006, .T. ) ;
#3837 = ORIENTED_EDGE ( 'NONE', *, *, #603, .T. ) ;
#3838 = DIRECTION ( 'NONE',  ( 0.000000000000000000, 1.000000000000000000, 0.000000000000000000 ) ) ;
#3839 = DIRECTION ( 'NONE',  ( -1.000000000000000000, 0.000000000000000000, 0.000000000000000000 ) ) ;
#3840 = CARTESIAN_POINT ( 'NONE',  ( -0.03937007874015315684, 0.03543307086613346757, 0.1614173228346456879 ) ) ;
#3841 = ORIENTED_EDGE ( 'NONE', *, *, #3446, .F. ) ;
#3842 = LINE ( 'NONE', #3201, #297 ) ;
#3843 = CARTESIAN_POINT ( 'NONE',  ( -0.2244094488188905778, 0.000000000000000000, 0.009842519685039369942 ) ) ;
#3844 = LINE ( 'NONE', #1693, #3284 ) ;
#3845 = ORIENTED_EDGE ( 'NONE', *, *, #2183, .T. ) ;
#3846 = LINE ( 'NONE', #1077, #2636 ) ;
#3847 = ORIENTED_EDGE ( 'NONE', *, *, #682, .T. ) ;
#3848 = APPLICATION_CONTEXT ( 'automotive_design' ) ;
#3849 = DIRECTION ( 'NONE',  ( 1.000000000000000000, 0.000000000000000000, 0.000000000000000000 ) ) ;
#3850 = ADVANCED_FACE ( 'NONE', ( #2439 ), #3637, .F. ) ;
#3851 = DIRECTION ( 'NONE',  ( 0.000000000000000000, 0.000000000000000000, 1.000000000000000000 ) ) ;
#3852 = PLANE ( 'NONE',  #2849 ) ;
#3853 = DIRECTION ( 'NONE',  ( -1.000000000000000000, 0.000000000000000000, 0.000000000000000000 ) ) ;
#3854 = ORIENTED_EDGE ( 'NONE', *, *, #2190, .T. ) ;
#3855 = FACE_OUTER_BOUND ( 'NONE', #2144, .T. ) ;
#3856 = EDGE_CURVE ( 'NONE', #1016, #263, #2099, .T. ) ;
#3857 = CARTESIAN_POINT ( 'NONE',  ( -0.2342519685039330668, 0.000000000000000000, 0.1673228346456692994 ) ) ;
#3858 = PLANE ( 'NONE',  #3287 ) ;
#3859 = ORIENTED_EDGE ( 'NONE', *, *, #3540, .F. ) ;
#3860 = EDGE_CURVE ( 'NONE', #571, #2548, #3630, .T. ) ;
#3861 = LINE ( 'NONE', #3796, #2117 ) ;
#3862 = LINE ( 'NONE', #1093, #2522 ) ;
#3863 = ORIENTED_EDGE ( 'NONE', *, *, #658, .T. ) ;
#3864 = CARTESIAN_POINT ( 'NONE',  ( 0.2342519685039417543, -0.03149606299212689281, 0.1082677165354330728 ) ) ;
#3865 = ORIENTED_EDGE ( 'NONE', *, *, #3979, .F. ) ;
#3866 = CARTESIAN_POINT ( 'NONE',  ( -0.2499999999999945044, -0.03149606299212689281, 0.1082677165354330728 ) ) ;
#3867 = CARTESIAN_POINT ( 'NONE',  ( -0.009842519685033917706, 0.000000000000000000, 0.1771653543307086798 ) ) ;
#3868 = CARTESIAN_POINT ( 'NONE',  ( -0.1692913385826771699, 0.000000000000000000, 2.048885995248196921E-16 ) ) ;
#3869 = VECTOR ( 'NONE', #1633, 39.37007874015748143 ) ;
#3870 = EDGE_CURVE ( 'NONE', #756, #3137, #3914, .T. ) ;
#3871 = ORIENTED_EDGE ( 'NONE', *, *, #3058, .F. ) ;
#3872 = CARTESIAN_POINT ( 'NONE',  ( -0.03937007874015315684, 0.03543307086613346757, 0.2952755905511810774 ) ) ;
#3873 = DIRECTION ( 'NONE',  ( -1.000000000000000000, 0.000000000000000000, 0.000000000000000000 ) ) ;
#3874 = VECTOR ( 'NONE', #1810, 39.37007874015748143 ) ;
#3875 = PLANE ( 'NONE',  #2390 ) ;
#3876 = VERTEX_POINT ( 'NONE', #2793 ) ;
#3877 = EDGE_CURVE ( 'NONE', #499, #1285, #2881, .T. ) ;
#3878 = ORIENTED_EDGE ( 'NONE', *, *, #261, .F. ) ;
#3879 = VECTOR ( 'NONE', #1554, 39.37007874015748143 ) ;
#3880 = APPLICATION_PROTOCOL_DEFINITION ( 'draft international standard', 'automotive_design', 1998, #2086 ) ;
#3881 = FACE_OUTER_BOUND ( 'NONE', #450, .T. ) ;
#3882 = CARTESIAN_POINT ( 'NONE',  ( -0.2342519685039330668, -0.03149606299212689281, 0.05708661417322834220 ) ) ;
#3883 = AXIS2_PLACEMENT_3D ( 'NONE', #2395, #2048, #1811 ) ;
#3884 = VECTOR ( 'NONE', #659, 39.37007874015748143 ) ;
#3885 = ADVANCED_FACE ( 'NONE', ( #2180 ), #1579, .F. ) ;
#3886 = VERTEX_POINT ( 'NONE', #3111 ) ;
#3887 = VECTOR ( 'NONE', #3788, 39.37007874015748143 ) ;
#3888 = CARTESIAN_POINT ( 'NONE',  ( 0.009842519685042657243, -0.1437007874015747977, 0.1771653543307086798 ) ) ;
#3889 = ORIENTED_EDGE ( 'NONE', *, *, #2365, .F. ) ;
#3890 = CIRCLE ( 'NONE', #416, 0.01181102362204724046 ) ;
#3891 = ORIENTED_EDGE ( 'NONE', *, *, #1666, .F. ) ;
#3892 = DIRECTION ( 'NONE',  ( 0.000000000000000000, 0.000000000000000000, -1.000000000000000000 ) ) ;
#3893 = AXIS2_PLACEMENT_3D ( 'NONE', #2838, #1341, #709 ) ;
#3894 = LINE ( 'NONE', #1439, #1865 ) ;
#3895 = PLANE ( 'NONE',  #1685 ) ;
#3896 = DIRECTION ( 'NONE',  ( 0.000000000000000000, -1.000000000000000000, 0.000000000000000000 ) ) ;
#3897 = AXIS2_PLACEMENT_3D ( 'NONE', #799, #1335, #1040 ) ;
#3898 = ORIENTED_EDGE ( 'NONE', *, *, #3547, .T. ) ;
#3899 = CARTESIAN_POINT ( 'NONE',  ( -0.2342519685039330668, -0.03149606299212689281, 0.1082677165354330728 ) ) ;
#3900 = CARTESIAN_POINT ( 'NONE',  ( -0.1377952755905446913, -0.01181102362204812864, 0.1771653543307086798 ) ) ;
#3901 = DIRECTION ( 'NONE',  ( 1.000000000000000000, 0.000000000000000000, 0.000000000000000000 ) ) ;
#3902 = EDGE_CURVE ( 'NONE', #555, #3602, #2899, .T. ) ;
#3903 = VERTEX_POINT ( 'NONE', #1053 ) ;
#3904 = ORIENTED_EDGE ( 'NONE', *, *, #2783, .T. ) ;
#3905 = APPLICATION_PROTOCOL_DEFINITION ( 'draft international standard', 'automotive_design', 1998, #3848 ) ;
#3906 = CARTESIAN_POINT ( 'NONE',  ( -0.1889763779527527665, 0.000000000000000000, 0.002952755905511810983 ) ) ;
#3907 = CYLINDRICAL_SURFACE ( 'NONE', #148, 0.01181102362204596024 ) ;
#3908 = EDGE_CURVE ( 'NONE', #3247, #2463, #40, .T. ) ;
#3909 = ORIENTED_EDGE ( 'NONE', *, *, #3902, .F. ) ;
#3910 = DIRECTION ( 'NONE',  ( 0.000000000000000000, 0.000000000000000000, 1.000000000000000000 ) ) ;
#3911 = EDGE_CURVE ( 'NONE', #2399, #3974, #2812, .T. ) ;
#3912 = ORIENTED_EDGE ( 'NONE', *, *, #842, .T. ) ;
#3913 = VERTEX_POINT ( 'NONE', #1237 ) ;
#3914 = LINE ( 'NONE', #3592, #2530 ) ;
#3915 = CARTESIAN_POINT ( 'NONE',  ( -0.2499999999999945044, -0.03149606299213452559, 0.009842519685039369942 ) ) ;
#3916 = DIRECTION ( 'NONE',  ( -1.000000000000000000, 0.000000000000000000, 0.000000000000000000 ) ) ;
#3917 = CARTESIAN_POINT ( 'NONE',  ( -0.2244094488188905778, 0.1377952755905437199, 0.01574803149606299191 ) ) ;
#3918 = ORIENTED_EDGE ( 'NONE', *, *, #2761, .F. ) ;
#3919 = LINE ( 'NONE', #2615, #480 ) ;
#3920 = LINE ( 'NONE', #1763, #2961 ) ;
#3921 = CARTESIAN_POINT ( 'NONE',  ( -0.06692913385826043671, 0.05118110236219685499, 0.01574803149606299191 ) ) ;
#3922 = ORIENTED_EDGE ( 'NONE', *, *, #2170, .F. ) ;
#3923 = ORIENTED_EDGE ( 'NONE', *, *, #275, .T. ) ;
#3924 = DIRECTION ( 'NONE',  ( 1.000000000000000000, 0.000000000000000000, 0.000000000000000000 ) ) ;
#3925 = CARTESIAN_POINT ( 'NONE',  ( -0.1496062992125907487, -0.01181102362204812864, 0.1771653543307086798 ) ) ;
#3926 = CARTESIAN_POINT ( 'NONE',  ( -0.1889763779527527665, 0.03149606299211815674, 0.1742125984251968462 ) ) ;
#3927 = ORIENTED_EDGE ( 'NONE', *, *, #15, .F. ) ;
#3928 = EDGE_CURVE ( 'NONE', #828, #600, #58, .T. ) ;
#3929 = ORIENTED_EDGE ( 'NONE', *, *, #2304, .F. ) ;
#3930 = ORIENTED_EDGE ( 'NONE', *, *, #310, .T. ) ;
#3931 = EDGE_CURVE ( 'NONE', #2382, #651, #1260, .T. ) ;
#3932 = PLANE ( 'NONE',  #2336 ) ;
#3933 = DIRECTION ( 'NONE',  ( 1.000000000000000000, 0.000000000000000000, 0.000000000000000000 ) ) ;
#3934 = EDGE_CURVE ( 'NONE', #2480, #2152, #3236, .T. ) ;
#3935 = ORIENTED_EDGE ( 'NONE', *, *, #3398, .F. ) ;
#3936 = CARTESIAN_POINT ( 'NONE',  ( -0.06692913385826043671, 0.09842519685038622623, 0.001968503937007873988 ) ) ;
#3937 = DIRECTION ( 'NONE',  ( 9.284449574024968172E-17, 0.000000000000000000, 1.000000000000000000 ) ) ;
#3938 = DIRECTION ( 'NONE',  ( 0.000000000000000000, 1.000000000000000000, 0.000000000000000000 ) ) ;
#3939 = PLANE ( 'NONE',  #2524 ) ;
#3940 = VERTEX_POINT ( 'NONE', #2603 ) ;
#3941 = EDGE_LOOP ( 'NONE', ( #366, #3847, #2619, #276 ) ) ;
#3942 = CARTESIAN_POINT ( 'NONE',  ( 0.1673228346456726578, 0.000000000000000000, 0.09448818897637795144 ) ) ;
#3943 = PRODUCT_CONTEXT ( 'NONE', #2086, 'mechanical' ) ;
#3944 = VECTOR ( 'NONE', #1006, 39.37007874015748143 ) ;
#3945 = DIRECTION ( 'NONE',  ( -1.000000000000000000, 0.000000000000000000, 0.000000000000000000 ) ) ;
#3946 = CARTESIAN_POINT ( 'NONE',  ( -0.1692913385826771699, -0.02362204724409515746, 0.1614173228346456879 ) ) ;
#3947 = VECTOR ( 'NONE', #3074, 39.37007874015748143 ) ;
#3948 = ORIENTED_EDGE ( 'NONE', *, *, #1313, .T. ) ;
#3949 = VECTOR ( 'NONE', #1272, 39.37007874015748143 ) ;
#3950 = ORIENTED_EDGE ( 'NONE', *, *, #502, .T. ) ;
#3951 = EDGE_CURVE ( 'NONE', #2489, #2710, #2766, .T. ) ;
#3952 = VECTOR ( 'NONE', #3381, 39.37007874015748143 ) ;
#3953 = DIRECTION ( 'NONE',  ( 0.000000000000000000, 0.000000000000000000, 1.000000000000000000 ) ) ;
#3954 = VECTOR ( 'NONE', #262, 39.37007874015748143 ) ;
#3955 = DIRECTION ( 'NONE',  ( 0.000000000000000000, 0.000000000000000000, 1.000000000000000000 ) ) ;
#3956 = EDGE_CURVE ( 'NONE', #2554, #1052, #3842, .T. ) ;
#3957 = ORIENTED_EDGE ( 'NONE', *, *, #2019, .F. ) ;
#3958 = AXIS2_PLACEMENT_3D ( 'NONE', #3473, #1627, #2228 ) ;
#3959 = CARTESIAN_POINT ( 'NONE',  ( -0.06574803149605669417, 0.1141732283464484271, 0.2822834645669291542 ) ) ;
#3960 = DIRECTION ( 'NONE',  ( 1.000000000000000000, 0.000000000000000000, -9.284449574024968172E-17 ) ) ;
#3961 = CARTESIAN_POINT ( 'NONE',  ( 0.2244094488188976555, 0.1377952755905437199, 0.01574803149606299191 ) ) ;
#3962 = CARTESIAN_POINT ( 'NONE',  ( -0.1692913385826771699, -0.02362204724409515746, 0.1614173228346456879 ) ) ;
#3963 = EDGE_CURVE ( 'NONE', #588, #249, #439, .T. ) ;
#3964 = ORIENTED_EDGE ( 'NONE', *, *, #91, .F. ) ;
#3965 = VECTOR ( 'NONE', #2129, 39.37007874015748143 ) ;
#3966 = VERTEX_POINT ( 'NONE', #3739 ) ;
#3967 = DIRECTION ( 'NONE',  ( 0.000000000000000000, -1.000000000000000000, 0.000000000000000000 ) ) ;
#3968 = CIRCLE ( 'NONE', #3112, 0.01181102362204596024 ) ;
#3969 = LINE ( 'NONE', #2093, #592 ) ;
#3970 = FACE_OUTER_BOUND ( 'NONE', #425, .T. ) ;
#3971 = UNCERTAINTY_MEASURE_WITH_UNIT (LENGTH_MEASURE( 1.000000000000000082E-05 ), #1534, 'distance_accuracy_value', 'NONE');
#3972 = ORIENTED_EDGE ( 'NONE', *, *, #294, .T. ) ;
#3973 = ORIENTED_EDGE ( 'NONE', *, *, #910, .F. ) ;
#3974 = VERTEX_POINT ( 'NONE', #456 ) ;
#3975 = DIRECTION ( 'NONE',  ( 0.000000000000000000, -0.9781955605990342306, -0.2076859292882911046 ) ) ;
#3976 = VERTEX_POINT ( 'NONE', #3819 ) ;
#3977 = ORIENTED_EDGE ( 'NONE', *, *, #2613, .T. ) ;
#3978 = DIRECTION ( 'NONE',  ( 0.000000000000000000, 0.000000000000000000, -1.000000000000000000 ) ) ;
#3979 = EDGE_CURVE ( 'NONE', #3357, #3268, #3068, .T. ) ;
#3980 = CARTESIAN_POINT ( 'NONE',  ( 0.06692913385826908257, 0.05118110236219685499, 0.01574803149606299191 ) ) ;
#3981 = CARTESIAN_POINT ( 'NONE',  ( -67.36615085194036112, -0.02362204724409515746, 0.000000000000000000 ) ) ;
#3982 = CARTESIAN_POINT ( 'NONE',  ( 0.09055118110236969053, 0.05118110236219685499, 0.01574803149606299191 ) ) ;
#3983 = VERTEX_POINT ( 'NONE', #1877 ) ;
#3984 = ORIENTED_EDGE ( 'NONE', *, *, #1549, .F. ) ;
#3985 = CARTESIAN_POINT ( 'NONE',  ( -0.06692913385826043671, 0.05118110236219685499, 0.01574803149606299191 ) ) ;
#3986 = EDGE_CURVE ( 'NONE', #3369, #972, #974, .T. ) ;
#3987 = LINE ( 'NONE', #2131, #271 ) ;
#3988 = CARTESIAN_POINT ( 'NONE',  ( -0.2401574803149515991, 0.03149606299211815674, 0.002952755905511810983 ) ) ;
#3989 = ORIENTED_EDGE ( 'NONE', *, *, #3540, .T. ) ;
#3990 = EDGE_CURVE ( 'NONE', #2939, #2317, #2275, .T. ) ;
#3991 = LINE ( 'NONE', #257, #3737 ) ;
#3992 = CARTESIAN_POINT ( 'NONE',  ( -0.2342519685039330668, 0.1535433070866141780, 0.1614173228346456879 ) ) ;
#3993 = ORIENTED_EDGE ( 'NONE', *, *, #1942, .F. ) ;
#3994 = VERTEX_POINT ( 'NONE', #3522 ) ;
#3995 = DIRECTION ( 'NONE',  ( 0.000000000000000000, 0.000000000000000000, 1.000000000000000000 ) ) ;
#3996 = ORIENTED_EDGE ( 'NONE', *, *, #3422, .F. ) ;
#3997 = ORIENTED_EDGE ( 'NONE', *, *, #1898, .F. ) ;
#3998 = CARTESIAN_POINT ( 'NONE',  ( 0.1692913385826848582, -7.649174382259940956E-15, 0.1771653543307086798 ) ) ;
#3999 = CARTESIAN_POINT ( 'NONE',  ( 0.2342519685039417543, -0.03149606299213452559, 0.009842519685039369942 ) ) ;
ENDSEC;
END-ISO-10303-21;
